{"type":"FeatureCollection","features":[{"type":"Feature","geometry":{"type":"Polygon","coordinates":[[[179.528,71.44],[156.042,77.47],[138.844,76.253],[96.197,81.267],[96.187,81.184],[95.984,81.211],[95.8,81.281],[95.16,81.281],[91.39,81.187],[90.07,81.214],[89.87,81.148],[65.361,81.068],[65.136,81.15],[64.92,81.28],[63.676,81.617],[63.782,81.65],[63.71,81.688],[63.049,81.71],[62.38,81.809],[59.364,81.862],[59.358,81.836],[58.134,81.828],[58.001,81.8],[57.988,81.862],[55.818,81.862],[50.383,81.428],[49.826,80.895],[49.244,80.821],[49.148,80.712],[49.193,80.656],[49.185,80.559],[49.088,80.516],[48.625,80.509],[48.403,80.569],[48.408,80.644],[48.683,80.633],[48.687,80.718],[48.446,80.806],[47.353,80.853],[46.799,80.755],[44.974,80.624],[44.97,80.645],[27.036,80.116],[26.861,80.16],[25.836,80.175],[24.786,80.301],[24.614,80.286],[24.297,80.36],[24.234,80.303],[23.953,80.305],[23.688,80.206],[23.115,80.187],[23.25,80.381],[23.315,80.425],[23.008,80.474],[22.451,80.402],[22.418,80.366],[22.446,80.308],[22.443,80.191],[22.376,80.089],[22.29,80.049],[21.696,80.159],[21.655,80.219],[21.549,80.243],[20.898,80.25],[20.359,80.401],[19.851,80.471],[19.614,80.462],[19.811,80.327],[19.751,80.227],[19.178,80.332],[19.157,80.302],[19.191,80.263],[19.355,80.185],[19.537,80.163],[19.343,80.116],[18.779,80.194],[17.958,80.15],[-27.034,83.377],[-28.484,83.435],[-28.992,83.505],[-30.703,83.594],[-32.984,83.599],[-33.837,83.53],[-34.668,83.571],[-36.607,83.537],[-36.69,83.48],[-36.804,83.466],[-37.723,83.498],[-38.071,83.412],[-38.541,83.415],[-38.75,83.371],[-38.761,83.485],[-69.859,83.132],[-69.864,83.108],[-70.871,83.098],[-71.424,83.021],[-70.94,82.902],[-72.069,83.106],[-72.812,83.081],[-73.331,82.999],[-73.441,82.946],[-73.442,82.905],[-73.234,82.844],[-72.659,82.722],[-73.272,82.772],[-73.703,82.852],[-74.198,82.989],[-74.414,83.013],[-75.745,83.047],[-77.125,83.008],[-76.908,82.919],[-75.565,82.609],[-76.009,82.535],[-76.146,82.55],[-76.421,82.671],[-77.479,82.883],[-79.887,82.938],[-80.155,82.911],[-79.642,82.785],[-78.749,82.679],[-80.076,82.706],[-81.01,82.779],[-81.178,82.745],[-80.809,82.587],[-81.58,82.643],[-82.117,82.629],[-82.122,82.602],[-81.681,82.519],[-82.269,82.465],[-82.451,82.427],[-82.448,82.395],[-81.997,82.278],[-81.468,82.192],[-80.13,82.028],[-79.629,81.933],[-79.425,81.854],[-80.153,81.978],[-82.537,82.247],[-82.709,82.229],[-82.747,82.197],[-82.328,82.092],[-82.356,82.066],[-82.633,82.077],[-83.01,82.142],[-83.591,82.326],[-84.368,82.374],[-84.897,82.449],[-85.276,82.405],[-85.795,82.292],[-86.615,82.219],[-86.581,82.187],[-85.311,82.044],[-85.045,81.983],[-85.645,81.953],[-86.158,82.026],[-86.627,82.051],[-86.834,82.034],[-86.999,81.992],[-87.018,81.959],[-87.404,82.054],[-88.063,82.097],[-88.567,82.061],[-89.381,81.917],[-90.49,81.877],[-90.942,81.827],[-91.424,81.744],[-91.648,81.684],[-91.684,81.636],[-91.292,81.571],[-90.627,81.656],[-89.822,81.635],[-90.609,81.43],[-90.304,81.401],[-88.978,81.541],[-88.479,81.565],[-87.597,81.526],[-88.622,81.501],[-89.427,81.387],[-89.674,81.329],[-89.209,81.25],[-89.947,81.173],[-89.981,81.124],[-89.623,81.032],[-87.275,81.081],[-86.623,81.123],[-85.403,81.285],[-84.941,81.286],[-85.81,81.123],[-86.477,81.036],[-87.389,80.988],[-88.413,81.0],[-89.263,80.914],[-89.144,80.854],[-88.922,80.805],[-87.712,80.656],[-87.33,80.67],[-86.233,80.95],[-85.781,81.035],[-83.289,81.148],[-83.349,81.103],[-85.246,80.988],[-86.252,80.79],[-86.603,80.664],[-86.615,80.63],[-86.25,80.566],[-85.726,80.581],[-85.307,80.526],[-84.418,80.527],[-84.077,80.556],[-83.401,80.714],[-82.222,80.773],[-82.884,80.577],[-82.368,80.561],[-81.301,80.627],[-80.134,80.764],[-79.761,80.842],[-79.545,80.909],[-79.402,81.037],[-79.198,81.118],[-78.734,81.151],[-77.973,81.331],[-76.885,81.43],[-78.287,81.168],[-78.629,81.044],[-78.716,80.951],[-78.551,80.921],[-76.85,80.878],[-78.386,80.784],[-79.629,80.648],[-80.051,80.529],[-80.98,80.445],[-82.536,80.376],[-82.987,80.323],[-82.961,80.278],[-82.681,80.175],[-81.01,79.693],[-80.125,79.669],[-80.476,79.606],[-81.038,79.614],[-81.688,79.686],[-82.677,79.993],[-83.724,80.229],[-84.056,80.262],[-86.307,80.319],[-86.499,80.258],[-86.614,80.123],[-86.494,80.018],[-86.421,79.845],[-86.147,79.743],[-85.674,79.702],[-85.679,79.615],[-86.007,79.479],[-86.18,79.605],[-86.337,79.635],[-86.649,79.646],[-86.925,79.591],[-87.295,79.58],[-87.144,79.662],[-86.977,79.894],[-87.202,80.043],[-87.922,80.098],[-87.626,80.187],[-87.63,80.302],[-87.675,80.372],[-88.125,80.43],[-88.525,80.418],[-88.644,80.387],[-88.663,80.348],[-88.613,80.256],[-88.381,80.225],[-88.2,80.112],[-88.858,80.166],[-89.198,80.263],[-89.218,80.289],[-89.147,80.36],[-89.204,80.407],[-89.134,80.44],[-89.235,80.511],[-89.525,80.539],[-89.862,80.498],[-90.643,80.594],[-90.637,80.655],[-90.683,80.688],[-91.273,80.85],[-91.755,81.049],[-91.998,81.185],[-92.212,81.244],[-93.333,81.364],[-94.179,81.339],[-94.233,81.315],[-94.195,81.241],[-93.407,81.209],[-93.235,81.155],[-93.236,81.129],[-93.345,81.085],[-93.826,81.106],[-94.52,81.031],[-94.981,81.05],[-95.27,81.001],[-95.515,80.838],[-94.788,80.751],[-94.596,80.641],[-93.928,80.559],[-94.893,80.571],[-95.025,80.647],[-95.226,80.686],[-95.927,80.721],[-96.133,80.692],[-96.152,80.554],[-95.549,80.367],[-96.112,80.38],[-96.335,80.353],[-96.394,80.315],[-96.308,80.267],[-96.026,80.222],[-95.646,80.231],[-95.405,80.135],[-94.59,80.202],[-94.262,80.195],[-94.583,80.141],[-94.611,80.056],[-94.646,80.049],[-95.782,80.067],[-96.773,80.136],[-96.846,80.116],[-98.963,80.169],[-98.979,80.102],[-99.803,80.14],[-100.053,80.093],[-100.126,80.001],[-100.233,79.957],[-103.62,79.375],[-103.624,79.342],[-105.388,79.324],[-105.515,79.242],[-105.571,79.164],[-105.571,79.061],[-105.631,79.005],[-110.393,78.793],[-110.4,78.755],[-110.878,78.735],[-111.709,78.575],[-112.641,78.5],[-113.15,78.408],[-113.282,78.353],[-113.78,77.946],[-113.783,77.905],[-114.28,78.004],[-114.331,78.078],[-115.03,77.967],[-116.32,77.576],[-116.327,77.537],[-116.835,77.529],[-117.04,77.465],[-117.03,77.432],[-116.704,77.38],[-116.795,77.347],[-117.149,77.361],[-117.279,77.313],[-118.005,77.381],[-119.09,77.305],[-120.311,76.904],[-120.485,76.793],[-121.102,76.661],[-121.614,76.441],[-122.365,76.401],[-122.506,76.358],[-156.411,71.399],[-177.504,71.208],[-177.532,71.263],[-177.584,71.281],[-178.439,71.541],[-179.112,71.596],[-180.0,71.538],[-180.0,90.0],[180.0,90.0],[180.0,71.538],[179.528,71.44]],[[18.162,80.288],[18.525,80.246],[18.742,80.301],[18.292,80.358],[18.162,80.288]]]},"properties":{"name":"Arctic Ocean","name_en":"Arctic Ocean","name_zh":"北冰洋","featurecla":"ocean","scalerank":0,"min_label":1,"max_label":6.5,"label":"ARCTIC OCEAN","wikidataid":"Q788"}},{"type":"Feature","geometry":{"type":"Polygon","coordinates":[[[-57.655,-61.973],[-57.738,-61.921],[-58.399,-61.938],[-58.683,-62.008],[-59.004,-62.21],[-58.819,-62.171],[-58.757,-62.205],[-58.977,-62.256],[-58.838,-62.302],[-59.06,-62.348],[-59.174,-62.302],[-59.382,-62.381],[-59.353,-62.413],[-59.389,-62.444],[-59.541,-62.442],[-60.003,-62.618],[-60.14,-62.548],[-60.576,-62.573],[-60.8,-62.475],[-60.838,-62.534],[-60.975,-62.592],[-61.152,-62.589],[-61.15,-62.634],[-61.064,-62.679],[-62.344,-62.918],[-62.615,-63.069],[-63.486,-64.26],[-63.683,-64.343],[-63.674,-64.421],[-63.916,-64.457],[-63.867,-64.51],[-64.171,-64.582],[-64.272,-64.697],[-63.804,-64.792],[-63.76,-65.033],[-64.038,-65.179],[-64.071,-65.278],[-64.051,-65.417],[-63.798,-65.481],[-63.818,-65.531],[-64.132,-65.571],[-64.214,-65.633],[-64.439,-65.64],[-64.39,-65.709],[-64.475,-65.781],[-64.647,-65.748],[-64.673,-65.814],[-64.653,-65.867],[-64.548,-65.9],[-64.514,-65.96],[-64.614,-66.019],[-64.999,-65.946],[-65.105,-65.958],[-65.267,-65.994],[-65.172,-66.117],[-65.617,-66.135],[-65.775,-66.288],[-65.776,-66.343],[-65.678,-66.403],[-65.718,-66.573],[-65.766,-66.625],[-65.954,-66.646],[-66.307,-66.592],[-66.503,-66.69],[-66.527,-66.741],[-66.465,-66.876],[-66.533,-66.979],[-66.472,-67.243],[-66.499,-67.289],[-66.61,-67.208],[-66.757,-67.233],[-66.836,-67.282],[-66.902,-67.256],[-66.886,-67.18],[-66.929,-67.144],[-66.955,-66.985],[-67.035,-66.945],[-67.16,-66.952],[-67.299,-67.071],[-67.441,-67.091],[-67.502,-67.137],[-67.708,-67.157],[-67.688,-67.147],[-67.949,-67.045],[-67.969,-66.982],[-67.932,-66.844],[-67.681,-66.709],[-67.711,-66.633],[-67.831,-66.624],[-68.336,-66.802],[-68.82,-67.234],[-69.083,-67.403],[-69.133,-67.453],[-69.137,-67.519],[-70.401,-68.796],[-71.391,-68.874],[-95.61,-72.175],[-95.609,-72.068],[-95.685,-72.057],[-95.907,-72.122],[-96.718,-72.256],[-96.979,-72.222],[-96.715,-72.132],[-96.298,-72.045],[-96.125,-71.896],[-96.383,-71.836],[-96.87,-71.851],[-97.089,-71.944],[-97.196,-72.091],[-97.345,-72.189],[-97.46,-72.188],[-97.582,-72.095],[-97.473,-72.0],[-97.585,-71.882],[-97.816,-71.919],[-97.923,-72.116],[-98.168,-72.123],[-98.176,-72.018],[-98.091,-71.913],[-98.189,-71.82],[-98.615,-71.764],[-98.965,-71.854],[-99.082,-71.933],[-99.254,-71.972],[-99.563,-71.945],[-99.735,-72.033],[-99.833,-72.046],[-100.085,-71.837],[-100.219,-71.833],[-102.128,-71.986],[-102.128,-71.939],[-180.0,-71.939],[-180.0,-60.533],[-45.938,-60.533],[-45.937,-60.62],[-45.78,-60.586],[-45.709,-60.646],[-45.398,-60.65],[-45.174,-60.733],[-45.228,-60.64],[-45.611,-60.533],[180.0,-60.533],[180.0,-71.939],[170.73,-71.939],[170.859,-71.869],[170.78,-71.745],[170.436,-71.419],[170.277,-71.444],[170.251,-71.569],[170.162,-71.631],[168.798,-71.275],[168.173,-71.183],[167.966,-71.092],[167.799,-70.925],[167.569,-70.81],[166.627,-70.664],[165.854,-70.645],[164.403,-70.51],[163.998,-70.636],[163.349,-70.621],[163.026,-70.501],[162.675,-70.304],[162.216,-70.334],[162.022,-70.44],[162.039,-70.625],[162.287,-70.969],[162.278,-71.022],[162.19,-71.04],[161.916,-70.907],[161.625,-70.916],[161.425,-70.827],[161.037,-70.317],[160.652,-70.081],[160.21,-69.975],[160.126,-69.84],[160.126,-69.734],[159.784,-69.522],[158.433,-69.3],[158.158,-69.209],[157.933,-69.181],[157.481,-69.309],[157.046,-69.176],[156.488,-69.183],[156.011,-69.078],[155.52,-69.024],[154.987,-68.841],[154.2,-68.418],[153.908,-68.323],[153.784,-68.35],[153.767,-68.641],[153.705,-68.729],[153.082,-68.857],[152.814,-68.768],[152.546,-68.73],[151.562,-68.694],[151.289,-68.817],[151.139,-68.764],[151.068,-68.385],[150.936,-68.358],[150.342,-68.436],[148.881,-68.431],[148.456,-68.467],[147.569,-68.375],[147.094,-68.369],[146.798,-68.274],[146.878,-68.191],[146.897,-68.12],[146.828,-67.965],[145.975,-67.624],[145.556,-67.591],[145.128,-67.626],[144.879,-67.721],[144.404,-67.794],[144.189,-67.9],[143.977,-67.865],[143.942,-67.794],[144.154,-67.644],[144.259,-67.479],[144.516,-67.282],[144.621,-67.141],[144.55,-67.035],[144.348,-67.018],[144.118,-67.088],[143.911,-67.091],[143.863,-66.938],[143.73,-66.877],[143.448,-66.877],[142.888,-67.0],[142.687,-67.013],[142.326,-66.949],[141.973,-66.807],[141.517,-66.794],[141.286,-66.832],[140.902,-66.752],[139.9,-66.715],[139.242,-66.574],[138.377,-66.541],[138.271,-66.564],[137.754,-66.407],[137.336,-66.346],[136.889,-66.339],[136.739,-66.408],[136.553,-66.439],[136.194,-66.292],[135.352,-66.127],[134.971,-66.33],[134.77,-66.353],[134.398,-66.48],[134.289,-66.477],[134.179,-66.277],[133.843,-66.154],[133.444,-66.082],[133.149,-66.095],[132.874,-66.178],[132.32,-66.165],[131.831,-66.236],[130.952,-66.191],[126.424,-66.462],[125.866,-66.364],[125.398,-66.425],[125.095,-66.641],[124.822,-66.695],[124.598,-66.708],[124.196,-66.601],[123.969,-66.608],[123.222,-66.745],[122.183,-66.86],[121.488,-67.091],[119.133,-67.371],[118.922,-67.319],[119.281,-67.199],[120.375,-66.984],[120.187,-66.966],[119.768,-66.991],[118.714,-67.172],[118.139,-67.082],[117.745,-67.128],[117.132,-67.114],[116.924,-67.055],[116.714,-67.047],[116.509,-67.108],[115.885,-67.202],[115.384,-67.238],[114.926,-67.357],[114.027,-67.441],[113.912,-67.368],[113.991,-67.212],[114.571,-67.108],[115.274,-67.028],[115.442,-66.958],[115.635,-66.771],[115.31,-66.561],[115.082,-66.493],[114.619,-66.468],[114.337,-66.36],[113.955,-66.061],[113.71,-65.929],[113.099,-65.8],[112.965,-65.811],[108.876,-64.047],[99.501,-63.155],[92.636,-63.32],[85.419,-65.073],[83.739,-67.352],[83.494,-67.441],[83.304,-67.603],[82.607,-67.613],[82.273,-67.691],[82.017,-67.69],[79.139,-68.152],[69.58,-67.785],[69.416,-67.743],[69.167,-67.825],[68.9,-67.862],[68.328,-67.889],[67.175,-67.768],[66.488,-67.766],[65.707,-67.716],[64.574,-67.621],[63.699,-67.508],[63.238,-67.527],[62.688,-67.648],[62.174,-67.576],[61.309,-67.54],[60.482,-67.385],[59.867,-67.403],[59.65,-67.459],[59.251,-67.485],[58.738,-67.23],[57.627,-67.014],[57.361,-67.053],[56.76,-67.073],[56.155,-67.264],[55.803,-67.199],[56.391,-66.974],[56.48,-66.859],[56.453,-66.78],[56.146,-66.626],[56.294,-66.604],[56.824,-66.713],[56.987,-66.705],[57.186,-66.613],[57.0,-66.475],[56.86,-66.424],[56.362,-66.373],[55.71,-66.08],[55.291,-65.954],[53.672,-65.858],[52.955,-65.945],[51.884,-66.02],[50.937,-66.316],[50.588,-66.356],[50.332,-66.445],[50.245,-66.604],[50.306,-66.753],[50.521,-66.82],[50.509,-66.938],[50.606,-67.15],[50.553,-67.194],[50.006,-67.175],[49.247,-66.942],[48.83,-66.938],[48.465,-67.043],[48.598,-67.171],[48.714,-67.217],[48.923,-67.2],[49.22,-67.227],[49.053,-67.352],[48.631,-67.521],[48.648,-67.794],[48.551,-67.926],[48.374,-67.988],[48.322,-67.917],[48.322,-67.785],[48.21,-67.699],[47.958,-67.66],[47.49,-67.728],[47.117,-67.572],[47.231,-67.468],[47.403,-67.409],[47.352,-67.362],[47.154,-67.357],[46.884,-67.275],[46.56,-67.268],[46.454,-67.304],[46.318,-67.402],[46.32,-67.477],[46.437,-67.533],[46.399,-67.617],[45.888,-67.66],[45.569,-67.736],[45.197,-67.731],[44.989,-67.769],[44.7,-67.904],[44.373,-67.961],[42.961,-68.095],[42.82,-68.123],[42.409,-68.352],[41.357,-68.515],[41.133,-68.575],[40.817,-68.723],[34.201,-68.729],[34.193,-68.702],[33.854,-68.683],[33.122,-68.689],[32.776,-68.783],[32.642,-68.869],[32.568,-69.074],[32.903,-69.378],[32.976,-69.517],[32.989,-69.624],[32.81,-69.909],[32.621,-70.001],[31.379,-70.226],[30.003,-70.3],[29.464,-70.406],[28.912,-70.583],[27.698,-70.772],[27.207,-70.911],[26.499,-71.019],[25.974,-71.037],[25.187,-70.971],[24.757,-70.892],[24.386,-70.705],[24.386,-70.537],[24.236,-70.448],[24.024,-70.414],[23.804,-70.405],[23.665,-70.575],[23.407,-70.723],[23.15,-70.796],[22.979,-70.81],[22.278,-70.696],[22.234,-70.643],[22.397,-70.561],[22.366,-70.475],[21.962,-70.3],[21.705,-70.258],[21.337,-70.495],[21.071,-70.843],[20.128,-70.918],[19.409,-70.917],[19.265,-70.902],[19.026,-70.674],[19.132,-70.492],[19.196,-70.293],[19.009,-70.212],[18.877,-70.201],[18.433,-70.29],[18.351,-70.416],[18.232,-70.518],[18.125,-70.54],[16.709,-70.397],[16.585,-70.204],[16.381,-70.145],[16.025,-70.193],[15.807,-70.324],[14.492,-70.3],[13.822,-70.343],[13.298,-70.229],[13.066,-70.054],[12.626,-70.066],[12.595,-70.117],[12.865,-70.162],[12.929,-70.213],[12.461,-70.37],[12.068,-70.617],[11.833,-70.736],[11.701,-70.766],[10.969,-70.688],[10.218,-70.508],[9.886,-70.403],[9.614,-70.269],[9.141,-70.184],[8.818,-70.391],[8.523,-70.474],[7.677,-70.356],[7.401,-70.494],[6.508,-70.587],[5.113,-70.656],[3.507,-70.844],[2.609,-70.9],[1.909,-71.004],[0.538,-71.274],[0.154,-71.398],[-0.327,-71.642],[-0.543,-71.713],[-0.76,-71.63],[-0.84,-71.54],[-0.896,-71.349],[-1.068,-71.265],[-1.216,-71.284],[-1.354,-71.387],[-2.014,-71.433],[-2.262,-71.357],[-2.61,-71.321],[-3.713,-71.374],[-4.45,-71.328],[-6.118,-71.326],[-6.127,-71.265],[-6.081,-71.154],[-5.709,-70.968],[-5.588,-70.857],[-5.695,-70.745],[-5.936,-70.712],[-6.838,-70.844],[-7.388,-70.787],[-7.753,-70.843],[-7.855,-70.884],[-7.873,-70.941],[-7.618,-71.122],[-7.59,-71.224],[-7.669,-71.324],[-7.714,-71.546],[-7.916,-71.635],[-8.498,-71.675],[-8.646,-71.673],[-8.966,-71.361],[-9.231,-71.174],[-9.888,-71.027],[-10.098,-70.926],[-10.27,-70.936],[-10.36,-70.982],[-10.331,-71.024],[-10.122,-71.061],[-10.039,-71.133],[-61.066,-71.133],[-61.251,-71.002],[-61.313,-70.868],[-61.702,-70.857],[-61.961,-70.901],[-62.04,-70.801],[-61.994,-70.729],[-61.696,-70.676],[-61.492,-70.57],[-61.505,-70.491],[-62.001,-70.497],[-62.378,-70.365],[-62.331,-70.279],[-62.218,-70.233],[-62.014,-70.279],[-61.935,-70.2],[-61.961,-70.12],[-62.202,-70.028],[-62.407,-69.827],[-62.451,-69.584],[-62.587,-69.477],[-62.994,-69.329],[-63.456,-69.042],[-63.478,-68.951],[-63.344,-68.811],[-63.747,-68.705],[-63.773,-68.632],[-63.347,-68.5],[-63.115,-68.47],[-62.98,-68.486],[-62.933,-68.442],[-63.217,-68.419],[-63.797,-68.47],[-64.169,-68.583],[-64.157,-68.687],[-64.078,-68.771],[-64.429,-68.746],[-65.158,-68.618],[-65.242,-68.583],[-64.996,-68.408],[-65.089,-68.37],[-65.452,-68.337],[-65.365,-68.287],[-64.896,-68.168],[-64.83,-68.128],[-64.885,-68.057],[-65.218,-68.14],[-65.639,-68.131],[-65.469,-68.009],[-65.6,-67.876],[-65.574,-67.788],[-65.418,-67.66],[-65.504,-67.528],[-65.503,-67.377],[-65.443,-67.326],[-65.35,-67.311],[-65.249,-67.342],[-64.819,-67.307],[-64.858,-67.243],[-65.027,-67.214],[-64.786,-67.124],[-64.854,-67.105],[-64.878,-67.025],[-64.793,-66.972],[-64.686,-66.806],[-64.607,-66.8],[-64.554,-66.852],[-64.401,-66.853],[-64.043,-66.927],[-63.84,-66.912],[-63.755,-66.873],[-63.809,-66.761],[-64.078,-66.654],[-63.755,-66.409],[-63.654,-66.383],[-63.752,-66.278],[-63.587,-66.242],[-63.258,-66.264],[-63.18,-66.353],[-62.997,-66.453],[-62.705,-66.68],[-62.537,-66.707],[-62.543,-66.621],[-62.655,-66.556],[-62.616,-66.436],[-62.651,-66.364],[-62.755,-66.31],[-62.682,-66.237],[-62.117,-66.209],[-61.875,-66.296],[-61.842,-66.403],[-61.756,-66.429],[-61.676,-66.249],[-61.526,-66.226],[-61.432,-66.145],[-61.15,-66.212],[-61.134,-66.29],[-61.029,-66.337],[-60.903,-66.191],[-61.009,-66.11],[-60.956,-66.072],[-60.857,-66.065],[-60.744,-66.105],[-60.566,-65.98],[-60.619,-65.933],[-60.913,-65.921],[-61.039,-65.992],[-61.266,-65.98],[-61.359,-66.059],[-61.839,-66.119],[-62.005,-66.113],[-62.169,-66.031],[-62.293,-65.917],[-62.305,-65.84],[-61.991,-65.589],[-61.756,-65.57],[-61.796,-65.523],[-62.054,-65.457],[-62.145,-65.332],[-61.948,-65.192],[-61.856,-65.236],[-61.664,-65.239],[-61.577,-65.186],[-61.736,-65.033],[-61.703,-64.987],[-61.332,-65.024],[-61.06,-64.981],[-60.66,-64.729],[-60.394,-64.61],[-60.341,-64.551],[-60.242,-64.547],[-59.963,-64.431],[-59.765,-64.451],[-59.734,-64.559],[-59.646,-64.584],[-59.573,-64.531],[-59.612,-64.44],[-59.547,-64.359],[-59.461,-64.346],[-59.229,-64.443],[-59.051,-64.451],[-58.892,-64.538],[-58.786,-64.524],[-58.806,-64.445],[-58.896,-64.389],[-58.905,-64.352],[-58.819,-64.339],[-58.799,-64.293],[-59.047,-64.234],[-59.005,-64.195],[-58.839,-64.187],[-58.532,-63.915],[-58.263,-63.763],[-57.857,-63.657],[-57.582,-63.547],[-57.284,-63.49],[-57.153,-63.479],[-57.097,-63.524],[-57.153,-63.572],[-57.119,-63.638],[-56.835,-63.631],[-56.782,-63.572],[-56.928,-63.506],[-57.077,-63.262],[-57.168,-63.235],[-56.378,-63.438],[-55.831,-63.298],[-55.157,-63.353],[-55.075,-63.324],[-54.184,-61.269],[-54.71,-61.14],[-54.671,-61.117],[-55.387,-61.073],[-55.369,-61.146],[-55.075,-61.177],[-57.423,-61.93],[-57.655,-61.973]],[[164.692,-67.56],[164.833,-67.541],[164.919,-67.448],[164.825,-67.326],[164.684,-67.259],[164.696,-67.408],[164.639,-67.5],[164.692,-67.56]],[[162.297,-66.303],[162.326,-66.347],[162.303,-66.4],[162.511,-66.52],[162.557,-66.525],[162.611,-66.478],[162.31,-66.251],[162.297,-66.303]],[[48.638,-66.701],[48.301,-66.724],[48.305,-66.798],[48.786,-66.768],[48.782,-66.731],[48.638,-66.701]],[[26.426,-70.061],[26.301,-70.073],[25.983,-70.2],[25.954,-70.262],[26.006,-70.373],[26.47,-70.448],[26.609,-70.412],[26.793,-70.419],[26.857,-70.381],[26.875,-70.33],[26.686,-70.115],[26.426,-70.061]],[[16.247,-69.705],[15.699,-69.773],[15.597,-69.828],[15.571,-69.885],[15.663,-69.955],[16.159,-70.072],[16.315,-69.845],[16.625,-69.75],[16.574,-69.723],[16.247,-69.705]],[[4.07,-70.29],[4.18,-70.451],[4.365,-70.502],[4.526,-70.479],[4.618,-70.369],[4.586,-70.294],[4.495,-70.252],[4.256,-70.241],[4.112,-70.267],[4.07,-70.29]],[[3.193,-70.393],[3.072,-70.382],[2.585,-70.535],[2.623,-70.593],[2.698,-70.624],[3.037,-70.597],[3.221,-70.519],[3.26,-70.449],[3.193,-70.393]],[[1.413,-70.041],[1.315,-70.023],[1.027,-70.05],[0.949,-70.094],[0.953,-70.169],[1.156,-70.378],[1.211,-70.381],[1.299,-70.255],[1.461,-70.136],[1.413,-70.041]],[[-3.575,-70.703],[-3.007,-70.852],[-2.963,-70.941],[-2.801,-70.982],[-2.825,-71.113],[-2.783,-71.168],[-2.607,-71.141],[-2.369,-71.044],[-2.092,-70.821],[-2.423,-70.8],[-2.75,-70.694],[-3.04,-70.674],[-3.575,-70.703]],[[-3.49,-70.508],[-3.442,-70.536],[-2.738,-70.507],[-2.683,-70.462],[-2.684,-70.376],[-2.713,-70.32],[-2.805,-70.289],[-3.173,-70.307],[-3.288,-70.344],[-3.49,-70.508]],[[-2.955,-71.214],[-3.263,-71.052],[-3.399,-71.062],[-3.404,-71.12],[-3.309,-71.201],[-3.201,-71.23],[-2.955,-71.214]],[[-6.438,-70.453],[-6.156,-70.611],[-5.894,-70.552],[-5.972,-70.421],[-6.068,-70.405],[-6.438,-70.453]],[[-56.21,-63.437],[-56.235,-63.469],[-56.178,-63.513],[-55.957,-63.58],[-55.719,-63.492],[-55.762,-63.422],[-55.858,-63.407],[-56.21,-63.437]],[[-56.895,-64.333],[-57.446,-64.46],[-57.433,-64.54],[-57.24,-64.567],[-56.991,-64.468],[-56.895,-64.333]],[[-57.78,-63.868],[-57.831,-63.804],[-57.926,-63.806],[-58.275,-63.916],[-58.438,-64.113],[-58.398,-64.135],[-58.147,-64.097],[-58.162,-64.161],[-58.138,-64.206],[-58.02,-64.242],[-58.304,-64.314],[-58.214,-64.37],[-57.971,-64.32],[-57.921,-64.331],[-57.952,-64.394],[-57.91,-64.41],[-57.872,-64.401],[-57.823,-64.302],[-57.703,-64.293],[-57.671,-64.311],[-57.683,-64.357],[-57.295,-64.367],[-57.414,-64.296],[-57.328,-64.238],[-57.222,-64.221],[-57.273,-64.166],[-57.249,-64.097],[-57.517,-64.011],[-57.48,-63.961],[-57.593,-63.967],[-57.774,-64.061],[-57.846,-64.054],[-57.78,-63.868]],[[-59.661,-62.354],[-59.62,-62.394],[-59.62,-62.394],[-59.661,-62.354]],[[-60.488,-70.647],[-60.449,-70.603],[-60.452,-70.544],[-60.553,-70.509],[-60.884,-70.518],[-60.942,-70.533],[-60.976,-70.599],[-60.896,-70.69],[-60.826,-70.71],[-60.488,-70.647]],[[-60.79,-71.041],[-60.552,-71.053],[-60.516,-70.999],[-60.613,-70.92],[-60.783,-70.914],[-60.947,-70.968],[-60.79,-71.041]],[[-62.172,-69.637],[-62.085,-69.729],[-61.998,-69.722],[-61.908,-69.587],[-61.911,-69.533],[-61.807,-69.514],[-61.784,-69.442],[-61.816,-69.376],[-62.239,-69.176],[-62.442,-69.146],[-62.567,-69.181],[-62.496,-69.288],[-62.216,-69.495],[-62.172,-69.637]],[[-65.669,-65.653],[-65.637,-65.548],[-65.833,-65.527],[-65.968,-65.571],[-66.0,-65.633],[-66.067,-65.666],[-66.049,-65.745],[-66.154,-65.774],[-66.175,-65.866],[-66.064,-65.881],[-65.845,-65.843],[-65.814,-65.686],[-65.669,-65.653]],[[-66.779,-66.111],[-66.791,-66.234],[-66.867,-66.275],[-66.85,-66.306],[-66.595,-66.201],[-66.623,-66.134],[-66.575,-66.082],[-66.631,-66.067],[-66.779,-66.111]],[[-67.593,-66.876],[-67.362,-66.895],[-67.257,-66.841],[-67.332,-66.753],[-67.426,-66.737],[-67.511,-66.756],[-67.499,-66.804],[-67.593,-66.876]]]},"properties":{"name":"SOUTHERN OCEAN","name_en":"Southern Ocean","name_zh":"南冰洋","featurecla":"ocean","scalerank":0,"min_label":1,"max_label":6.5,"label":"SOUTHERN OCEAN","wikidataid":"Q7354"}},{"type":"Feature","geometry":{"type":"Polygon","coordinates":[[[-24.021,64.872],[-23.933,64.779],[-23.819,64.739],[-23.347,64.825],[-22.467,64.795],[-22.248,64.727],[-22.325,64.625],[-22.254,64.572],[-22.106,64.533],[-21.675,64.648],[-21.59,64.627],[-21.95,64.515],[-22.004,64.452],[-22.0,64.413],[-21.901,64.392],[-22.053,64.314],[-21.951,64.314],[-21.647,64.398],[-21.463,64.379],[-21.669,64.349],[-21.866,64.181],[-22.057,64.072],[-22.188,64.039],[-22.51,63.992],[-22.701,64.083],[-22.743,64.019],[-22.652,63.828],[-21.449,63.858],[-21.246,63.936],[-21.106,63.94],[-21.156,63.907],[-21.136,63.888],[-20.879,63.804],[-20.73,63.793],[-20.727,63.766],[-20.651,63.738],[-20.414,63.805],[-20.363,63.765],[-20.47,63.748],[-20.494,63.687],[-20.198,63.556],[-19.779,63.537],[-19.25,63.442],[-18.654,63.407],[-18.222,63.473],[-18.252,63.53],[-18.08,63.496],[-17.947,63.536],[-17.88,63.59],[-17.915,63.637],[-17.816,63.713],[-16.641,63.866],[-16.468,63.917],[-16.061,64.111],[-15.833,64.177],[-15.256,64.297],[-14.927,64.32],[-14.475,64.494],[-14.417,64.583],[-14.465,64.636],[-14.375,64.677],[-14.385,64.745],[-14.135,64.715],[-13.952,64.784],[-13.853,64.862],[-7.401,62.108],[-7.422,62.14],[-7.235,62.151],[-7.097,62.1],[-7.065,62.073],[-7.117,62.047],[-7.298,62.056],[-6.645,61.693],[-1.564,60.505],[-1.45,60.468],[-1.375,60.333],[-1.664,60.283],[-1.641,60.237],[-1.499,60.222],[-1.482,60.173],[-1.323,60.189],[-1.291,60.154],[-1.276,60.114],[-1.356,59.911],[-1.307,59.883],[-1.4,59.747],[-1.65,59.497],[-2.451,59.258],[-2.691,58.946],[-3.052,58.631],[-3.259,58.65],[-4.433,58.513],[-4.492,58.568],[-4.715,58.51],[-4.809,58.573],[-4.925,58.588],[-6.238,58.503],[-6.776,58.302],[-6.727,58.189],[-6.886,58.182],[-7.028,58.222],[-7.085,58.182],[-7.089,58.095],[-6.985,58.051],[-7.057,58.003],[-6.857,57.924],[-7.083,57.814],[-7.032,57.776],[-7.166,57.663],[-7.206,57.683],[-7.47,57.653],[-7.516,57.616],[-7.312,57.534],[-7.336,57.383],[-7.411,57.381],[-7.416,57.192],[-7.353,57.118],[-7.453,57.018],[-7.399,56.983],[-7.535,56.959],[-8.245,55.149],[-8.394,55.02],[-8.411,54.965],[-8.377,54.889],[-8.538,54.783],[-8.715,54.732],[-8.764,54.681],[-8.456,54.61],[-8.134,54.641],[-8.231,54.507],[-8.554,54.404],[-8.623,54.347],[-8.545,54.241],[-8.588,54.231],[-9.003,54.288],[-9.146,54.209],[-9.315,54.298],[-9.562,54.308],[-9.824,54.269],[-9.996,54.276],[-10.089,54.216],[-10.093,54.156],[-9.977,54.187],[-9.934,54.075],[-9.857,54.095],[-9.856,54.004],[-9.914,53.864],[-9.579,53.88],[-9.578,53.805],[-9.902,53.727],[-9.91,53.658],[-9.721,53.605],[-10.117,53.549],[-10.055,53.478],[-10.091,53.413],[-9.795,53.395],[-9.876,53.343],[-9.825,53.32],[-9.626,53.335],[-9.514,53.238],[-9.14,53.251],[-8.93,53.207],[-9.027,53.153],[-9.299,53.098],[-9.462,52.947],[-9.394,52.896],[-9.465,52.823],[-9.916,52.57],[-9.765,52.58],[-9.561,52.654],[-9.394,52.617],[-9.176,52.635],[-8.99,52.755],[-8.783,52.68],[-9.632,52.547],[-9.906,52.404],[-9.853,52.375],[-9.841,52.291],[-9.772,52.25],[-9.937,52.238],[-10.132,52.282],[-10.357,52.207],[-10.39,52.135],[-9.91,52.123],[-9.946,52.08],[-10.232,51.974],[-10.379,51.869],[-10.341,51.799],[-10.242,51.812],[-10.212,51.784],[-10.084,51.771],[-9.599,51.874],[-9.75,51.825],[-10.069,51.656],[-10.121,51.601],[-9.58,51.689],[-9.525,51.681],[-9.711,51.604],[-9.835,51.483],[-9.737,51.474],[-9.463,51.529],[-9.296,51.498],[-8.814,51.585],[-8.734,51.636],[-8.408,51.712],[-8.349,51.739],[-8.336,51.793],[-8.347,51.848],[-8.409,51.889],[-8.29,51.891],[-8.145,51.813],[-8.058,51.826],[-7.872,51.935],[-7.625,51.993],[-7.527,52.099],[-7.003,52.166],[-6.966,52.249],[-6.89,52.159],[-6.782,52.21],[-6.619,52.199],[-5.706,50.112],[-6.571,49.742],[-5.883,48.472],[-7.998,43.695],[-8.257,43.58],[-8.289,43.539],[-8.249,43.439],[-8.537,43.337],[-8.873,43.335],[-9.178,43.174],[-9.235,43.036],[-9.235,42.977],[-9.127,42.865],[-9.042,42.814],[-8.927,42.799],[-9.035,42.663],[-9.033,42.594],[-8.812,42.64],[-8.812,42.47],[-8.73,42.412],[-8.81,42.334],[-8.816,42.285],[-8.691,42.274],[-8.887,42.105],[-8.878,41.947],[-8.777,41.941],[-8.878,41.832],[-8.888,41.765],[-8.846,41.705],[-8.755,41.698],[-8.811,41.652],[-8.806,41.56],[-8.655,41.03],[-8.685,40.753],[-8.772,40.606],[-8.872,40.259],[-8.887,40.18],[-8.838,40.116],[-9.148,39.543],[-9.375,39.338],[-9.353,39.248],[-9.414,39.112],[-9.48,38.799],[-9.474,38.731],[-9.357,38.698],[-9.136,38.743],[-8.954,39.016],[-8.791,39.078],[-8.938,38.998],[-9.0,38.903],[-8.977,38.803],[-9.022,38.747],[-9.093,38.696],[-9.25,38.657],[-9.203,38.539],[-9.213,38.448],[-8.799,38.518],[-8.668,38.424],[-8.881,38.447],[-8.811,38.3],[-8.802,38.184],[-8.879,37.959],[-8.823,37.872],[-8.792,37.733],[-8.814,37.431],[-8.998,37.032],[-8.935,37.016],[-8.849,37.076],[-8.739,37.075],[-8.598,37.121],[-8.137,37.077],[-7.939,37.005],[-7.834,37.006],[-7.493,37.168],[-7.175,37.209],[-6.975,37.198],[-6.864,37.279],[-6.885,37.194],[-6.492,36.954],[-6.396,36.832],[-6.321,36.908],[-6.217,36.914],[-6.328,36.848],[-6.412,36.729],[-6.384,36.637],[-6.269,36.597],[-6.226,36.426],[-6.041,36.189],[-5.961,36.182],[-5.809,36.088],[-5.618,36.027],[-5.584,35.842],[-5.925,35.786],[-6.353,34.776],[-6.756,34.133],[-6.901,33.969],[-7.562,33.64],[-8.301,33.375],[-8.513,33.252],[-8.836,32.921],[-9.246,32.572],[-9.287,32.241],[-9.348,32.087],[-9.675,31.711],[-9.808,31.425],[-9.832,30.847],[-9.876,30.718],[-9.854,30.645],[-9.773,30.603],[-9.653,30.448],[-9.624,30.353],[-9.667,30.109],[-9.852,29.809],[-10.201,29.38],[-10.486,29.065],[-11.081,28.714],[-11.43,28.382],[-11.553,28.31],[-11.986,28.129],[-12.469,28.009],[-12.794,27.979],[-12.949,27.914],[-13.041,27.77],[-13.176,27.656],[-13.576,26.735],[-13.952,26.489],[-14.168,26.416],[-14.414,26.254],[-14.47,26.163],[-14.523,25.925],[-14.795,25.404],[-14.843,25.22],[-14.856,24.871],[-14.904,24.72],[-15.039,24.549],[-15.189,24.479],[-15.586,24.073],[-15.899,23.844],[-15.981,23.67],[-15.802,23.842],[-15.789,23.793],[-16.21,23.098],[-16.17,23.032],[-16.202,22.945],[-16.305,22.835],[-16.359,22.594],[-16.515,22.334],[-16.684,22.274],[-16.793,22.16],[-16.931,21.9],[-17.099,20.857],[-17.048,20.806],[-16.998,21.04],[-16.928,21.115],[-16.876,21.086],[-16.623,20.634],[-16.563,20.604],[-16.531,20.71],[-16.43,20.652],[-16.334,20.416],[-16.21,20.228],[-16.283,19.787],[-16.445,19.473],[-16.305,19.513],[-16.371,19.41],[-16.515,19.362],[-16.476,19.285],[-16.306,19.154],[-16.213,19.003],[-16.085,18.521],[-16.03,17.888],[-16.079,17.546],[-16.464,16.602],[-16.536,16.287],[-16.535,15.839],[-16.571,15.734],[-16.843,15.294],[-17.147,14.922],[-17.535,14.755],[-17.445,14.652],[-17.418,14.724],[-17.346,14.729],[-17.168,14.641],[-17.079,14.483],[-16.974,14.403],[-16.798,14.093],[-16.792,14.004],[-16.618,14.04],[-16.767,13.905],[-16.745,13.84],[-16.588,13.69],[-16.53,13.458],[-16.441,13.353],[-16.352,13.344],[-16.135,13.448],[-15.57,13.5],[-15.428,13.468],[-16.158,13.384],[-16.185,13.283],[-16.414,13.27],[-16.556,13.303],[-16.615,13.435],[-16.669,13.475],[-16.751,13.426],[-16.825,13.341],[-16.769,13.148],[-16.768,12.629],[-16.744,12.585],[-16.701,12.603],[-16.598,12.715],[-16.443,12.61],[-16.45,12.58],[-16.553,12.605],[-16.678,12.56],[-16.76,12.526],[-16.785,12.473],[-16.712,12.355],[-16.437,12.204],[-16.245,12.237],[-16.319,12.144],[-16.328,12.052],[-16.274,11.978],[-16.138,11.917],[-15.959,11.96],[-15.92,11.938],[-15.942,11.787],[-15.819,11.763],[-15.65,11.818],[-15.435,11.943],[-15.188,11.927],[-15.078,11.969],[-15.102,11.914],[-15.211,11.871],[-15.416,11.872],[-15.5,11.778],[-15.502,11.724],[-15.413,11.615],[-15.23,11.687],[-15.122,11.662],[-15.073,11.598],[-15.253,11.573],[-15.429,11.499],[-15.48,11.41],[-15.348,11.378],[-15.394,11.334],[-15.393,11.217],[-15.318,11.152],[-15.217,11.156],[-15.222,11.031],[-15.181,11.034],[-15.097,11.14],[-15.055,11.142],[-15.094,11.011],[-15.043,10.94],[-15.051,10.835],[-15.012,10.805],[-14.975,10.804],[-14.925,10.945],[-14.887,10.968],[-14.776,10.932],[-14.677,10.689],[-14.594,10.766],[-14.61,10.55],[-14.427,10.248],[-14.17,10.129],[-14.045,10.141],[-14.022,10.048],[-13.955,9.968],[-13.82,9.887],[-13.754,9.87],[-13.69,9.928],[-13.657,9.639],[-13.692,9.536],[-13.568,9.544],[-13.436,9.42],[-13.396,9.314],[-13.269,9.171],[-13.303,9.078],[-13.271,8.987],[-13.154,8.897],[-13.06,8.881],[-13.071,8.856],[-13.207,8.843],[-13.228,8.696],[-13.182,8.577],[-13.088,8.625],[-12.953,8.615],[-12.904,8.656],[-12.894,8.63],[-13.085,8.425],[-13.261,8.487],[-13.273,8.43],[-13.149,8.215],[-13.021,8.201],[-12.957,8.146],[-12.851,7.818],[-12.698,7.716],[-12.57,7.7],[-12.48,7.753],[-12.51,7.666],[-12.433,7.545],[-12.486,7.386],[-11.734,7.089],[-11.547,6.947],[-11.292,6.688],[-10.849,6.465],[-10.785,6.31],[-10.597,6.211],[-10.418,6.167],[-10.276,6.078],[-9.375,5.241],[-9.132,5.055],[-8.259,4.59],[-7.66,4.367],[-7.528,4.355],[-7.518,4.308],[6.468,0.227],[6.557,0.033],[-49.383,0.022],[-49.401,0.057],[-49.507,0.083],[-49.699,0.213],[-49.738,0.268],[-49.835,0.293],[-50.243,0.877],[-49.899,1.163],[-49.882,1.42],[-49.957,1.66],[-50.188,1.786],[-50.459,1.829],[-50.576,1.999],[-50.609,2.104],[-50.715,2.134],[-50.679,2.21],[-50.994,3.078],[-51.052,3.282],[-51.076,3.671],[-51.22,4.094],[-51.327,4.225],[-51.461,4.314],[-51.547,4.311],[-51.558,4.234],[-51.652,4.061],[-51.666,4.229],[-51.828,4.636],[-51.88,4.634],[-51.928,4.436],[-52.003,4.352],[-51.962,4.514],[-52.058,4.718],[-52.22,4.863],[-52.324,4.771],[-52.291,4.942],[-52.454,5.021],[-52.765,5.274],[-52.899,5.425],[-53.271,5.543],[-53.455,5.564],[-53.847,5.782],[-53.92,5.769],[-53.99,5.676],[-54.085,5.412],[-54.156,5.359],[-54.046,5.609],[-54.054,5.808],[-54.356,5.91],[-54.834,5.988],[-55.148,5.993],[-55.379,5.953],[-55.648,5.986],[-55.828,5.962],[-55.91,5.893],[-55.898,5.699],[-55.94,5.795],[-56.235,5.885],[-56.97,5.993],[-57.057,5.939],[-57.182,5.529],[-57.205,5.565],[-57.167,5.885],[-57.19,6.097],[-57.228,6.179],[-57.344,6.272],[-57.54,6.332],[-57.608,6.451],[-57.983,6.786],[-58.299,6.879],[-58.415,6.851],[-58.57,6.627],[-58.594,6.452],[-58.673,6.391],[-58.614,6.502],[-58.583,6.844],[-58.481,7.038],[-58.478,7.326],[-58.511,7.398],[-58.811,7.735],[-59.2,8.075],[-59.666,8.362],[-59.739,8.38],[-59.757,8.34],[-59.836,8.374],[-59.98,8.533],[-60.168,8.617],[-60.331,8.628],[-60.793,9.36],[-61.013,9.556],[-60.846,10.248],[-60.245,11.377],[-59.209,12.823],[-59.745,14.967],[-61.657,18.08],[-63.526,18.715],[-65.629,18.381],[-66.071,18.469],[-66.093,18.469],[-66.068,18.428],[-66.099,18.425],[-66.189,18.476],[-67.06,18.522],[-67.159,18.499],[-67.185,18.422],[-68.35,18.573],[-68.339,18.611],[-68.381,18.671],[-68.685,18.905],[-68.902,18.989],[-69.624,19.118],[-69.606,19.207],[-69.323,19.201],[-69.232,19.272],[-69.325,19.328],[-69.739,19.299],[-69.823,19.367],[-69.878,19.473],[-69.891,19.59],[-69.957,19.672],[-70.194,19.638],[-70.305,19.676],[-70.436,19.771],[-70.636,19.776],[-70.834,19.887],[-70.954,19.914],[-71.236,19.848],[-71.557,19.895],[-71.668,19.849],[-71.735,19.735],[-71.835,19.697],[-72.22,19.745],[-72.637,19.901],[-72.877,19.928],[-73.218,19.883],[-73.369,19.825],[-74.15,20.182],[-74.137,20.232],[-74.167,20.292],[-74.513,20.385],[-74.732,20.573],[-74.883,20.651],[-75.213,20.714],[-75.725,20.715],[-75.76,20.776],[-75.74,20.812],[-75.597,20.838],[-75.663,20.898],[-75.596,20.995],[-75.634,21.061],[-75.723,21.111],[-76.073,21.133],[-76.259,21.228],[-76.648,21.285],[-76.726,21.359],[-76.868,21.33],[-76.836,21.4],[-77.098,21.589],[-77.208,21.479],[-77.253,21.484],[-77.269,21.538],[-77.366,21.613],[-77.181,21.597],[-77.144,21.643],[-77.299,21.712],[-77.497,21.872],[-77.583,21.889],[-77.497,21.788],[-77.637,21.797],[-77.865,21.901],[-78.143,22.109],[-78.686,22.367],[-79.276,22.408],[-79.549,22.578],[-79.676,22.743],[-79.851,22.827],[-79.82,22.887],[-79.924,22.869],[-80.075,22.942],[-80.365,22.944],[-80.551,23.017],[-80.641,23.098],[-78.435,24.627],[-78.366,24.544],[-78.258,24.483],[-78.192,24.466],[-78.146,24.494],[-78.136,24.412],[-78.076,24.364],[-78.045,24.287],[-77.745,24.463],[-77.744,24.707],[-77.84,24.794],[-77.974,25.005],[-77.975,25.085],[-78.163,25.202],[-78.799,26.528],[-78.671,26.507],[-78.234,26.637],[-77.926,26.663],[-77.922,26.691],[-77.944,26.744],[-78.372,26.698],[-78.493,26.729],[-78.597,26.798],[-78.633,26.659],[-78.712,26.599],[-78.798,26.582],[-78.986,26.69],[-78.961,26.668],[-80.043,26.618],[-80.089,26.994],[-80.226,27.207],[-80.749,28.381],[-80.838,28.758],[-80.771,28.732],[-80.766,28.633],[-80.688,28.579],[-80.732,28.463],[-80.694,28.345],[-80.633,28.518],[-80.607,28.523],[-80.61,28.178],[-80.499,27.934],[-80.457,27.901],[-80.585,28.272],[-80.568,28.426],[-80.524,28.486],[-80.9,29.05],[-81.25,29.794],[-81.516,30.802],[-81.442,31.2],[-81.365,31.172],[-81.288,31.264],[-81.381,31.353],[-81.295,31.371],[-81.176,31.532],[-81.259,31.539],[-81.17,31.61],[-81.198,31.704],[-81.066,31.788],[-81.113,31.879],[-80.923,31.945],[-80.849,32.114],[-80.758,32.142],[-80.694,32.216],[-80.798,32.363],[-80.803,32.448],[-80.709,32.337],[-80.647,32.396],[-80.608,32.293],[-80.579,32.287],[-80.486,32.352],[-80.474,32.423],[-80.634,32.512],[-80.572,32.534],[-80.363,32.501],[-80.229,32.577],[-80.021,32.62],[-79.941,32.667],[-79.893,32.728],[-79.933,32.81],[-79.805,32.787],[-79.615,32.909],[-79.587,33.001],[-79.42,33.042],[-79.276,33.135],[-79.229,33.185],[-79.281,33.315],[-79.227,33.405],[-79.238,33.312],[-79.194,33.244],[-79.138,33.406],[-78.841,33.724],[-78.578,33.873],[-78.406,33.918],[-78.013,33.912],[-77.97,33.993],[-77.954,34.169],[-77.928,33.94],[-77.861,34.149],[-77.751,34.285],[-77.38,34.527],[-77.413,34.592],[-77.412,34.731],[-77.358,34.62],[-77.296,34.603],[-77.134,34.708],[-76.733,34.707],[-76.517,34.647],[-76.437,34.756],[-75.964,35.119],[-75.984,35.123],[-75.536,35.279],[-75.481,35.572],[-75.504,35.755],[-75.758,36.229],[-76.001,36.913],[-75.939,37.158],[-75.812,37.425],[-75.699,37.516],[-75.587,37.559],[-75.597,37.631],[-75.354,38.065],[-75.226,38.242],[-75.16,38.255],[-75.134,38.384],[-75.09,38.425],[-75.074,38.366],[-75.051,38.383],[-75.036,38.503],[-75.073,38.579],[-75.187,38.591],[-75.128,38.632],[-75.089,38.777],[-74.938,38.945],[-74.794,39.002],[-74.578,39.316],[-74.474,39.343],[-74.429,39.387],[-74.39,39.487],[-74.407,39.549],[-74.331,39.536],[-74.257,39.614],[-74.176,39.727],[-74.118,39.938],[-74.065,39.993],[-74.08,39.788],[-73.958,40.328],[-73.972,40.4],[-73.999,40.452],[-74.05,40.43],[-74.241,40.456],[-74.264,40.528],[-74.187,40.648],[-74.026,40.756],[-73.927,40.914],[-73.918,41.136],[-73.97,41.25],[-73.882,41.171],[-73.872,41.055],[-73.987,40.751],[-73.911,40.816],[-73.829,40.846],[-73.819,40.813],[-74.003,40.683],[-74.032,40.638],[-74.015,40.581],[-73.823,40.656],[-73.801,40.622],[-73.9,40.571],[-73.621,40.6],[-73.194,40.654],[-72.676,40.791],[-71.903,41.061],[-72.102,41.015],[-72.184,41.047],[-72.516,40.915],[-72.581,40.922],[-72.274,41.153],[-72.313,41.142],[-72.257,41.293],[-71.523,41.379],[-71.444,41.454],[-71.427,41.633],[-71.364,41.703],[-71.39,41.795],[-71.271,41.681],[-71.149,41.745],[-71.205,41.641],[-71.169,41.489],[-71.08,41.538],[-70.974,41.549],[-70.701,41.715],[-70.666,41.71],[-70.657,41.534],[-70.404,41.627],[-69.949,41.677],[-65.738,43.561],[-65.662,43.534],[-65.565,43.553],[-65.482,43.518],[-65.429,43.562],[-65.345,43.549],[-65.33,43.668],[-65.235,43.727],[-65.087,43.727],[-64.862,43.868],[-64.578,44.142],[-64.469,44.185],[-64.378,44.303],[-64.334,44.292],[-64.276,44.334],[-64.339,44.445],[-64.286,44.551],[-64.167,44.587],[-64.101,44.488],[-64.0,44.645],[-63.821,44.511],[-63.61,44.48],[-63.545,44.544],[-63.604,44.683],[-63.457,44.64],[-63.306,44.643],[-63.156,44.711],[-63.032,44.715],[-62.514,44.844],[-61.284,45.235],[-61.068,45.253],[-61.031,45.292],[-61.107,45.349],[-61.461,45.367],[-61.282,45.441],[-61.277,45.476],[-61.428,45.648],[-61.505,45.684],[-61.448,45.715],[-61.284,45.574],[-60.871,45.611],[-60.673,45.591],[-60.386,45.654],[-60.016,45.88],[-59.842,45.942],[-59.828,45.965],[-59.934,46.02],[-59.849,46.113],[-59.878,46.163],[-56.371,46.778],[-56.302,46.821],[-56.354,46.795],[-56.385,46.82],[-56.332,46.916],[-56.387,47.068],[-56.365,47.099],[-56.287,47.071],[-56.315,46.954],[-56.264,46.845],[-55.954,46.944],[-55.88,46.887],[-55.788,46.867],[-55.531,46.914],[-55.316,46.906],[-55.14,47.046],[-55.09,47.174],[-54.856,47.385],[-54.651,47.408],[-54.474,47.547],[-54.563,47.375],[-54.456,47.428],[-54.405,47.556],[-54.192,47.86],[-53.989,47.756],[-53.849,47.44],[-54.093,47.086],[-54.174,46.881],[-54.102,46.825],[-54.01,46.84],[-53.598,47.146],[-53.58,47.1],[-53.612,47.01],[-53.581,46.957],[-53.617,46.68],[-53.59,46.639],[-53.536,46.632],[-53.323,46.719],[-53.167,46.647],[-53.07,46.681],[-52.889,46.974],[-52.912,47.103],[-52.668,47.47],[-52.654,47.549],[-52.711,47.745],[-52.743,47.767],[-43.947,59.778],[-43.944,59.819],[-43.658,59.859],[-43.955,60.026],[-43.617,59.937],[-43.32,59.928],[-43.123,60.061],[-43.157,60.333],[-43.296,60.445],[-43.831,60.522],[-43.94,60.567],[-43.923,60.595],[-43.792,60.594],[-43.348,60.52],[-43.044,60.523],[-42.717,60.767],[-42.646,61.064],[-42.324,61.682],[-42.585,61.717],[-42.531,61.755],[-42.25,61.771],[-42.11,61.857],[-42.154,61.953],[-42.143,62.014],[-42.236,62.059],[-42.322,62.153],[-42.198,62.397],[-42.243,62.466],[-42.164,62.512],[-42.153,62.569],[-42.673,62.638],[-42.942,62.72],[-42.058,62.694],[-41.909,62.737],[-41.723,62.892],[-41.644,62.916],[-41.635,62.972],[-42.094,63.117],[-42.174,63.209],[-41.844,63.07],[-41.388,63.062],[-41.108,63.274],[-41.152,63.349],[-41.056,63.412],[-41.049,63.514],[-40.775,63.533],[-40.772,63.626],[-40.55,63.725],[-40.653,63.928],[-40.618,64.132],[-40.826,64.163],[-40.966,64.155],[-41.03,64.121],[-41.581,64.299],[-41.178,64.282],[-40.782,64.222],[-40.686,64.267],[-40.699,64.33],[-40.477,64.345],[-40.182,64.48],[-40.278,64.596],[-40.433,64.673],[-40.521,64.826],[-40.656,64.916],[-40.966,64.869],[-41.028,64.988],[-41.089,65.035],[-41.084,65.101],[-40.881,65.082],[-40.667,65.109],[-40.253,65.049],[-39.937,65.142],[-39.578,65.341],[-40.192,65.523],[-40.174,65.556],[-38.637,65.624],[-38.204,65.712],[-38.216,65.838],[-38.443,65.922],[-38.521,66.01],[-38.14,65.904],[-37.97,66.141],[-37.752,66.262],[-38.156,66.386],[-37.814,66.386],[-37.279,66.305],[-37.788,65.978],[-37.826,65.91],[-37.797,65.857],[-38.001,65.71],[-37.955,65.634],[-37.754,65.593],[-37.664,65.631],[-37.41,65.656],[-37.33,65.72],[-37.316,65.79],[-37.233,65.788],[-37.063,65.871],[-36.933,65.782],[-36.665,65.79],[-36.537,65.941],[-36.527,66.008],[-36.389,65.96],[-36.379,65.831],[-35.63,66.14],[-35.867,66.441],[-35.412,66.262],[-35.188,66.25],[-34.633,66.435],[-34.423,66.63],[-34.269,66.625],[-34.101,66.726],[-33.528,67.258],[-33.505,67.377],[-33.349,67.443],[-33.108,67.658],[-32.37,67.883],[-32.165,67.991],[-32.156,68.063],[-32.367,68.213],[-32.18,68.257],[-32.313,68.387],[-32.327,68.437],[-31.42,68.129],[-30.993,68.063],[-24.021,64.872]],[[-3.331,58.971],[-3.242,58.999],[-3.201,58.925],[-2.995,58.939],[-2.864,58.89],[-2.793,58.907],[-2.763,58.956],[-3.071,59.005],[-3.019,59.076],[-3.248,59.144],[-3.31,59.131],[-3.347,59.065],[-3.331,58.971]],[[-12.607,7.475],[-12.541,7.411],[-12.5,7.535],[-12.513,7.582],[-12.615,7.637],[-12.854,7.622],[-12.952,7.571],[-12.607,7.475]],[[-13.86,28.869],[-13.784,28.845],[-13.716,28.911],[-13.478,29.007],[-13.423,29.197],[-13.463,29.237],[-13.535,29.144],[-13.788,29.056],[-13.86,28.869]],[[-14.003,28.707],[-14.232,28.216],[-14.356,28.129],[-14.492,28.101],[-14.333,28.056],[-14.197,28.169],[-13.928,28.253],[-13.863,28.409],[-13.827,28.691],[-13.857,28.738],[-13.954,28.741],[-14.003,28.707]],[[-15.401,28.147],[-15.683,28.154],[-15.721,28.064],[-15.809,27.995],[-15.807,27.888],[-15.656,27.759],[-15.559,27.747],[-15.437,27.811],[-15.389,27.874],[-15.401,28.147]],[[-16.418,28.151],[-16.335,28.38],[-16.119,28.528],[-16.124,28.576],[-16.319,28.558],[-16.557,28.4],[-16.843,28.376],[-16.905,28.34],[-16.795,28.149],[-16.658,28.007],[-16.543,28.032],[-16.418,28.151]],[[-17.018,32.663],[-16.837,32.648],[-16.693,32.758],[-16.929,32.841],[-17.054,32.816],[-17.191,32.869],[-17.241,32.807],[-17.226,32.767],[-17.018,32.663]],[[-17.726,28.724],[-17.797,28.847],[-17.929,28.844],[-18.001,28.758],[-17.859,28.486],[-17.758,28.569],[-17.726,28.724]],[[-22.959,16.045],[-22.821,15.986],[-22.71,16.043],[-22.693,16.169],[-22.749,16.222],[-22.918,16.237],[-22.916,16.149],[-22.959,16.045]],[[-23.785,15.077],[-23.705,14.961],[-23.637,14.924],[-23.505,14.916],[-23.444,15.008],[-23.535,15.14],[-23.748,15.328],[-23.785,15.077]],[[-24.329,15.019],[-24.392,15.038],[-24.497,14.98],[-24.517,14.931],[-24.492,14.874],[-24.386,14.818],[-24.308,14.856],[-24.296,14.929],[-24.329,15.019]],[[-25.308,16.936],[-25.17,16.947],[-24.98,17.095],[-25.035,17.176],[-25.114,17.194],[-25.337,17.091],[-25.308,16.936]],[[-25.848,37.873],[-25.834,37.826],[-25.734,37.763],[-25.439,37.715],[-25.251,37.735],[-25.191,37.765],[-25.182,37.838],[-25.649,37.841],[-25.784,37.911],[-25.848,37.873]],[[-27.386,38.766],[-27.362,38.698],[-27.303,38.661],[-27.095,38.634],[-27.042,38.679],[-27.042,38.741],[-27.127,38.79],[-27.26,38.803],[-27.386,38.766]],[[-28.065,38.413],[-28.402,38.554],[-28.51,38.553],[-28.549,38.519],[-28.531,38.463],[-28.455,38.409],[-28.231,38.385],[-28.065,38.413]],[[-37.223,65.696],[-37.238,65.61],[-37.187,65.532],[-37.031,65.532],[-36.953,65.663],[-37.047,65.722],[-37.223,65.696]],[[-67.593,35.027],[-68.785,34.78],[-69.608,33.792],[-70.058,31.482],[-70.058,25.137],[-69.773,24.155],[-67.879,22.59],[-66.446,21.893],[-61.575,20.471],[-57.658,20.036],[-53.893,20.036],[-51.817,20.366],[-50.664,21.272],[-50.17,22.837],[-50.026,23.5],[-50.026,32.341],[-50.417,33.792],[-51.487,34.615],[-53.864,35.029],[-67.593,35.027]],[[-50.456,1.91],[-50.399,1.893],[-50.299,1.938],[-50.363,2.154],[-50.491,2.128],[-50.509,2.029],[-50.456,1.91]],[[-73.012,21.3],[-73.059,21.313],[-73.137,21.205],[-73.235,21.155],[-73.424,21.202],[-73.523,21.191],[-73.585,21.126],[-73.681,21.103],[-73.681,20.976],[-73.661,20.938],[-73.165,20.979],[-73.059,21.119],[-73.012,21.3]],[[-73.906,22.527],[-74.262,22.236],[-74.277,22.184],[-73.975,22.361],[-73.837,22.538],[-73.877,22.681],[-73.85,22.731],[-73.954,22.716],[-73.976,22.635],[-73.906,22.527]],[[-75.217,23.547],[-75.316,23.669],[-75.31,23.59],[-75.13,23.268],[-75.141,23.205],[-75.224,23.165],[-74.973,23.069],[-74.847,22.869],[-74.846,23.0],[-74.937,23.088],[-75.064,23.15],[-75.109,23.333],[-75.217,23.547]],[[-75.412,24.221],[-75.503,24.139],[-75.302,24.149],[-75.308,24.2],[-75.518,24.427],[-75.654,24.681],[-75.727,24.689],[-75.744,24.654],[-75.661,24.59],[-75.494,24.331],[-75.409,24.266],[-75.412,24.221]],[[-76.17,24.649],[-76.127,25.141],[-76.344,25.332],[-76.484,25.375],[-76.711,25.565],[-76.781,25.427],[-76.621,25.432],[-76.5,25.341],[-76.369,25.313],[-76.16,25.12],[-76.153,25.026],[-76.205,24.936],[-76.214,24.822],[-76.32,24.817],[-76.17,24.649]],[[-77.787,26.936],[-77.944,26.903],[-77.511,26.846],[-77.33,26.618],[-77.239,26.561],[-77.206,26.489],[-77.247,26.156],[-77.403,26.024],[-77.225,25.904],[-77.191,25.956],[-77.167,26.24],[-77.038,26.334],[-77.066,26.53],[-77.257,26.639],[-77.266,26.689],[-77.534,26.903],[-77.787,26.936]],[[-77.519,23.87],[-77.561,24.137],[-77.615,24.216],[-77.683,24.118],[-77.755,24.163],[-77.656,24.226],[-77.702,24.288],[-77.95,24.253],[-78.0,24.22],[-77.852,24.041],[-77.776,23.862],[-77.771,23.753],[-77.574,23.739],[-77.519,23.87]]]},"properties":{"name":"North Atlantic Ocean","name_en":"Atlantic Ocean","name_zh":"大西洋","featurecla":"ocean","scalerank":0,"min_label":1,"max_label":6.5,"label":"NORTH ATLANTIC OCEAN","wikidataid":"Q97"}},{"type":"Feature","geometry":{"type":"MultiPolygon","coordinates":[[[[180.0,50.987],[180.0,-0.053],[174.457,-0.053],[173.822,1.217],[173.611,2.91],[172.976,3.651],[172.235,3.651],[171.812,2.699],[172.023,1.429],[172.552,-0.058],[131.066,-0.058],[130.813,-0.004],[130.566,-0.058],[129.913,-0.058],[128.663,2.376],[128.689,2.474],[128.574,2.622],[144.718,12.912],[145.247,13.441],[145.882,14.605],[146.2,15.663],[146.306,16.616],[146.2,18.838],[145.882,19.632],[145.353,20.638],[144.665,20.902],[142.39,21.273],[141.808,21.749],[141.543,22.543],[141.543,23.865],[142.125,25.03],[142.443,25.982],[142.549,26.723],[142.443,27.623],[140.908,30.004],[140.485,31.115],[140.485,31.909],[140.114,33.126],[139.797,33.92],[139.038,34.77],[139.122,34.956],[139.134,35.155],[139.249,35.278],[139.474,35.299],[139.564,35.243],[139.636,35.142],[139.675,35.149],[139.744,35.253],[139.666,35.319],[139.65,35.409],[139.768,35.495],[139.786,35.612],[139.835,35.658],[139.987,35.668],[140.097,35.585],[139.906,35.345],[139.827,35.297],[139.851,35.233],[139.844,35.01],[139.799,34.957],[139.92,34.9],[140.059,35.038],[140.315,35.155],[140.393,35.221],[140.457,35.51],[140.597,35.632],[140.874,35.725],[140.622,36.059],[140.574,36.232],[140.627,36.503],[140.73,36.732],[140.792,36.847],[140.969,37.002],[141.002,37.115],[141.036,37.467],[140.929,38.053],[140.962,38.149],[141.108,38.338],[141.468,38.404],[141.509,38.498],[141.546,38.763],[141.659,38.975],[141.776,39.018],[141.901,39.111],[141.977,39.429],[141.978,39.844],[141.797,40.291],[141.692,40.419],[143.279,42.038],[143.369,42.325],[143.581,42.598],[143.969,42.882],[144.197,42.974],[144.631,42.947],[144.921,43.001],[145.347,43.177],[145.505,43.174],[145.624,43.291],[145.817,43.38],[146.168,43.361],[147.047,43.815],[149.428,45.35],[151.809,46.567],[153.555,47.837],[156.254,50.218],[157.136,51.174],[157.49,51.409],[157.531,51.48],[157.823,51.605],[158.104,51.81],[158.332,52.091],[158.493,52.383],[158.481,52.627],[158.609,52.874],[158.56,52.922],[158.432,52.957],[158.472,53.033],[158.564,53.05],[158.745,52.909],[158.952,53.047],[159.586,53.238],[159.771,53.229],[159.948,53.125],[160.048,53.105],[161.508,54.518],[161.726,54.533],[162.106,54.752],[162.092,54.825],[162.146,54.835],[163.034,55.986],[162.972,56.034],[163.047,56.045],[163.296,56.201],[164.774,55.192],[167.049,54.134],[170.33,52.864],[173.187,51.911],[175.78,51.435],[178.214,51.065],[180.0,50.987]]],[[[-134.644,56.258],[-134.24,56.224],[-134.19,56.077],[-134.122,56.077],[-134.067,56.133],[-133.684,55.943],[-133.371,56.036],[-133.289,56.019],[-133.241,55.921],[-133.309,55.886],[-133.322,55.845],[-133.447,55.797],[-133.584,55.837],[-133.68,55.785],[-133.553,55.691],[-133.369,55.689],[-133.283,55.604],[-133.306,55.552],[-133.455,55.522],[-133.634,55.539],[-133.737,55.497],[-133.635,55.413],[-133.65,55.269],[-133.527,55.334],[-133.445,55.276],[-133.418,55.211],[-133.251,55.175],[-133.123,54.97],[-132.817,54.715],[-133.064,54.144],[-133.097,53.92],[-133.052,53.778],[-132.845,53.508],[-132.431,53.351],[-132.693,53.368],[-132.748,53.31],[-132.523,53.195],[-132.547,53.137],[-132.505,53.087],[-132.144,52.999],[-132.145,52.957],[-132.258,52.934],[-132.165,52.783],[-131.562,52.4],[-131.422,52.238],[-131.119,52.101],[-131.098,52.15],[-131.01,52.095],[-131.047,51.959],[-128.349,50.703],[-128.135,50.521],[-127.865,50.499],[-127.731,50.535],[-127.751,50.607],[-127.466,50.583],[-127.529,50.537],[-127.487,50.405],[-127.641,50.479],[-127.906,50.445],[-127.963,50.346],[-127.839,50.293],[-127.828,50.212],[-127.864,50.127],[-127.467,50.163],[-127.35,50.052],[-127.29,50.071],[-127.25,50.138],[-127.18,50.073],[-127.196,49.949],[-127.114,49.88],[-126.977,49.883],[-126.904,49.944],[-126.683,49.877],[-126.525,49.719],[-126.463,49.72],[-126.347,49.661],[-126.134,49.672],[-126.542,49.59],[-126.548,49.419],[-126.5,49.4],[-126.419,49.449],[-126.305,49.382],[-126.244,49.443],[-126.1,49.421],[-126.02,49.368],[-125.935,49.401],[-125.984,49.288],[-125.952,49.248],[-125.836,49.277],[-125.728,49.2],[-125.644,49.186],[-125.828,49.092],[-125.543,48.953],[-125.49,48.934],[-125.363,48.998],[-124.927,49.014],[-124.813,49.213],[-124.8,49.142],[-124.85,49.028],[-125.14,48.802],[-125.121,48.761],[-124.765,48.621],[-124.68,48.286],[-124.702,48.152],[-124.663,47.974],[-124.621,47.904],[-124.46,47.784],[-124.376,47.658],[-124.309,47.404],[-124.199,47.209],[-124.139,46.955],[-124.112,47.035],[-123.843,46.963],[-124.113,46.863],[-124.071,46.745],[-123.889,46.66],[-123.946,46.432],[-124.044,46.605],[-124.073,46.28],[-123.989,46.218],[-123.947,46.141],[-123.961,45.843],[-123.929,45.577],[-124.059,44.778],[-124.048,44.426],[-124.099,44.334],[-124.149,43.692],[-124.288,43.41],[-124.197,43.423],[-124.347,43.341],[-124.54,42.813],[-124.406,42.584],[-124.421,42.381],[-124.355,42.123],[-124.212,41.985],[-124.244,41.788],[-124.163,41.719],[-124.072,41.46],[-124.068,41.384],[-124.14,41.156],[-124.133,40.97],[-124.219,40.791],[-124.19,40.772],[-124.22,40.697],[-124.254,40.74],[-124.284,40.71],[-124.371,40.491],[-124.357,40.371],[-124.324,40.252],[-124.108,40.094],[-123.833,39.775],[-123.778,39.515],[-123.82,39.368],[-123.72,39.111],[-123.701,38.907],[-123.29,38.536],[-123.121,38.449],[-123.046,38.305],[-122.908,38.196],[-122.877,38.123],[-122.978,38.228],[-122.968,38.097],[-122.999,37.988],[-122.932,38.056],[-122.522,37.827],[-122.499,37.543],[-122.408,37.373],[-122.395,37.207],[-122.165,36.991],[-121.919,36.572],[-121.878,36.331],[-121.664,36.154],[-121.344,35.792],[-121.284,35.676],[-121.138,35.607],[-121.023,35.481],[-120.9,35.425],[-120.86,35.365],[-120.885,35.275],[-120.857,35.21],[-120.659,35.122],[-120.633,35.076],[-120.663,34.949],[-120.625,34.812],[-120.645,34.58],[-120.481,34.472],[-120.053,34.469],[-119.713,34.4],[-119.606,34.418],[-119.268,34.257],[-119.236,34.164],[-119.144,34.112],[-118.832,34.024],[-118.506,34.018],[-118.393,33.858],[-118.41,33.744],[-118.294,33.712],[-118.264,33.759],[-118.081,33.722],[-117.467,33.296],[-117.319,33.1],[-117.263,32.939],[-117.244,32.664],[-117.184,32.688],[-117.137,32.649],[-117.063,32.344],[-116.913,32.199],[-116.848,31.997],[-116.621,31.851],[-116.624,31.758],[-116.722,31.735],[-116.668,31.699],[-116.662,31.565],[-116.333,31.203],[-116.296,30.971],[-116.062,30.804],[-115.996,30.414],[-115.858,30.36],[-115.815,30.304],[-115.789,30.084],[-115.809,29.96],[-115.749,29.936],[-115.674,29.756],[-115.166,29.427],[-114.938,29.351],[-114.309,28.73],[-114.145,28.605],[-114.049,28.426],[-114.093,28.222],[-114.185,28.013],[-114.266,27.934],[-114.253,27.908],[-114.159,27.919],[-114.176,27.831],[-114.135,27.727],[-114.069,27.675],[-114.137,27.671],[-114.303,27.775],[-114.3,27.873],[-114.449,27.797],[-114.57,27.784],[-115.036,27.842],[-114.994,27.736],[-114.54,27.431],[-114.445,27.218],[-114.333,27.158],[-114.11,27.106],[-113.997,26.988],[-113.841,26.966],[-113.701,26.791],[-113.599,26.721],[-113.426,26.796],[-113.272,26.791],[-113.156,26.946],[-113.119,26.717],[-113.021,26.583],[-112.658,26.317],[-112.377,26.214],[-112.174,25.913],[-112.12,25.766],[-112.114,25.63],[-112.07,25.573],[-112.056,25.488],[-112.129,25.043],[-112.119,24.934],[-112.073,24.84],[-111.848,24.67],[-111.803,24.542],[-111.683,24.556],[-111.419,24.329],[-111.036,24.105],[-110.63,23.737],[-110.363,23.605],[-110.181,23.342],[-110.086,23.006],[-110.006,22.894],[-109.924,22.886],[-109.728,22.982],[-109.496,23.16],[-109.447,23.265],[-106.98,23.82],[-106.922,23.864],[-106.567,23.45],[-106.402,23.196],[-105.792,22.628],[-105.645,22.327],[-105.649,21.988],[-105.432,21.618],[-105.209,21.491],[-105.237,21.119],[-105.511,20.809],[-105.492,20.777],[-105.327,20.753],[-105.252,20.668],[-105.26,20.579],[-105.377,20.512],[-105.543,20.498],[-105.669,20.386],[-105.57,20.228],[-105.482,19.976],[-105.287,19.707],[-105.108,19.562],[-104.938,19.309],[-104.405,19.091],[-103.912,18.828],[-103.699,18.633],[-103.441,18.326],[-102.699,18.063],[-102.216,17.957],[-101.919,17.96],[-101.762,17.842],[-101.6,17.651],[-101.487,17.615],[-101.386,17.514],[-100.848,17.201],[-100.025,16.921],[-99.691,16.72],[-98.762,16.535],[-98.52,16.305],[-98.139,16.206],[-97.755,15.967],[-97.185,15.909],[-96.808,15.726],[-96.511,15.652],[-96.213,15.693],[-93.024,15.31],[-92.809,15.138],[-92.264,14.568],[-91.819,14.228],[-91.377,13.99],[-91.146,13.926],[-90.607,13.929],[-90.479,13.901],[-89.97,13.683],[-89.804,13.56],[-89.278,13.478],[-88.867,13.283],[-88.512,13.184],[-88.484,13.197],[-88.686,13.282],[-88.591,13.281],[-88.181,13.164],[-88.024,13.169],[-87.931,13.181],[-87.821,13.285],[-87.838,13.386],[-87.814,13.399],[-87.708,13.36],[-87.602,13.386],[-87.489,13.353],[-87.499,13.275],[-87.413,13.128],[-87.332,13.085],[-87.339,12.95],[-87.425,12.921],[-87.543,13.04],[-87.585,13.043],[-87.67,12.966],[-87.667,12.904],[-87.46,12.758],[-87.125,12.434],[-86.851,12.248],[-86.756,12.157],[-86.469,11.739],[-85.961,11.331],[-85.745,11.089],[-85.752,10.985],[-85.908,10.898],[-85.667,10.745],[-85.663,10.635],[-85.831,10.398],[-85.85,10.292],[-85.796,10.133],[-85.681,9.958],[-85.625,9.902],[-85.315,9.811],[-85.115,9.582],[-85.077,9.602],[-85.06,9.668],[-84.887,9.821],[-84.963,9.934],[-85.161,10.017],[-85.236,10.107],[-85.263,10.257],[-84.715,9.899],[-84.643,9.79],[-84.659,9.647],[-84.581,9.568],[-84.223,9.463],[-84.118,9.38],[-83.896,9.276],[-83.637,9.036],[-83.613,8.804],[-83.734,8.614],[-83.604,8.48],[-83.292,8.406],[-83.298,8.507],[-83.422,8.619],[-83.47,8.707],[-83.391,8.718],[-83.286,8.665],[-83.163,8.588],[-83.123,8.353],[-82.947,8.181],[-82.88,8.071],[-82.854,8.099],[-82.866,8.246],[-82.781,8.304],[-82.679,8.322],[-82.365,8.275],[-82.236,8.311],[-82.224,8.23],[-82.16,8.195],[-82.097,8.223],[-81.973,8.215],[-81.728,8.138],[-81.504,7.721],[-81.268,7.625],[-81.219,7.621],[-81.195,7.668],[-81.158,7.854],[-81.064,7.9],[-81.035,7.711],[-80.915,7.437],[-80.901,7.277],[-80.845,7.22],[-80.439,7.275],[-80.287,7.426],[-80.11,7.433],[-80.011,7.5],[-78.133,7.5],[-77.804,7.137],[-77.526,6.693],[-77.439,6.69],[-77.369,6.575],[-77.398,6.275],[-77.473,6.285],[-77.469,6.177],[-77.344,5.995],[-77.249,5.78],[-77.325,5.675],[-77.534,5.537],[-77.402,5.416],[-77.374,5.324],[-77.34,4.839],[-77.286,4.722],[-77.353,4.398],[-77.515,4.256],[-77.521,4.213],[-77.409,4.248],[-77.428,4.06],[-77.358,3.944],[-77.278,4.059],[-77.249,4.041],[-77.263,3.893],[-77.167,3.862],[-77.077,3.913],[-77.324,3.475],[-77.357,3.349],[-77.417,3.342],[-77.559,3.076],[-77.694,3.04],[-77.67,2.879],[-77.814,2.716],[-77.875,2.726],[-77.932,2.629],[-78.067,2.509],[-78.12,2.488],[-78.296,2.51],[-78.343,2.461],[-78.417,2.483],[-78.535,2.424],[-78.592,2.356],[-78.629,2.056],[-78.55,1.924],[-78.577,1.774],[-78.793,1.849],[-78.958,1.752],[-79.026,1.624],[-78.889,1.524],[-78.859,1.455],[-78.827,1.296],[-78.9,1.206],[-79.465,1.06],[-79.613,0.971],[-79.741,0.98],[-79.903,0.86],[-80.036,0.835],[-80.088,0.785],[-80.025,0.41],[-80.046,0.156],[-80.101,0.053],[-89.703,0.053],[-90.456,1.187],[-91.133,2.07],[-92.468,2.332],[-92.432,0.26],[-180.0,0.26],[-180.0,51.082],[-178.885,51.1],[-176.843,51.207],[-173.805,51.505],[-170.63,52.031],[-168.072,52.705],[-165.051,53.616],[-162.961,54.3],[-162.517,54.048],[-136.595,58.239],[-136.508,58.097],[-136.569,57.972],[-136.46,57.873],[-136.077,57.674],[-135.997,57.535],[-135.798,57.306],[-135.821,57.23],[-135.768,57.1],[-135.812,57.009],[-135.662,57.034],[-135.502,57.244],[-135.455,57.25],[-135.376,57.189],[-135.341,57.082],[-135.2,57.027],[-135.315,56.932],[-135.331,56.822],[-135.285,56.8],[-135.163,56.824],[-135.159,56.725],[-135.018,56.66],[-134.883,56.679],[-134.982,56.564],[-134.95,56.457],[-134.75,56.241],[-134.682,56.216],[-134.644,56.258]],[[-81.77,7.37],[-81.603,7.333],[-81.613,7.38],[-81.695,7.425],[-81.711,7.486],[-81.671,7.523],[-81.729,7.621],[-81.812,7.593],[-81.857,7.508],[-81.852,7.453],[-81.77,7.37]],[[-112.163,24.65],[-112.077,24.534],[-112.057,24.545],[-112.195,24.841],[-112.132,25.224],[-112.159,25.286],[-112.222,24.951],[-112.297,24.789],[-112.175,24.73],[-112.163,24.65]],[[-115.353,28.104],[-115.184,28.037],[-115.149,28.172],[-115.233,28.368],[-115.274,28.343],[-115.26,28.221],[-115.353,28.104]],[[-126.743,49.614],[-126.626,49.627],[-126.65,49.746],[-126.698,49.808],[-126.826,49.872],[-126.926,49.838],[-126.897,49.783],[-126.951,49.736],[-126.938,49.718],[-126.743,49.614]],[[-155.881,19.071],[-155.626,18.964],[-155.535,19.109],[-155.31,19.26],[-155.054,19.319],[-154.85,19.454],[-154.804,19.524],[-154.953,19.645],[-154.989,19.732],[-155.066,19.748],[-155.086,19.876],[-155.199,19.995],[-155.832,20.276],[-155.874,20.26],[-155.893,20.168],[-155.82,20.014],[-156.048,19.75],[-155.891,19.382],[-155.906,19.126],[-155.881,19.071]],[[-156.698,20.949],[-156.615,20.822],[-156.544,20.79],[-156.48,20.801],[-156.438,20.618],[-156.409,20.605],[-156.107,20.645],[-155.99,20.757],[-156.278,20.951],[-156.461,20.915],[-156.586,21.034],[-156.657,21.024],[-156.698,20.949]],[[-157.021,21.098],[-156.86,21.056],[-156.748,21.104],[-156.712,21.155],[-157.25,21.23],[-157.29,21.113],[-157.021,21.098]],[[-157.365,1.946],[-157.436,1.847],[-157.532,1.927],[-157.579,1.902],[-157.42,1.788],[-157.246,1.731],[-157.176,1.74],[-157.342,1.855],[-157.322,1.969],[-157.492,2.029],[-157.365,1.946]],[[-157.851,21.554],[-157.962,21.701],[-158.02,21.692],[-158.123,21.6],[-158.273,21.585],[-158.239,21.49],[-158.11,21.319],[-157.981,21.316],[-158.018,21.368],[-157.978,21.378],[-157.958,21.327],[-157.902,21.341],[-157.799,21.269],[-157.635,21.307],[-157.705,21.378],[-157.721,21.458],[-157.83,21.472],[-157.851,21.554]],[[-159.789,22.042],[-159.609,21.91],[-159.461,21.876],[-159.344,21.974],[-159.305,22.154],[-159.352,22.22],[-159.579,22.223],[-159.727,22.14],[-159.789,22.042]]]]},"properties":{"name":"North Pacific Ocean","name_en":"Pacific Ocean","name_zh":"太平洋","featurecla":"ocean","scalerank":0,"min_label":1,"max_label":6.5,"label":"NORTH PACIFIC OCEAN","wikidataid":"Q98"}},{"type":"Feature","geometry":{"type":"MultiPolygon","coordinates":[[[[180.0,-60.533],[166.066,-60.533],[166.066,-50.855],[166.071,-50.82],[166.243,-50.846],[166.18,-50.715],[166.22,-50.694],[166.209,-50.612],[166.268,-50.559],[166.225,-50.531],[166.103,-50.539],[166.384,-48.156],[167.527,-47.242],[167.555,-47.264],[167.676,-47.243],[167.785,-47.176],[167.906,-47.18],[168.015,-47.117],[168.241,-47.07],[168.241,-46.979],[168.156,-46.988],[168.043,-46.933],[168.041,-46.888],[168.145,-46.902],[168.145,-46.862],[167.956,-46.695],[167.856,-46.698],[167.971,-46.489],[167.961,-46.362],[168.23,-46.386],[168.32,-46.447],[168.343,-46.489],[168.325,-46.546],[168.382,-46.605],[168.467,-46.588],[168.573,-46.611],[168.767,-46.566],[169.099,-46.631],[169.342,-46.621],[169.686,-46.552],[170.419,-45.941],[170.777,-45.871],[170.789,-45.792],[170.701,-45.684],[170.89,-45.374],[170.939,-45.216],[171.113,-45.039],[171.134,-44.978],[170.999,-44.911],[171.146,-44.912],[171.231,-44.521],[171.313,-44.302],[171.241,-44.264],[171.364,-44.255],[171.443,-44.136],[171.659,-44.117],[172.18,-43.896],[172.035,-43.702],[172.297,-43.868],[172.35,-43.859],[172.396,-43.778],[172.48,-43.727],[172.584,-43.774],[172.476,-43.833],[172.503,-43.844],[172.749,-43.813],[172.817,-43.87],[172.921,-43.892],[173.066,-43.875],[173.117,-43.798],[173.073,-43.676],[172.807,-43.621],[172.74,-43.468],[172.694,-43.445],[172.526,-43.465],[172.7,-43.4],[172.735,-43.355],[172.624,-43.273],[172.719,-43.259],[172.889,-43.124],[173.221,-42.977],[173.348,-42.841],[173.545,-42.518],[173.84,-42.271],[173.889,-42.212],[173.888,-42.13],[174.216,-41.85],[174.281,-41.744],[175.243,-41.583],[175.31,-41.61],[175.687,-41.411],[175.983,-41.213],[176.385,-40.667],[176.612,-40.442],[176.689,-40.293],[176.842,-40.158],[177.11,-39.673],[176.967,-39.605],[176.939,-39.555],[176.954,-39.368],[177.031,-39.267],[177.129,-39.186],[177.296,-39.116],[177.523,-39.074],[177.786,-39.111],[177.909,-39.24],[177.966,-39.142],[177.91,-39.022],[177.976,-38.722],[178.085,-38.694],[178.268,-38.551],[178.316,-38.444],[178.394,-37.96],[178.536,-37.692],[178.272,-37.567],[175.772,-36.735],[175.681,-36.747],[175.461,-36.475],[175.4,-36.501],[175.386,-36.556],[175.458,-36.634],[175.501,-36.748],[175.493,-36.866],[175.568,-37.159],[175.543,-37.201],[175.386,-37.207],[175.299,-36.993],[174.952,-36.853],[174.891,-36.909],[174.722,-36.841],[174.777,-36.65],[174.819,-36.612],[174.752,-36.491],[174.802,-36.309],[174.396,-35.798],[174.391,-35.774],[174.581,-35.785],[174.509,-35.667],[174.544,-35.582],[174.32,-35.247],[174.203,-35.309],[174.143,-35.3],[174.104,-35.143],[173.844,-35.027],[173.786,-35.068],[173.694,-35.005],[173.473,-34.947],[173.439,-34.929],[173.448,-34.845],[173.285,-34.98],[172.964,-34.535],[173.044,-34.429],[172.729,-34.452],[172.447,-34.237],[171.988,-34.061],[159.041,-31.591],[159.041,-29.016],[167.472,-22.666],[167.422,-22.619],[167.443,-22.541],[167.536,-22.601],[169.836,-20.267],[169.737,-20.202],[169.769,-20.151],[169.456,-19.611],[169.491,-19.54],[169.36,-19.458],[169.337,-19.329],[169.247,-19.345],[169.238,-19.387],[169.201,-19.35],[169.201,-18.963],[169.289,-18.989],[169.335,-18.94],[169.296,-18.867],[169.201,-18.796],[169.256,-18.763],[169.178,-18.725],[169.144,-18.631],[169.056,-18.629],[168.455,-17.803],[168.524,-17.798],[168.585,-17.696],[168.546,-17.685],[168.446,-17.542],[168.355,-17.551],[168.319,-17.445],[168.319,-16.788],[168.46,-16.835],[168.477,-16.794],[168.366,-16.759],[168.306,-16.695],[168.206,-16.345],[168.297,-16.336],[168.194,-16.115],[168.212,-15.97],[168.256,-15.955],[168.268,-15.892],[168.159,-15.47],[168.072,-14.87],[167.559,-14.292],[167.543,-14.312],[167.404,-14.282],[167.411,-14.197],[167.508,-14.143],[167.508,-13.882],[167.451,-13.91],[167.392,-13.788],[167.407,-13.748],[167.481,-13.71],[167.504,-13.733],[167.155,-9.895],[162.288,-10.736],[162.106,-10.454],[162.023,-10.477],[161.914,-10.436],[161.841,-10.446],[161.389,-10.208],[161.599,-9.684],[161.204,-9.093],[161.159,-8.962],[160.953,-8.715],[160.997,-8.612],[160.749,-8.314],[160.694,-8.326],[160.646,-8.255],[159.747,-8.202],[158.265,-7.355],[157.524,-7.302],[157.123,-7.028],[157.103,-6.957],[157.03,-6.892],[156.765,-6.764],[156.604,-6.641],[155.839,-6.405],[155.639,-6.221],[155.466,-6.142],[155.372,-5.974],[155.198,-5.828],[155.094,-5.62],[154.997,-5.54],[154.858,-5.514],[154.714,-5.293],[154.727,-5.218],[154.682,-5.054],[154.633,-5.014],[154.572,-5.074],[154.19,-4.498],[153.127,-4.287],[153.017,-4.106],[152.179,-3.41],[152.033,-3.251],[151.807,-3.173],[151.475,-2.943],[151.26,-2.872],[150.824,-2.56],[150.451,-2.525],[150.43,-2.471],[150.227,-2.384],[150.102,-2.405],[149.962,-2.479],[147.311,-1.958],[146.857,-1.948],[146.57,-2.011],[145.163,-1.777],[144.328,-1.535],[143.249,-1.387],[142.576,-1.845],[141.975,-2.961],[141.836,-2.932],[141.186,-2.628],[140.747,-2.607],[140.72,-2.508],[140.622,-2.446],[140.251,-2.412],[140.155,-2.35],[139.79,-2.348],[139.149,-2.039],[138.812,-1.918],[138.65,-1.791],[138.111,-1.616],[137.911,-1.484],[137.806,-1.483],[137.124,-1.841],[137.171,-2.026],[137.072,-2.105],[136.843,-2.198],[136.39,-2.273],[136.243,-2.583],[136.013,-2.734],[135.859,-2.995],[135.486,-3.345],[135.251,-3.369],[135.037,-3.333],[134.887,-3.21],[134.843,-2.909],[134.77,-2.944],[134.702,-2.934],[134.628,-2.537],[134.567,-2.51],[134.483,-2.583],[134.491,-2.714],[134.46,-2.833],[134.195,-2.309],[134.156,-2.195],[134.106,-1.721],[134.217,-1.529],[134.26,-1.363],[134.072,-1.002],[134.112,-0.847],[134.025,-0.77],[133.85,-0.731],[133.472,-0.726],[132.856,-0.417],[132.508,-0.348],[132.394,-0.356],[132.128,-0.454],[131.94,-0.607],[131.328,-0.301],[131.317,-0.204],[131.277,-0.15],[131.066,-0.058],[172.552,-0.058],[172.023,1.429],[171.812,2.699],[172.235,3.651],[172.976,3.651],[173.611,2.91],[173.822,1.217],[174.457,-0.053],[180.0,-0.053],[180.0,-16.153],[179.848,-16.214],[179.635,-16.223],[179.359,-16.38],[178.961,-16.483],[178.866,-16.54],[178.805,-16.632],[178.686,-16.666],[178.583,-16.622],[178.498,-16.788],[178.604,-16.8],[178.707,-16.976],[178.803,-16.952],[178.884,-16.886],[179.007,-16.9],[179.055,-16.814],[179.202,-16.713],[179.324,-16.718],[179.346,-16.77],[179.419,-16.806],[179.715,-16.744],[179.928,-16.744],[179.89,-16.667],[179.931,-16.519],[179.841,-16.537],[179.568,-16.748],[179.564,-16.637],[179.619,-16.528],[179.748,-16.446],[179.849,-16.301],[179.999,-16.169],[180.0,-16.786],[179.897,-16.964],[179.926,-17.0],[180.0,-16.963],[180.0,-60.533]],[[178.247,-17.329],[178.188,-17.313],[177.94,-17.395],[177.818,-17.388],[177.618,-17.461],[177.504,-17.54],[177.401,-17.632],[177.423,-17.737],[177.36,-17.82],[177.264,-17.864],[177.264,-17.969],[177.321,-18.077],[177.457,-18.148],[177.956,-18.264],[178.16,-18.25],[178.331,-18.135],[178.461,-18.139],[178.667,-18.081],[178.575,-17.749],[178.592,-17.651],[178.28,-17.416],[178.247,-17.329]],[[178.208,-18.97],[178.104,-19.066],[178.052,-19.06],[177.959,-19.121],[178.021,-19.152],[178.162,-19.121],[178.288,-19.004],[178.359,-19.046],[178.488,-19.017],[178.488,-18.974],[178.334,-18.935],[178.208,-18.97]],[[149.581,-1.353],[149.546,-1.472],[149.671,-1.576],[149.763,-1.589],[149.725,-1.431],[149.581,-1.353]],[[136.192,-1.859],[136.228,-1.894],[136.461,-1.891],[136.892,-1.8],[136.817,-1.754],[136.39,-1.722],[136.201,-1.655],[135.474,-1.592],[135.487,-1.668],[136.192,-1.859]],[[135.893,-0.726],[135.749,-0.732],[135.673,-0.688],[135.383,-0.651],[135.432,-0.769],[135.483,-0.801],[135.524,-0.787],[135.646,-0.882],[135.747,-0.823],[135.839,-1.12],[135.915,-1.178],[136.002,-1.17],[136.11,-1.217],[136.306,-1.173],[136.375,-1.094],[136.155,-0.978],[135.893,-0.726]]],[[[-68.078,-60.533],[-180.0,-60.533],[-180.0,-16.963],[-179.868,-16.85],[-179.822,-16.766],[-179.861,-16.688],[-180.0,-16.786],[-180.0,-16.54],[-179.929,-16.503],[-179.901,-16.432],[-180.0,-16.489],[-180.0,-16.168],[-179.945,-16.126],[-180.0,-16.153],[-180.0,0.26],[-92.432,0.26],[-92.468,2.332],[-91.133,2.07],[-90.456,1.187],[-89.703,0.053],[-80.101,0.053],[-80.482,-0.368],[-80.385,-0.584],[-80.282,-0.621],[-80.455,-0.585],[-80.554,-0.848],[-80.841,-0.975],[-80.903,-1.079],[-80.801,-1.383],[-80.835,-1.632],[-80.763,-1.823],[-80.77,-2.076],[-80.963,-2.189],[-80.801,-3.736],[-80.892,-3.882],[-81.232,-4.234],[-81.283,-4.322],[-81.336,-4.669],[-81.108,-5.028],[-81.168,-5.167],[-80.943,-5.475],[-80.882,-5.635],[-80.882,-5.759],[-80.931,-5.841],[-80.991,-5.861],[-81.092,-5.812],[-81.164,-5.875],[-81.18,-5.942],[-81.142,-6.057],[-80.812,-6.282],[-80.11,-6.649],[-79.995,-6.769],[-79.618,-7.296],[-79.589,-7.419],[-79.378,-7.835],[-79.012,-8.21],[-78.926,-8.405],[-78.762,-8.617],[-78.755,-8.74],[-78.665,-8.971],[-78.446,-9.37],[-78.186,-10.089],[-77.736,-10.837],[-77.664,-11.022],[-77.633,-11.288],[-77.31,-11.533],[-77.22,-11.663],[-77.153,-12.06],[-77.063,-12.107],[-76.994,-12.219],[-76.832,-12.349],[-76.758,-12.527],[-76.555,-12.823],[-76.502,-12.985],[-76.224,-13.371],[-76.184,-13.515],[-76.259,-13.803],[-76.377,-13.863],[-76.297,-13.948],[-76.289,-14.133],[-76.175,-14.227],[-75.934,-14.634],[-75.534,-14.899],[-75.104,-15.412],[-74.555,-15.699],[-74.373,-15.834],[-74.147,-15.913],[-73.728,-16.201],[-73.4,-16.304],[-72.794,-16.615],[-72.468,-16.708],[-72.112,-17.003],[-71.774,-17.199],[-71.532,-17.294],[-71.399,-17.422],[-71.337,-17.683],[-70.942,-17.932],[-70.362,-18.398],[-70.276,-19.267],[-70.148,-19.805],[-70.147,-20.23],[-70.197,-20.725],[-70.089,-21.253],[-70.087,-21.493],[-70.332,-22.849],[-70.449,-23.034],[-70.563,-23.057],[-70.593,-23.255],[-70.588,-23.368],[-70.512,-23.483],[-70.392,-23.566],[-70.508,-23.885],[-70.508,-24.129],[-70.574,-24.644],[-70.445,-25.173],[-70.452,-25.252],[-70.49,-25.377],[-70.633,-25.545],[-70.713,-25.784],[-70.636,-25.993],[-70.647,-26.329],[-70.898,-27.187],[-70.926,-27.589],[-71.053,-27.727],[-71.087,-27.815],[-71.154,-28.064],[-71.187,-28.378],[-71.267,-28.508],[-71.307,-28.672],[-71.384,-28.779],[-71.493,-28.855],[-71.519,-28.926],[-71.486,-29.198],[-71.353,-29.35],[-71.327,-29.443],[-71.316,-29.65],[-71.4,-30.143],[-71.67,-30.33],[-71.709,-30.628],[-71.654,-30.986],[-71.662,-31.169],[-71.526,-31.806],[-71.513,-32.208],[-71.421,-32.387],[-71.461,-32.538],[-71.452,-32.66],[-71.592,-32.97],[-71.743,-33.095],[-71.696,-33.429],[-71.636,-33.52],[-71.664,-33.653],[-71.831,-33.82],[-72.003,-34.165],[-71.991,-34.288],[-72.056,-34.616],[-72.224,-35.096],[-72.387,-35.24],[-72.624,-35.586],[-72.587,-35.759],[-72.778,-35.979],[-72.875,-36.39],[-73.006,-36.644],[-73.118,-36.688],[-73.216,-37.167],[-73.375,-37.224],[-73.602,-37.189],[-73.663,-37.341],[-73.603,-37.479],[-73.665,-37.59],[-73.662,-37.698],[-73.465,-38.04],[-73.532,-38.367],[-73.52,-38.51],[-73.226,-39.224],[-73.25,-39.422],[-73.411,-39.789],[-73.671,-39.963],[-73.669,-40.082],[-73.784,-40.468],[-73.92,-40.872],[-73.984,-40.974],[-73.966,-41.118],[-73.876,-41.319],[-73.855,-41.446],[-73.811,-41.517],[-73.711,-41.573],[-73.624,-41.581],[-73.735,-41.742],[-73.548,-41.791],[-73.538,-41.895],[-73.731,-41.877],[-74.037,-41.796],[-74.063,-41.823],[-74.019,-41.891],[-74.072,-42.106],[-74.16,-42.216],[-74.199,-42.481],[-74.156,-42.59],[-74.21,-42.879],[-74.387,-43.232],[-74.114,-43.358],[-73.867,-43.368],[-73.857,-43.784],[-73.789,-43.876],[-73.904,-43.875],[-73.956,-43.922],[-73.903,-44.135],[-74.083,-44.186],[-74.097,-44.389],[-74.212,-44.427],[-74.301,-44.395],[-74.502,-44.474],[-74.481,-44.584],[-74.618,-44.648],[-74.35,-44.911],[-74.195,-45.145],[-74.089,-45.196],[-74.099,-45.325],[-73.84,-45.332],[-73.724,-45.48],[-73.781,-45.628],[-73.757,-45.703],[-73.594,-45.777],[-73.662,-46.297],[-73.77,-46.5],[-73.846,-46.566],[-73.943,-46.571],[-73.935,-46.5],[-73.811,-46.377],[-73.708,-46.07],[-73.695,-45.86],[-73.735,-45.812],[-73.879,-45.847],[-73.968,-46.154],[-74.09,-46.222],[-74.373,-46.246],[-74.393,-46.217],[-74.082,-46.132],[-74.02,-46.056],[-74.061,-45.947],[-73.96,-45.835],[-73.825,-45.447],[-73.92,-45.408],[-74.038,-45.418],[-74.123,-45.496],[-74.082,-45.678],[-74.158,-45.767],[-74.463,-45.841],[-74.763,-45.824],[-75.067,-45.875],[-75.074,-46.005],[-74.925,-46.16],[-75.657,-46.611],[-75.708,-46.775],[-75.635,-46.863],[-75.498,-46.94],[-75.261,-47.764],[-75.186,-47.851],[-74.916,-47.757],[-74.927,-47.723],[-74.651,-47.706],[-74.609,-47.758],[-74.376,-47.83],[-74.35,-47.945],[-74.085,-47.955],[-73.941,-47.929],[-73.847,-47.867],[-73.748,-47.661],[-73.716,-47.656],[-73.61,-47.994],[-73.501,-48.106],[-73.391,-48.146],[-73.385,-48.177],[-73.528,-48.198],[-73.854,-48.042],[-74.25,-48.045],[-74.585,-47.999],[-74.577,-48.274],[-74.5,-48.362],[-74.474,-48.464],[-74.343,-48.493],[-74.172,-48.428],[-74.009,-48.475],[-74.057,-48.504],[-74.176,-48.494],[-74.341,-48.596],[-74.382,-48.793],[-74.366,-49.4],[-74.221,-49.5],[-74.028,-49.026],[-73.935,-49.021],[-74.015,-49.091],[-74.023,-49.244],[-74.094,-49.43],[-73.893,-49.524],[-73.837,-49.609],[-73.892,-49.624],[-74.102,-49.555],[-74.291,-49.604],[-74.324,-49.783],[-74.172,-49.907],[-74.073,-49.949],[-74.011,-49.928],[-73.959,-49.995],[-74.02,-50.023],[-74.333,-49.974],[-74.63,-50.194],[-74.425,-50.35],[-73.95,-50.511],[-74.186,-50.486],[-74.197,-50.61],[-73.978,-50.827],[-73.892,-50.782],[-73.75,-50.54],[-73.68,-50.49],[-73.655,-50.493],[-73.693,-50.57],[-73.618,-50.651],[-73.741,-50.697],[-73.824,-50.836],[-73.806,-50.939],[-73.848,-50.94],[-74.139,-50.818],[-74.366,-50.488],[-74.645,-50.361],[-74.776,-50.47],[-74.649,-50.618],[-74.686,-50.662],[-75.094,-50.681],[-75.055,-50.786],[-74.814,-51.063],[-74.332,-51.195],[-74.121,-51.195],[-73.939,-51.266],[-73.896,-51.331],[-73.93,-51.618],[-74.069,-51.579],[-74.196,-51.68],[-73.973,-51.785],[-73.894,-51.758],[-73.858,-51.79],[-73.752,-51.795],[-73.65,-51.856],[-73.518,-52.041],[-73.383,-52.07],[-72.929,-51.86],[-72.6,-51.799],[-72.584,-51.737],[-72.789,-51.614],[-73.197,-51.478],[-73.127,-51.44],[-72.761,-51.573],[-72.49,-51.764],[-72.523,-51.891],[-72.625,-51.947],[-72.614,-52.037],[-72.519,-52.217],[-72.569,-52.334],[-72.632,-52.372],[-72.677,-52.385],[-72.714,-52.357],[-72.584,-52.254],[-72.588,-52.145],[-72.695,-52.045],[-72.695,-51.985],[-72.795,-51.949],[-72.944,-52.047],[-73.26,-52.158],[-73.532,-52.153],[-73.684,-52.078],[-73.703,-52.199],[-73.834,-52.234],[-74.265,-52.105],[-74.296,-52.118],[-74.151,-52.383],[-74.037,-52.403],[-74.0,-52.512],[-74.036,-52.577],[-74.017,-52.633],[-74.67,-52.734],[-74.711,-52.768],[-74.558,-52.922],[-74.27,-53.082],[-73.867,-53.097],[-73.617,-53.23],[-73.567,-53.307],[-73.175,-53.356],[-73.083,-53.403],[-73.115,-53.448],[-73.099,-53.512],[-73.366,-53.47],[-73.447,-53.41],[-73.686,-53.427],[-73.846,-53.546],[-73.641,-53.57],[-73.471,-53.736],[-73.314,-53.729],[-73.305,-53.944],[-73.211,-53.986],[-73.081,-53.998],[-73.086,-53.916],[-73.04,-53.833],[-72.984,-53.861],[-72.764,-53.865],[-72.781,-53.955],[-72.881,-54.042],[-72.959,-54.066],[-72.907,-54.115],[-72.563,-54.074],[-72.369,-53.981],[-72.306,-53.862],[-72.211,-53.802],[-72.015,-53.894],[-72.146,-53.939],[-72.21,-54.048],[-71.972,-54.207],[-71.949,-54.301],[-71.818,-54.277],[-71.761,-54.23],[-71.473,-54.231],[-71.143,-54.374],[-71.005,-54.246],[-71.023,-54.138],[-70.863,-54.098],[-70.76,-54.241],[-70.54,-54.304],[-70.298,-54.486],[-70.311,-54.528],[-70.701,-54.486],[-70.699,-54.349],[-70.797,-54.327],[-70.898,-54.338],[-70.966,-54.419],[-71.08,-54.444],[-71.355,-54.396],[-71.606,-54.497],[-71.8,-54.434],[-71.928,-54.528],[-71.901,-54.601],[-71.832,-54.626],[-71.441,-54.619],[-71.229,-54.694],[-70.925,-54.714],[-70.497,-54.809],[-70.282,-54.752],[-70.138,-54.819],[-70.03,-54.816],[-69.723,-54.712],[-69.486,-54.859],[-69.082,-54.91],[-69.092,-54.994],[-69.884,-54.882],[-69.921,-55.061],[-69.988,-55.131],[-69.854,-55.22],[-69.68,-55.219],[-69.646,-55.321],[-69.509,-55.371],[-69.412,-55.444],[-69.241,-55.477],[-69.181,-55.475],[-69.359,-55.3],[-69.297,-55.166],[-69.151,-55.184],[-69.008,-55.256],[-68.89,-55.241],[-68.931,-55.371],[-68.867,-55.45],[-68.594,-55.45],[-68.338,-55.505],[-68.23,-55.602],[-68.082,-55.651],[-68.078,-60.533]],[[-71.407,-54.931],[-71.203,-54.893],[-70.991,-54.99],[-70.94,-55.062],[-70.711,-55.107],[-70.598,-55.082],[-70.551,-55.112],[-70.544,-55.161],[-70.475,-55.177],[-70.298,-55.114],[-70.283,-55.066],[-70.418,-54.909],[-70.805,-54.968],[-70.928,-54.943],[-70.992,-54.868],[-71.374,-54.834],[-71.41,-54.839],[-71.437,-54.889],[-71.407,-54.931]],[[-74.423,-51.845],[-74.172,-51.942],[-74.115,-51.888],[-74.362,-51.751],[-74.475,-51.725],[-74.423,-51.845]],[[-74.69,-45.663],[-74.678,-45.738],[-74.562,-45.723],[-74.466,-45.757],[-74.368,-45.736],[-74.244,-45.654],[-74.24,-45.574],[-74.316,-45.464],[-74.285,-45.277],[-74.311,-45.173],[-74.422,-45.203],[-74.502,-45.285],[-74.495,-45.426],[-74.69,-45.663]],[[-74.896,-48.733],[-74.981,-48.819],[-74.949,-48.96],[-75.184,-49.083],[-75.21,-49.148],[-75.094,-49.185],[-75.086,-49.27],[-75.217,-49.293],[-75.327,-49.269],[-75.468,-49.359],[-75.306,-49.494],[-75.337,-49.628],[-75.521,-49.622],[-75.57,-49.697],[-75.55,-49.791],[-75.451,-49.77],[-75.3,-49.847],[-75.066,-49.852],[-74.993,-49.752],[-74.96,-49.533],[-74.724,-49.424],[-74.805,-49.516],[-74.812,-49.605],[-74.859,-49.634],[-74.881,-49.726],[-74.822,-49.814],[-74.811,-49.929],[-74.763,-50.011],[-74.595,-50.007],[-74.496,-49.86],[-74.459,-49.691],[-74.516,-49.66],[-74.522,-49.623],[-74.467,-49.294],[-74.531,-48.812],[-74.566,-48.755],[-74.747,-48.709],[-74.896,-48.733]],[[-74.91,-51.65],[-74.915,-51.738],[-75.008,-51.724],[-75.106,-51.789],[-75.017,-52.038],[-74.852,-52.271],[-74.694,-52.279],[-74.666,-52.16],[-74.537,-51.965],[-74.647,-51.866],[-74.78,-51.825],[-74.823,-51.63],[-74.91,-51.65]],[[-74.737,-51.207],[-75.04,-51.318],[-75.154,-51.279],[-75.3,-51.557],[-75.289,-51.625],[-75.146,-51.524],[-75.047,-51.398],[-74.853,-51.434],[-74.731,-51.367],[-74.62,-51.396],[-74.561,-51.361],[-74.558,-51.277],[-74.611,-51.207],[-74.737,-51.207]],[[-75.198,-47.975],[-75.247,-48.027],[-75.213,-48.141],[-75.052,-48.391],[-75.013,-48.536],[-74.923,-48.627],[-74.586,-48.616],[-74.567,-48.592],[-74.618,-48.425],[-74.602,-48.371],[-74.664,-48.299],[-74.715,-48.146],[-74.846,-48.021],[-74.828,-47.85],[-74.895,-47.839],[-74.975,-47.923],[-75.198,-47.975]],[[-74.876,-50.11],[-75.327,-50.012],[-75.449,-50.343],[-75.308,-50.343],[-75.251,-50.376],[-74.839,-50.197],[-74.876,-50.11]],[[-75.115,-48.916],[-75.119,-48.773],[-75.583,-48.859],[-75.638,-48.943],[-75.515,-49.01],[-75.488,-49.082],[-75.641,-49.195],[-75.506,-49.23],[-75.39,-49.159],[-75.115,-48.916]],[[-75.411,-50.764],[-75.33,-50.772],[-75.292,-50.597],[-75.203,-50.581],[-75.115,-50.511],[-75.428,-50.48],[-75.42,-50.531],[-75.478,-50.654],[-75.411,-50.764]],[[-75.155,-48.425],[-75.391,-48.02],[-75.572,-48.096],[-75.509,-48.231],[-75.518,-48.329],[-75.651,-48.586],[-75.623,-48.765],[-75.51,-48.763],[-75.225,-48.672],[-75.158,-48.622],[-75.155,-48.425]],[[-89.423,-0.722],[-89.608,-0.888],[-89.603,-0.913],[-89.536,-0.952],[-89.419,-0.911],[-89.259,-0.729],[-89.318,-0.68],[-89.423,-0.722]],[[-90.542,-0.677],[-90.387,-0.774],[-90.335,-0.771],[-90.261,-0.742],[-90.193,-0.659],[-90.185,-0.545],[-90.269,-0.485],[-90.47,-0.517],[-90.532,-0.582],[-90.542,-0.677]],[[-90.809,-0.33],[-90.621,-0.364],[-90.554,-0.278],[-90.667,-0.19],[-90.781,-0.16],[-90.868,-0.271],[-90.809,-0.33]],[[-91.59,-0.015],[-91.55,-0.047],[-91.469,-0.011],[-91.429,-0.023],[-91.369,-0.287],[-91.249,-0.374],[-91.197,-0.497],[-91.121,-0.559],[-91.145,-0.623],[-91.334,-0.706],[-91.458,-0.8],[-91.495,-0.861],[-91.484,-0.924],[-91.372,-1.017],[-91.131,-1.02],[-90.905,-0.941],[-90.8,-0.752],[-90.959,-0.595],[-90.976,-0.417],[-91.176,-0.223],[-91.21,-0.039],[-91.306,0.092],[-91.362,0.126],[-91.491,0.105],[-91.59,-0.015]],[[-91.399,-0.323],[-91.46,-0.256],[-91.647,-0.285],[-91.647,-0.391],[-91.611,-0.444],[-91.526,-0.478],[-91.426,-0.461],[-91.399,-0.323]],[[-149.635,-17.564],[-149.579,-17.735],[-149.341,-17.732],[-149.255,-17.85],[-149.182,-17.862],[-149.151,-17.812],[-149.178,-17.737],[-149.322,-17.69],[-149.33,-17.589],[-149.379,-17.522],[-149.508,-17.496],[-149.635,-17.564]],[[-171.912,-14.002],[-171.728,-14.047],[-171.454,-14.047],[-171.449,-14.022],[-171.461,-13.977],[-171.565,-13.943],[-171.604,-13.879],[-171.858,-13.807],[-172.046,-13.857],[-172.028,-13.907],[-171.912,-14.002]],[[-172.334,-13.465],[-172.67,-13.524],[-172.779,-13.517],[-172.536,-13.792],[-172.331,-13.775],[-172.225,-13.804],[-172.177,-13.685],[-172.221,-13.559],[-172.334,-13.465]],[[-176.566,-43.718],[-176.667,-43.765],[-176.761,-43.758],[-176.848,-43.824],[-176.635,-43.82],[-176.555,-43.852],[-176.524,-43.901],[-176.631,-44.007],[-176.598,-44.107],[-176.516,-44.117],[-176.334,-44.048],[-176.385,-43.951],[-176.439,-43.955],[-176.5,-43.86],[-176.441,-43.816],[-176.517,-43.785],[-176.408,-43.761],[-176.375,-43.791],[-176.382,-43.867],[-176.275,-43.765],[-176.177,-43.74],[-176.566,-43.718]]]]},"properties":{"name":"South Pacific Ocean","name_en":"Pacific Ocean","name_zh":"太平洋","featurecla":"ocean","scalerank":0,"min_label":1,"max_label":6.5,"label":"SOUTH PACIFIC OCEAN","wikidataid":"Q98"}},{"type":"Feature","geometry":{"type":"Polygon","coordinates":[[[166.066,-60.533],[19.616,-60.533],[19.616,-34.813],[19.635,-34.753],[20.021,-34.786],[20.53,-34.463],[20.775,-34.44],[20.882,-34.387],[21.06,-34.365],[21.35,-34.408],[21.789,-34.372],[22.245,-34.069],[22.554,-34.01],[23.268,-34.081],[23.586,-33.985],[23.698,-33.993],[24.183,-34.061],[24.595,-34.175],[24.827,-34.169],[25.003,-33.973],[25.17,-33.961],[25.574,-34.035],[25.638,-34.011],[25.653,-33.85],[25.806,-33.737],[25.99,-33.712],[26.429,-33.76],[26.613,-33.707],[27.078,-33.521],[27.861,-33.054],[28.856,-32.294],[29.483,-31.675],[29.971,-31.322],[30.289,-30.97],[30.472,-30.714],[30.878,-30.071],[31.024,-29.901],[31.17,-29.591],[31.335,-29.378],[31.778,-28.937],[32.027,-28.84],[32.286,-28.622],[32.535,-28.2],[32.657,-27.607],[32.849,-27.08],[32.91,-26.572],[45.112,-25.541],[45.206,-25.57],[45.508,-25.563],[46.159,-25.231],[46.387,-25.173],[46.729,-25.15],[47.035,-24.979],[47.177,-24.787],[47.373,-24.218],[47.558,-23.874],[47.604,-23.633],[47.804,-22.992],[47.908,-22.466],[48.351,-21.349],[48.469,-20.9],[48.918,-19.53],[49.363,-18.336],[49.478,-17.898],[49.494,-17.669],[49.437,-17.347],[49.449,-17.241],[49.595,-16.931],[49.767,-16.815],[49.734,-16.703],[49.811,-16.603],[49.839,-16.487],[49.828,-16.249],[50.262,-15.901],[50.405,-15.629],[50.483,-15.385],[50.441,-15.149],[50.313,-14.937],[50.236,-14.732],[50.174,-14.04],[49.938,-13.072],[49.638,-12.637],[49.538,-12.432],[49.364,-12.236],[49.257,-12.047],[48.886,-11.783],[42.466,-10.989],[40.609,-10.659],[40.517,-10.567],[40.389,-10.354],[40.083,-10.157],[39.983,-10.159],[39.864,-10.022],[39.725,-10.001],[39.784,-9.914],[39.626,-9.41],[39.641,-9.193],[39.451,-8.943],[39.488,-8.862],[39.378,-8.721],[39.304,-8.444],[39.34,-8.243],[39.441,-8.012],[39.428,-7.813],[39.33,-7.746],[39.287,-7.788],[39.289,-7.518],[39.353,-7.342],[39.519,-7.124],[39.546,-7.024],[39.472,-6.879],[39.288,-6.815],[39.126,-6.556],[38.981,-6.455],[38.874,-6.331],[38.804,-6.07],[38.819,-5.877],[38.978,-5.519],[39.228,-4.666],[39.288,-4.608],[39.377,-4.625],[39.491,-4.478],[39.819,-3.786],[39.861,-3.577],[39.992,-3.351],[40.115,-3.251],[40.195,-3.019],[40.18,-2.819],[40.223,-2.688],[40.405,-2.556],[40.644,-2.539],[40.813,-2.392],[40.82,-2.336],[40.898,-2.27],[40.922,-2.194],[40.89,-2.023],[40.952,-2.056],[40.996,-1.95],[41.107,-1.982],[41.268,-1.945],[41.387,-1.867],[41.732,-1.43],[41.98,-0.973],[42.219,-0.738],[42.56,-0.322],[43.718,0.858],[44.333,1.391],[44.92,1.81],[45.826,2.31],[46.051,2.475],[46.879,3.286],[47.975,4.497],[48.234,4.953],[48.649,5.494],[49.049,6.174],[49.093,6.408],[49.235,6.778],[49.671,7.47],[49.852,7.962],[50.103,8.2],[50.286,8.51],[50.43,8.845],[50.638,9.109],[50.685,9.241],[50.825,9.428],[50.833,9.71],[50.93,10.336],[51.209,10.431],[51.384,10.387],[51.388,10.409],[73.123,-0.68],[80.215,6.053],[80.267,6.01],[80.496,5.949],[80.724,5.979],[81.306,6.204],[81.637,6.425],[81.767,6.614],[81.861,6.901],[81.874,7.242],[95.224,5.522],[95.247,5.411],[95.207,5.284],[95.495,4.761],[95.988,4.263],[96.23,4.073],[96.444,3.816],[96.525,3.767],[96.801,3.708],[96.969,3.575],[97.391,2.975],[97.591,2.846],[97.701,2.359],[97.795,2.283],[98.086,2.195],[98.596,1.865],[98.797,1.494],[99.159,0.352],[99.335,0.209],[99.67,0.045],[99.86,-0.314],[100.308,-0.827],[100.486,-1.299],[100.855,-1.934],[100.848,-2.144],[100.889,-2.248],[101.119,-2.588],[101.366,-2.809],[101.578,-3.167],[102.128,-3.599],[102.372,-3.969],[102.538,-4.152],[102.919,-4.471],[103.832,-5.079],[104.067,-5.386],[104.608,-5.905],[105.13,-6.606],[105.26,-6.524],[105.253,-6.64],[105.195,-6.661],[105.277,-6.727],[105.243,-6.778],[105.256,-6.835],[105.835,-6.846],[106.198,-6.928],[106.52,-7.054],[106.417,-7.239],[106.411,-7.312],[106.455,-7.369],[106.631,-7.416],[107.285,-7.472],[107.547,-7.542],[107.917,-7.724],[108.452,-7.797],[108.57,-7.707],[108.741,-7.667],[109.282,-7.705],[110.039,-7.89],[110.607,-8.15],[111.51,-8.305],[112.115,-8.324],[112.679,-8.409],[113.019,-8.313],[113.253,-8.287],[113.94,-8.568],[114.16,-8.626],[114.277,-8.615],[114.459,-8.741],[114.584,-8.77],[114.595,-8.738],[115.155,-8.854],[116.602,-8.978],[117.061,-9.099],[117.21,-9.034],[117.388,-9.032],[117.732,-8.92],[117.861,-8.932],[118.07,-8.851],[118.19,-8.841],[118.379,-8.675],[118.398,-8.813],[118.427,-8.856],[118.507,-8.854],[119.085,-9.707],[119.363,-9.772],[119.546,-9.768],[119.663,-9.815],[119.93,-9.966],[120.052,-10.123],[120.255,-10.242],[120.439,-10.294],[120.653,-10.223],[121.329,-10.795],[122.811,-10.848],[122.826,-10.899],[122.917,-10.918],[126.899,-13.746],[126.776,-13.788],[126.781,-13.955],[126.679,-14.09],[126.57,-14.161],[126.403,-14.019],[126.323,-14.062],[126.258,-14.164],[126.184,-14.002],[126.119,-13.958],[126.054,-13.977],[126.111,-14.114],[126.101,-14.184],[126.053,-14.217],[126.021,-14.494],[125.946,-14.52],[125.89,-14.618],[125.85,-14.598],[125.82,-14.469],[125.739,-14.444],[125.662,-14.529],[125.705,-14.291],[125.628,-14.257],[125.597,-14.278],[125.58,-14.483],[125.436,-14.557],[125.285,-14.584],[125.267,-14.648],[125.179,-14.715],[125.243,-14.945],[125.384,-15.016],[125.355,-15.12],[125.038,-15.004],[125.023,-15.072],[124.839,-15.161],[124.909,-15.31],[125.073,-15.307],[125.063,-15.442],[125.016,-15.466],[124.972,-15.405],[124.692,-15.274],[124.691,-15.36],[124.562,-15.496],[124.44,-15.493],[124.382,-15.758],[124.504,-15.972],[124.607,-15.823],[124.649,-15.806],[124.649,-15.87],[124.577,-16.114],[124.435,-16.104],[124.416,-16.134],[124.388,-16.203],[124.405,-16.299],[124.454,-16.335],[124.669,-16.339],[124.772,-16.403],[124.3,-16.388],[124.13,-16.279],[124.044,-16.265],[123.961,-16.287],[123.915,-16.363],[123.859,-16.382],[123.729,-16.192],[123.647,-16.18],[123.607,-16.224],[123.646,-16.343],[123.626,-16.416],[123.581,-16.471],[123.49,-16.491],[123.778,-16.868],[123.856,-16.864],[123.874,-16.918],[123.829,-16.997],[123.831,-17.121],[123.799,-17.127],[123.664,-17.023],[123.593,-17.03],[123.608,-17.22],[123.563,-17.521],[123.383,-17.293],[123.266,-17.037],[123.142,-16.863],[122.971,-16.437],[122.917,-16.433],[122.72,-16.788],[122.333,-17.059],[122.16,-17.314],[122.148,-17.549],[122.238,-17.968],[122.361,-18.037],[122.346,-18.112],[122.006,-18.394],[121.834,-18.477],[121.494,-19.107],[121.338,-19.32],[120.998,-19.605],[120.434,-19.842],[120.196,-19.909],[119.768,-19.959],[119.586,-20.038],[119.104,-19.996],[118.751,-20.262],[118.199,-20.375],[117.684,-20.643],[117.406,-20.721],[117.293,-20.713],[117.139,-20.641],[116.707,-20.654],[116.011,-21.031],[115.456,-21.492],[114.709,-21.823],[114.603,-21.942],[114.378,-22.341],[114.303,-22.426],[114.141,-22.483],[114.164,-22.323],[114.093,-22.182],[114.142,-21.91],[114.124,-21.829],[113.958,-21.939],[113.683,-22.638],[113.795,-22.914],[113.757,-23.418],[113.49,-23.87],[113.413,-24.254],[113.395,-25.713],[113.513,-25.898],[113.589,-26.098],[113.853,-26.332],[113.837,-26.501],[113.733,-26.595],[113.582,-26.558],[113.547,-26.437],[113.356,-26.08],[113.323,-26.244],[113.185,-26.182],[113.333,-26.418],[113.71,-26.848],[114.028,-27.347],[114.099,-27.544],[114.165,-28.081],[114.537,-28.543],[114.628,-28.872],[114.857,-29.143],[114.959,-29.434],[114.942,-29.722],[115.017,-30.308],[115.017,-33.53],[114.994,-33.515],[114.973,-34.051],[115.009,-34.256],[115.128,-34.342],[115.277,-34.304],[115.565,-34.426],[115.726,-34.526],[115.987,-34.795],[116.517,-34.988],[117.582,-35.098],[118.036,-35.007],[118.047,-35.06],[145.989,-43.417],[146.043,-43.547],[146.187,-43.513],[146.36,-43.518],[146.779,-43.632],[165.899,-50.792],[165.904,-50.822],[166.066,-50.855],[166.066,-60.533]],[[112.908,-25.57],[112.965,-25.783],[113.157,-26.094],[113.183,-26.053],[113.132,-25.883],[112.982,-25.52],[112.908,-25.57]],[[102.111,-5.322],[102.286,-5.484],[102.367,-5.479],[102.406,-5.405],[102.199,-5.289],[102.111,-5.322]],[[100.179,-2.82],[100.204,-2.987],[100.332,-3.113],[100.346,-3.229],[100.465,-3.328],[100.425,-3.183],[100.465,-3.117],[100.454,-3.002],[100.245,-2.783],[100.198,-2.785],[100.179,-2.82]],[[100.015,-2.82],[100.133,-2.821],[100.204,-2.741],[100.202,-2.68],[100.012,-2.51],[99.968,-2.61],[100.015,-2.82]],[[99.572,-2.026],[99.537,-2.162],[99.607,-2.257],[99.848,-2.37],[99.687,-2.063],[99.622,-2.017],[99.572,-2.026]],[[98.874,-1.664],[99.072,-1.784],[99.271,-1.738],[99.267,-1.628],[99.131,-1.442],[99.129,-1.384],[98.955,-1.056],[98.933,-0.954],[98.869,-0.915],[98.676,-0.97],[98.602,-1.198],[98.874,-1.664]],[[98.416,-0.017],[98.323,-0.001],[98.427,-0.226],[98.31,-0.532],[98.4,-0.577],[98.459,-0.531],[98.544,-0.258],[98.416,-0.017]],[[97.482,1.465],[97.356,1.54],[97.244,1.424],[97.079,1.426],[97.297,1.188],[97.405,0.947],[97.462,0.941],[97.604,0.834],[97.684,0.596],[97.82,0.565],[97.876,0.628],[97.932,0.974],[97.786,1.146],[97.699,1.184],[97.482,1.465]],[[95.896,2.889],[95.806,2.916],[95.717,2.826],[95.808,2.655],[96.022,2.596],[96.341,2.372],[96.463,2.36],[96.418,2.515],[96.102,2.741],[95.998,2.781],[95.896,2.889]],[[73.336,-53.03],[73.465,-53.184],[73.588,-53.184],[73.838,-53.113],[73.586,-53.027],[73.251,-52.976],[73.285,-53.021],[73.336,-53.03]],[[68.815,-49.7],[68.993,-49.705],[69.086,-49.653],[69.153,-49.53],[69.613,-49.651],[69.746,-49.602],[69.919,-49.689],[70.124,-49.705],[70.307,-49.583],[70.166,-49.509],[70.073,-49.518],[70.063,-49.589],[69.987,-49.582],[69.856,-49.544],[69.78,-49.49],[69.76,-49.43],[69.861,-49.42],[69.916,-49.348],[70.166,-49.343],[70.298,-49.425],[70.386,-49.434],[70.412,-49.411],[70.39,-49.365],[70.485,-49.328],[70.556,-49.201],[70.484,-49.084],[70.32,-49.058],[70.208,-49.135],[70.061,-49.136],[69.771,-49.248],[69.542,-49.256],[69.405,-49.182],[69.436,-49.124],[69.644,-49.117],[69.587,-49.072],[69.593,-48.971],[69.535,-48.974],[69.314,-49.106],[69.052,-49.082],[69.033,-49.018],[69.136,-48.861],[69.123,-48.766],[69.072,-48.753],[69.081,-48.679],[69.002,-48.661],[68.832,-48.849],[68.837,-48.926],[68.77,-49.066],[68.817,-49.135],[68.883,-49.165],[68.814,-49.192],[68.799,-49.232],[68.842,-49.285],[68.818,-49.354],[68.872,-49.444],[68.791,-49.6],[68.815,-49.7]],[[57.384,-20.504],[57.651,-20.485],[57.781,-20.327],[57.792,-20.213],[57.657,-19.99],[57.576,-19.997],[57.515,-20.056],[57.487,-20.144],[57.386,-20.228],[57.365,-20.406],[57.318,-20.428],[57.384,-20.504]],[[55.662,-20.906],[55.45,-20.865],[55.311,-20.904],[55.233,-21.059],[55.363,-21.273],[55.558,-21.358],[55.798,-21.339],[55.839,-21.139],[55.662,-20.906]],[[39.907,-7.649],[39.603,-7.936],[39.636,-7.978],[39.711,-7.978],[39.762,-7.912],[39.825,-7.9],[39.907,-7.649]],[[39.865,-4.906],[39.781,-4.945],[39.673,-4.927],[39.701,-5.114],[39.647,-5.368],[39.75,-5.444],[39.853,-5.256],[39.865,-4.906]],[[39.312,-6.279],[39.383,-6.365],[39.424,-6.348],[39.481,-6.454],[39.563,-6.427],[39.497,-6.175],[39.433,-6.116],[39.309,-5.722],[39.267,-5.853],[39.192,-5.931],[39.206,-6.083],[39.182,-6.173],[39.244,-6.275],[39.312,-6.279]]]},"properties":{"name":"INDIAN OCEAN","name_en":"Indian Ocean","name_zh":"印度洋","featurecla":"ocean","scalerank":0,"min_label":1,"max_label":6.5,"label":"INDIAN OCEAN","wikidataid":"Q1239"}},{"type":"Feature","geometry":{"type":"Polygon","coordinates":[[[19.616,-60.533],[-68.078,-60.533],[-68.082,-55.651],[-68.049,-55.643],[-68.045,-55.587],[-68.09,-55.478],[-68.326,-55.333],[-68.282,-55.255],[-68.382,-55.192],[-68.613,-55.155],[-68.4,-55.042],[-68.458,-54.96],[-68.653,-54.958],[-68.901,-55.018],[-69.092,-54.994],[-69.082,-54.91],[-68.618,-54.834],[-68.22,-54.817],[-66.93,-54.925],[-66.511,-55.032],[-65.954,-54.919],[-65.471,-54.915],[-65.346,-54.878],[-65.179,-54.678],[-65.252,-54.638],[-65.369,-54.632],[-65.747,-54.653],[-66.236,-54.533],[-66.865,-54.223],[-67.294,-54.05],[-68.008,-53.564],[-68.161,-53.307],[-68.393,-53.295],[-68.488,-53.261],[-68.521,-53.177],[-68.431,-53.055],[-68.333,-53.02],[-68.24,-53.082],[-68.278,-52.984],[-68.571,-52.695],[-68.762,-52.582],[-68.696,-52.314],[-68.443,-52.357],[-68.394,-52.307],[-67.911,-49.982],[-67.783,-49.859],[-67.662,-49.342],[-67.694,-49.304],[-67.685,-49.247],[-67.466,-48.952],[-67.131,-48.688],[-66.393,-48.342],[-66.017,-48.084],[-65.912,-47.977],[-65.81,-47.941],[-65.864,-47.853],[-65.934,-47.827],[-66.172,-47.858],[-66.225,-47.827],[-66.04,-47.783],[-65.886,-47.702],[-65.775,-47.568],[-65.738,-47.345],[-65.846,-47.166],[-65.645,-45.008],[-65.599,-44.875],[-65.699,-44.796],[-65.648,-44.662],[-65.361,-44.477],[-65.29,-44.36],[-65.266,-44.28],[-65.309,-44.158],[-65.239,-44.049],[-65.305,-43.787],[-65.252,-43.572],[-64.986,-43.294],[-64.84,-43.189],[-64.432,-43.059],[-64.319,-42.969],[-64.629,-42.909],[-65.027,-42.759],[-64.971,-42.666],[-64.812,-42.633],[-64.65,-42.531],[-64.488,-42.513],[-64.324,-42.572],[-64.248,-42.646],[-64.22,-42.756],[-64.131,-42.861],[-64.035,-42.882],[-63.692,-42.805],[-63.617,-42.696],[-63.596,-42.406],[-63.685,-42.189],[-63.786,-42.119],[-63.403,-41.156],[-62.959,-41.11],[-62.395,-40.891],[-62.302,-40.815],[-62.246,-40.674],[-62.393,-40.459],[-62.427,-40.356],[-62.402,-40.197],[-62.287,-39.895],[-62.131,-39.826],[-62.077,-39.465],[-61.408,-38.983],[-60.904,-38.974],[-59.829,-38.838],[-59.007,-38.674],[-58.179,-38.436],[-57.646,-38.17],[-57.547,-38.086],[-57.507,-37.909],[-57.396,-37.745],[-57.088,-37.446],[-56.672,-36.851],[-56.698,-36.427],[-56.751,-36.336],[-54.919,-34.963],[-54.913,-34.931],[-54.365,-34.733],[-54.272,-34.667],[-54.169,-34.671],[-54.01,-34.517],[-53.785,-34.38],[-53.743,-34.25],[-53.535,-34.017],[-53.42,-33.779],[-52.921,-33.402],[-52.652,-33.138],[-52.509,-32.875],[-52.342,-32.44],[-52.128,-32.168],[-52.168,-32.083],[-52.069,-32.063],[-52.039,-32.115],[-51.798,-31.9],[-51.152,-31.481],[-50.922,-31.258],[-50.62,-30.897],[-50.299,-30.426],[-50.033,-29.801],[-49.746,-29.363],[-49.5,-29.076],[-49.271,-28.871],[-48.8,-28.575],[-48.798,-28.443],[-48.693,-28.31],[-48.621,-28.075],[-48.606,-27.825],[-48.642,-27.558],[-48.572,-27.373],[-48.595,-27.264],[-48.554,-27.196],[-48.678,-26.703],[-48.651,-26.406],[-48.748,-26.269],[-48.62,-26.179],[-48.576,-25.935],[-48.613,-25.875],[-48.679,-25.875],[-48.666,-25.844],[-48.545,-25.816],[-48.401,-25.597],[-48.43,-25.55],[-48.507,-25.521],[-48.692,-25.492],[-48.732,-25.369],[-48.644,-25.436],[-48.476,-25.443],[-48.428,-25.403],[-48.458,-25.31],[-48.403,-25.272],[-48.186,-25.31],[-48.242,-25.403],[-48.203,-25.416],[-47.929,-25.168],[-47.908,-25.068],[-47.989,-25.036],[-47.877,-24.997],[-47.137,-24.493],[-46.867,-24.236],[-45.972,-23.795],[-45.665,-23.765],[-45.464,-23.802],[-45.424,-23.685],[-45.326,-23.6],[-45.216,-23.575],[-44.952,-23.382],[-44.667,-23.335],[-44.569,-23.274],[-44.674,-23.207],[-44.681,-23.107],[-44.637,-23.056],[-44.368,-23.005],[-44.148,-23.011],[-44.048,-22.945],[-43.866,-22.911],[-43.703,-22.966],[-43.676,-23.01],[-43.974,-23.057],[-43.899,-23.101],[-43.224,-22.991],[-43.194,-22.939],[-43.242,-22.795],[-43.229,-22.748],[-43.154,-22.725],[-43.086,-22.723],[-43.066,-22.77],[-43.1,-22.85],[-43.081,-22.902],[-42.958,-22.967],[-42.042,-22.947],[-41.941,-22.789],[-41.986,-22.736],[-41.98,-22.581],[-41.706,-22.31],[-41.122,-22.084],[-41.0,-21.999],[-41.047,-21.506],[-40.955,-21.238],[-40.829,-21.031],[-40.789,-20.906],[-40.596,-20.784],[-40.396,-20.569],[-40.319,-20.426],[-40.299,-20.293],[-40.203,-20.206],[-40.142,-19.968],[-40.001,-19.742],[-39.845,-19.649],[-39.783,-19.572],[-39.7,-19.278],[-39.74,-18.64],[-39.651,-18.252],[-39.487,-17.99],[-39.278,-17.849],[-39.154,-17.704],[-39.215,-17.316],[-39.203,-17.178],[-39.063,-16.504],[-38.88,-15.864],[-38.996,-15.254],[-39.06,-14.655],[-38.942,-14.031],[-38.967,-14.003],[-39.008,-14.101],[-39.048,-14.044],[-39.041,-13.758],[-38.989,-13.615],[-39.035,-13.559],[-39.089,-13.588],[-39.031,-13.365],[-38.835,-13.147],[-38.833,-13.033],[-38.764,-12.907],[-38.784,-12.844],[-38.852,-12.79],[-38.744,-12.749],[-38.691,-12.624],[-38.525,-12.762],[-38.499,-12.957],[-38.401,-12.966],[-38.24,-12.844],[-38.019,-12.591],[-37.689,-12.1],[-37.469,-11.654],[-37.412,-11.497],[-37.438,-11.394],[-37.359,-11.253],[-37.322,-11.215],[-37.356,-11.404],[-37.181,-11.188],[-37.183,-11.069],[-37.126,-11.085],[-37.093,-11.055],[-36.938,-10.82],[-36.768,-10.672],[-36.399,-10.484],[-36.223,-10.225],[-36.055,-10.076],[-35.885,-9.848],[-35.848,-9.773],[-35.891,-9.687],[-35.83,-9.719],[-35.764,-9.703],[-35.597,-9.541],[-35.341,-9.231],[-35.158,-8.931],[-34.967,-8.407],[-34.835,-7.971],[-34.879,-7.747],[-34.805,-7.288],[-34.834,-7.025],[-34.876,-7.003],[-34.988,-6.394],[-35.095,-6.185],[-35.235,-5.567],[-35.393,-5.251],[-35.482,-5.166],[-35.549,-5.129],[-35.98,-5.055],[-36.162,-5.094],[-36.591,-5.097],[-36.747,-5.051],[-36.955,-4.937],[-37.175,-4.912],[-37.301,-4.713],[-37.626,-4.592],[-37.796,-4.404],[-38.049,-4.216],[-38.476,-3.717],[-38.686,-3.654],[-39.014,-3.39],[-39.965,-2.862],[-40.475,-2.796],[-40.875,-2.87],[-41.194,-2.886],[-41.318,-2.936],[-41.64,-2.879],[-41.722,-2.809],[-41.876,-2.746],[-42.0,-2.806],[-42.25,-2.792],[-42.594,-2.661],[-42.676,-2.59],[-42.936,-2.465],[-43.23,-2.386],[-43.388,-2.382],[-44.546,-1.955],[-44.651,-1.746],[-44.778,-1.799],[-44.721,-1.733],[-44.79,-1.725],[-45.076,-1.466],[-45.182,-1.507],[-45.282,-1.696],[-45.329,-1.717],[-45.353,-1.567],[-45.458,-1.356],[-45.557,-1.331],[-45.645,-1.348],[-45.779,-1.251],[-45.972,-1.187],[-46.045,-1.103],[-46.215,-1.1],[-46.219,-1.031],[-46.422,-1.03],[-46.617,-0.97],[-46.811,-0.779],[-46.894,-0.78],[-46.944,-0.743],[-47.127,-0.746],[-47.269,-0.646],[-47.398,-0.626],[-47.46,-0.681],[-47.418,-0.766],[-47.557,-0.67],[-47.687,-0.725],[-47.807,-0.664],[-47.961,-0.769],[-48.393,-0.297],[-48.588,-0.232],[-49.117,-0.163],[-49.326,-0.174],[-49.41,-0.082],[-49.381,-0.056],[-49.383,0.022],[6.984,0.033],[8.71,-0.607],[8.844,-0.914],[9.065,-1.299],[9.204,-1.382],[9.347,-1.325],[9.28,-1.482],[9.296,-1.515],[9.33,-1.535],[9.448,-1.509],[9.524,-1.599],[9.319,-1.632],[9.036,-1.309],[9.258,-1.726],[9.266,-1.825],[9.483,-1.894],[9.483,-1.962],[9.343,-1.894],[9.299,-1.903],[9.533,-2.164],[9.625,-2.367],[9.676,-2.416],[9.861,-2.443],[10.062,-2.55],[10.002,-2.589],[9.722,-2.467],[10.006,-2.748],[10.347,-3.013],[10.586,-3.278],[10.641,-3.398],[10.947,-3.662],[11.032,-3.826],[11.777,-4.566],[11.781,-4.677],[11.821,-4.756],[12.04,-5.035],[12.177,-5.325],[12.206,-5.468],[12.156,-5.633],[12.24,-5.808],[12.453,-6.001],[12.681,-5.961],[12.861,-5.854],[13.003,-5.836],[13.068,-5.865],[12.791,-6.004],[12.303,-6.093],[12.283,-6.125],[12.521,-6.59],[12.823,-6.955],[12.862,-7.232],[13.379,-8.37],[13.359,-8.687],[13.054,-9.007],[13.093,-8.899],[13.047,-8.922],[12.999,-8.991],[12.999,-9.048],[13.156,-9.39],[13.209,-9.703],[13.287,-9.827],[13.332,-9.999],[13.495,-10.257],[13.539,-10.421],[13.721,-10.634],[13.739,-10.757],[13.834,-10.93],[13.847,-11.054],[13.784,-11.488],[13.785,-11.813],[13.685,-12.124],[13.598,-12.286],[13.417,-12.521],[12.983,-12.776],[12.898,-13.028],[12.55,-13.438],[12.504,-13.756],[12.379,-14.039],[12.281,-14.638],[12.073,-15.248],[12.016,-15.514],[11.9,-15.72],[11.751,-15.832],[11.797,-15.987],[11.82,-16.504],[11.722,-17.467],[11.776,-18.002],[11.951,-18.27],[12.041,-18.471],[12.329,-18.751],[12.458,-18.927],[13.042,-20.028],[13.168,-20.185],[13.45,-20.917],[13.839,-21.473],[13.973,-21.768],[14.322,-22.19],[14.463,-22.449],[14.526,-22.703],[14.52,-22.805],[14.496,-22.921],[14.438,-22.881],[14.404,-22.968],[14.474,-23.281],[14.501,-24.202],[14.628,-24.548],[14.768,-24.788],[14.837,-25.033],[14.818,-25.246],[14.864,-25.534],[14.845,-25.726],[14.931,-25.958],[14.968,-26.318],[15.097,-26.426],[15.139,-26.508],[15.163,-26.6],[15.124,-26.668],[15.133,-26.787],[15.342,-27.386],[15.719,-27.966],[15.891,-28.153],[16.481,-28.642],[16.739,-29.009],[16.95,-29.404],[17.189,-30.1],[17.347,-30.445],[17.678,-31.019],[18.211,-31.743],[18.311,-32.122],[18.325,-32.505],[18.251,-32.652],[18.125,-32.749],[18.037,-32.775],[17.965,-32.709],[17.895,-32.751],[17.851,-32.827],[17.878,-32.962],[17.958,-33.046],[17.993,-33.152],[18.075,-33.207],[18.156,-33.359],[18.261,-33.422],[18.433,-33.717],[18.465,-33.888],[18.354,-33.939],[18.333,-34.074],[18.352,-34.188],[18.462,-34.347],[18.462,-34.168],[18.5,-34.109],[18.605,-34.077],[18.752,-34.083],[18.809,-34.108],[18.832,-34.364],[19.098,-34.35],[19.149,-34.417],[19.245,-34.412],[19.331,-34.493],[19.298,-34.615],[19.391,-34.606],[19.635,-34.753],[19.616,-60.533]],[[-36.085,-54.867],[-35.799,-54.763],[-35.913,-54.711],[-35.895,-54.555],[-36.073,-54.554],[-36.173,-54.382],[-36.236,-54.361],[-36.327,-54.251],[-36.449,-54.308],[-36.541,-54.248],[-36.647,-54.262],[-36.607,-54.19],[-36.704,-54.108],[-36.929,-54.081],[-37.006,-54.114],[-37.103,-54.065],[-37.233,-54.061],[-37.382,-53.984],[-38.017,-54.008],[-37.619,-54.042],[-37.689,-54.077],[-37.692,-54.135],[-37.631,-54.168],[-37.498,-54.156],[-37.007,-54.341],[-36.886,-54.34],[-36.735,-54.467],[-36.507,-54.511],[-36.251,-54.78],[-36.085,-54.867]],[[-48.542,-27.575],[-48.555,-27.812],[-48.486,-27.767],[-48.497,-27.707],[-48.41,-27.566],[-48.378,-27.452],[-48.415,-27.4],[-48.542,-27.575]],[[-57.976,-51.384],[-58.259,-51.417],[-58.289,-51.458],[-58.235,-51.578],[-58.272,-51.575],[-58.509,-51.484],[-58.519,-51.424],[-58.407,-51.419],[-58.379,-51.373],[-58.426,-51.324],[-58.698,-51.329],[-58.917,-51.272],[-58.887,-51.358],[-59.097,-51.492],[-59.099,-51.589],[-59.06,-51.685],[-59.262,-51.737],[-59.571,-51.925],[-59.537,-51.97],[-59.649,-52.077],[-59.649,-52.134],[-59.396,-52.308],[-59.342,-52.196],[-59.163,-52.202],[-59.068,-52.173],[-59.196,-52.018],[-58.653,-52.099],[-58.643,-51.995],[-58.683,-51.936],[-58.336,-51.864],[-58.151,-51.766],[-57.838,-51.709],[-57.792,-51.636],[-57.961,-51.583],[-57.916,-51.534],[-57.809,-51.518],[-57.976,-51.384]],[[-60.353,-52.14],[-60.247,-51.986],[-59.922,-51.969],[-59.294,-51.478],[-59.268,-51.428],[-59.388,-51.36],[-59.465,-51.411],[-59.788,-51.446],[-59.917,-51.388],[-60.142,-51.481],[-60.286,-51.462],[-60.516,-51.355],[-60.568,-51.358],[-60.506,-51.486],[-60.303,-51.58],[-60.245,-51.639],[-60.583,-51.713],[-60.5,-51.757],[-60.277,-51.716],[-60.238,-51.734],[-60.239,-51.772],[-60.591,-51.951],[-60.762,-51.947],[-60.961,-52.057],[-60.686,-52.188],[-60.508,-52.195],[-60.353,-52.14]],[[-64.757,-54.826],[-64.638,-54.903],[-64.323,-54.796],[-63.971,-54.811],[-63.833,-54.768],[-63.815,-54.725],[-64.439,-54.74],[-64.549,-54.716],[-64.757,-54.826]],[[-67.245,-54.978],[-68.107,-54.93],[-68.302,-54.98],[-68.175,-55.071],[-68.135,-55.172],[-68.07,-55.221],[-67.768,-55.26],[-67.495,-55.177],[-67.34,-55.293],[-67.173,-55.243],[-67.08,-55.154],[-67.107,-55.063],[-67.245,-54.978]],[[-67.262,-55.744],[-67.303,-55.697],[-67.303,-55.697],[-67.262,-55.744]]]},"properties":{"name":"South Atlantic Ocean","name_en":"Atlantic Ocean","name_zh":"大西洋","featurecla":"ocean","scalerank":0,"min_label":1,"max_label":6.5,"label":"SOUTH ATLANTIC OCEAN","wikidataid":"Q97"}},{"type":"Feature","geometry":{"type":"Polygon","coordinates":[[[36.575,45.394],[36.941,45.29],[36.619,45.186],[36.651,45.126],[36.944,45.07],[37.205,44.972],[37.284,44.905],[37.352,44.788],[37.495,44.695],[37.705,44.661],[37.851,44.699],[38.181,44.42],[38.717,44.288],[39.329,43.897],[39.874,43.473],[40.462,43.146],[40.836,43.064],[41.061,42.931],[41.129,42.828],[41.42,42.738],[41.489,42.659],[41.663,42.147],[41.763,41.97],[41.759,41.817],[41.702,41.705],[41.414,41.424],[41.084,41.261],[40.82,41.19],[40.687,41.107],[40.265,40.961],[40.128,40.943],[39.808,40.982],[39.426,41.106],[38.381,40.925],[37.91,41.002],[37.766,41.079],[37.066,41.185],[36.992,41.276],[36.778,41.363],[36.647,41.352],[36.509,41.262],[36.405,41.275],[36.179,41.426],[36.052,41.683],[35.92,41.714],[35.558,41.634],[35.298,41.729],[35.122,41.891],[35.114,41.957],[35.155,42.028],[35.007,42.064],[34.751,41.957],[33.382,42.017],[32.306,41.73],[32.087,41.589],[31.458,41.32],[31.346,41.158],[31.255,41.108],[30.81,41.085],[30.345,41.197],[29.919,41.151],[29.322,41.228],[29.054,41.215],[28.347,41.467],[28.198,41.554],[28.05,41.729],[27.987,41.855],[28.014,41.969],[27.982,42.048],[27.708,42.35],[27.485,42.468],[27.754,42.706],[27.889,42.75],[27.929,43.186],[28.134,43.395],[28.32,43.427],[28.466,43.389],[28.562,43.501],[28.59,43.798],[28.659,43.984],[28.646,44.296],[28.888,44.575],[28.807,44.565],[28.849,44.716],[28.926,44.81],[28.892,44.919],[28.931,44.966],[28.98,44.993],[29.095,44.975],[29.048,44.926],[29.081,44.799],[29.048,44.758],[29.557,44.843],[29.636,44.98],[29.727,45.343],[29.671,45.541],[29.601,45.6],[29.628,45.723],[29.685,45.754],[29.821,45.732],[30.219,45.867],[30.511,46.105],[30.657,46.267],[30.796,46.552],[31.137,46.624],[31.403,46.629],[31.563,46.777],[31.532,46.665],[31.78,46.632],[31.873,46.65],[31.913,46.926],[31.759,47.213],[31.838,47.157],[31.94,46.982],[31.964,46.855],[31.945,46.784],[32.044,46.642],[32.127,46.597],[32.354,46.565],[32.578,46.615],[32.361,46.475],[31.555,46.555],[31.714,46.472],[32.008,46.43],[31.991,46.365],[31.78,46.325],[31.831,46.281],[32.036,46.261],[32.477,46.084],[33.202,46.176],[33.43,46.058],[33.594,46.096],[33.665,45.947],[33.28,45.765],[33.142,45.749],[32.508,45.404],[32.612,45.328],[32.773,45.359],[32.919,45.348],[33.187,45.195],[33.261,45.171],[33.393,45.188],[33.555,45.098],[33.612,44.908],[33.451,44.554],[33.656,44.433],[33.91,44.388],[34.074,44.424],[34.282,44.538],[34.47,44.722],[34.717,44.807],[35.088,44.802],[35.155,44.896],[35.358,44.979],[35.473,45.098],[35.678,45.102],[35.87,45.005],[36.23,45.026],[36.394,45.065],[36.451,45.232],[36.575,45.394]]]},"properties":{"name":"Black Sea","name_en":"Black Sea","name_zh":"黑海","featurecla":"sea","scalerank":1,"min_label":2,"max_label":7.5,"label":"Black Sea","wikidataid":"Q166"}},{"type":"Feature","geometry":{"type":"Polygon","coordinates":[[[139.038,34.77],[139.797,33.92],[140.114,33.126],[140.485,31.909],[140.485,31.115],[140.908,30.004],[142.443,27.623],[142.549,26.723],[142.443,25.982],[142.125,25.03],[141.543,23.865],[141.543,22.543],[141.808,21.749],[142.39,21.273],[144.665,20.902],[145.353,20.638],[145.882,19.632],[146.2,18.838],[146.306,16.616],[146.2,15.663],[145.882,14.605],[145.247,13.441],[144.718,12.912],[128.574,2.622],[126.94,4.28],[126.857,4.195],[126.921,4.291],[126.865,4.48],[126.812,4.537],[126.757,4.548],[126.721,4.416],[126.722,4.344],[126.813,4.258],[126.708,4.044],[126.667,4.017],[126.74,3.918],[126.722,3.832],[126.646,4.004],[125.676,3.397],[125.651,3.427],[125.633,3.405],[125.512,3.461],[125.517,3.55],[125.425,3.705],[125.378,5.618],[125.456,5.664],[125.668,5.985],[126.171,6.344],[126.189,6.31],[126.24,6.734],[126.192,6.853],[126.217,6.891],[126.294,6.882],[126.439,7.013],[126.547,7.176],[126.582,7.248],[126.593,7.547],[126.545,7.725],[126.436,7.833],[126.459,8.203],[126.38,8.327],[126.365,8.484],[126.14,8.596],[126.32,8.845],[126.305,8.952],[126.192,9.125],[126.193,9.277],[126.168,9.273],[126.098,9.767],[126.047,9.761],[125.991,9.838],[125.998,9.927],[126.058,10.031],[125.677,10.363],[125.667,10.44],[125.642,10.428],[125.712,11.077],[125.735,11.05],[125.749,11.073],[125.704,11.165],[125.628,11.234],[125.574,11.238],[125.609,11.323],[125.492,11.594],[125.457,11.952],[125.513,12.054],[125.503,12.136],[125.535,12.192],[125.481,12.252],[125.32,12.322],[125.311,12.446],[125.24,12.528],[125.15,12.573],[124.566,12.526],[124.3,12.568],[124.101,12.688],[124.137,12.791],[124.143,13.036],[124.069,13.032],[123.873,13.117],[123.785,13.111],[123.819,13.269],[123.608,13.528],[123.549,13.646],[123.607,13.704],[123.806,13.722],[123.857,13.8],[123.726,13.884],[123.432,13.966],[123.32,14.062],[123.259,13.975],[123.305,13.937],[123.297,13.836],[123.231,13.747],[123.102,13.75],[123.06,13.789],[123.071,13.96],[122.934,14.188],[122.856,14.251],[122.627,14.318],[122.491,14.322],[122.2,14.148],[122.287,13.996],[122.229,13.98],[122.212,13.93],[122.079,13.947],[121.853,14.063],[121.767,14.168],[121.649,14.482],[121.626,14.682],[121.695,14.737],[121.686,14.765],[121.399,15.267],[121.412,15.375],[121.607,15.67],[121.561,15.827],[121.595,15.933],[121.789,16.077],[121.975,16.158],[122.135,16.185],[122.226,16.435],[122.425,16.823],[122.519,17.125],[122.407,17.178],[122.387,17.307],[122.237,17.435],[122.152,17.664],[122.179,18.064],[122.294,18.234],[122.315,18.32],[122.266,18.459],[122.221,18.501],[122.179,18.493],[122.266,19.057],[122.266,19.651],[122.054,20.441],[121.862,20.756],[121.83,20.701],[121.79,20.701],[121.83,20.809],[121.795,20.866],[121.385,21.231],[120.822,21.93],[120.864,22.032],[120.897,22.379],[120.947,22.503],[121.009,22.62],[121.296,22.966],[121.397,23.172],[121.613,24.053],[121.828,24.534],[121.82,24.824],[121.926,24.984],[121.964,24.994],[122.176,24.748],[123.093,23.936],[123.975,23.654],[125.315,24.113],[127.009,25.277],[127.656,26.095],[127.729,26.097],[127.803,26.153],[127.79,26.255],[127.849,26.319],[127.905,26.328],[127.872,26.376],[127.932,26.453],[128.038,26.534],[128.127,26.552],[128.311,26.721],[128.332,26.812],[128.258,26.879],[128.906,27.725],[128.883,27.843],[128.908,27.898],[128.952,27.91],[128.985,27.825],[129.225,28.118],[129.192,28.192],[129.264,28.166],[129.286,28.192],[129.367,28.128],[129.453,28.209],[129.457,28.272],[129.711,28.432],[129.689,28.517],[129.509,28.398],[129.448,28.391],[130.678,29.792],[130.854,30.215],[130.607,30.603],[130.7,31.021],[130.902,31.112],[131.099,31.256],[131.035,31.378],[131.071,31.437],[131.337,31.405],[131.46,31.671],[131.46,31.883],[131.661,32.465],[131.732,32.593],[132.004,32.894],[132.709,32.903],[132.642,32.762],[132.87,32.754],[132.977,32.842],[133.016,32.984],[133.145,33.083],[133.286,33.36],[133.686,33.516],[133.959,33.448],[134.181,33.247],[134.243,33.44],[134.306,33.527],[134.549,33.729],[134.736,33.822],[135.171,33.908],[135.347,33.722],[135.453,33.553],[135.695,33.487],[135.916,33.562],[136.33,34.177],[136.854,34.324],[136.88,34.433],[136.616,34.589],[136.533,34.678],[136.69,34.984],[136.804,35.05],[136.897,35.036],[136.853,34.978],[136.871,34.733],[136.944,34.721],[136.935,34.815],[136.963,34.835],[137.032,34.766],[137.275,34.773],[137.288,34.703],[137.077,34.621],[137.062,34.583],[137.543,34.664],[137.979,34.641],[138.189,34.596],[138.253,34.732],[138.577,35.086],[138.72,35.124],[138.821,35.095],[138.904,35.025],[138.803,34.975],[138.761,34.699],[138.795,34.651],[138.838,34.619],[138.897,34.628],[139.038,34.77]],[[144.837,13.622],[144.79,13.527],[144.649,13.429],[144.65,13.313],[144.7,13.258],[144.742,13.259],[144.78,13.411],[144.941,13.571],[144.837,13.622]],[[130.87,30.444],[130.872,30.386],[130.96,30.397],[131.057,30.642],[131.083,30.791],[131.06,30.828],[130.947,30.671],[130.94,30.575],[130.87,30.444]],[[124.225,14.077],[124.123,13.98],[124.124,13.791],[124.039,13.663],[124.057,13.605],[124.175,13.531],[124.248,13.586],[124.327,13.567],[124.404,13.68],[124.417,13.871],[124.308,13.947],[124.225,14.077]],[[122.017,14.965],[122.051,14.97],[121.971,15.046],[121.84,15.038],[121.82,14.964],[121.923,14.8],[121.911,14.666],[121.933,14.656],[121.989,14.662],[122.022,14.76],[121.97,14.893],[122.017,14.965]]]},"properties":{"name":"Philippine Sea","name_en":"Philippine Sea","name_zh":"菲律宾海","featurecla":"sea","scalerank":1,"min_label":2,"max_label":7.5,"label":"Philippine Sea","wikidataid":"Q159183"}},{"type":"Feature","geometry":{"type":"Polygon","coordinates":[[[142.959,-9.898],[143.352,-9.874],[143.823,-9.993],[144.227,-10.263],[144.47,-10.568],[144.622,-10.927],[144.671,-11.313],[144.667,-11.411],[144.507,-11.75],[144.418,-12.114],[144.403,-12.488],[144.493,-12.875],[144.604,-13.086],[144.81,-13.327],[145.002,-13.47],[145.359,-13.606],[145.684,-13.806],[145.878,-13.971],[146.127,-14.26],[146.317,-14.747],[146.449,-15.253],[146.57,-16.263],[146.69,-16.715],[146.99,-17.347],[147.42,-17.9],[148.815,-18.601],[149.887,-19.073],[150.685,-19.517],[151.502,-19.923],[152.76,-20.462],[152.922,-20.601],[153.127,-20.846],[153.319,-21.225],[153.395,-21.535],[153.408,-21.855],[153.383,-22.066],[153.421,-22.293],[153.417,-22.637],[153.343,-22.973],[153.2,-23.286],[152.994,-23.562],[152.736,-23.79],[152.359,-23.959],[151.832,-24.123],[151.691,-24.038],[151.501,-24.012],[151.154,-23.784],[150.843,-23.458],[150.783,-23.176],[150.764,-22.576],[150.623,-22.367],[150.569,-22.384],[150.58,-22.556],[150.541,-22.559],[150.235,-22.373],[150.076,-22.165],[150.02,-22.168],[149.981,-22.184],[149.942,-22.308],[150.006,-22.522],[149.974,-22.551],[149.823,-22.39],[149.704,-22.44],[149.596,-22.258],[149.524,-22.024],[149.46,-21.766],[149.454,-21.579],[149.329,-21.476],[149.205,-21.125],[149.061,-20.961],[148.79,-20.736],[148.684,-20.58],[148.73,-20.468],[148.885,-20.481],[148.759,-20.289],[148.601,-20.145],[148.367,-20.088],[148.081,-19.899],[147.915,-19.869],[147.853,-19.795],[147.742,-19.77],[147.586,-19.623],[147.51,-19.474],[147.419,-19.378],[147.278,-19.414],[147.139,-19.393],[147.003,-19.256],[146.692,-19.188],[146.481,-19.079],[146.383,-18.977],[146.297,-18.841],[146.333,-18.554],[146.223,-18.51],[146.032,-18.273],[146.023,-18.176],[146.126,-17.635],[146.05,-17.381],[145.902,-17.07],[145.912,-16.913],[145.755,-16.879],[145.55,-16.625],[145.426,-16.406],[145.458,-16.056],[145.375,-15.881],[145.272,-15.476],[145.293,-15.327],[145.252,-15.098],[145.288,-14.943],[144.648,-14.493],[144.586,-14.355],[144.473,-14.232],[144.21,-14.302],[144.106,-14.394],[143.962,-14.463],[143.756,-14.349],[143.548,-13.741],[143.587,-13.443],[143.53,-13.304],[143.458,-12.856],[143.397,-12.736],[143.402,-12.64],[143.289,-12.499],[143.254,-12.398],[143.11,-12.304],[143.105,-12.17],[143.179,-11.954],[142.988,-11.919],[142.872,-11.822],[142.837,-11.307],[142.78,-11.115],[142.959,-9.898]],[[151.033,-23.53],[151.238,-23.776],[151.296,-23.72],[151.229,-23.595],[151.24,-23.53],[151.06,-23.461],[151.033,-23.53]]]},"properties":{"name":"Great Barrier Reef","name_en":"Great Barrier Reef","name_zh":"大堡礁","featurecla":"reef","scalerank":4,"min_label":5.7,"max_label":10,"label":null,"wikidataid":"Q7343"}},{"type":"Feature","geometry":{"type":"Polygon","coordinates":[[[167.527,-47.242],[166.384,-48.156],[166.097,-50.594],[166.074,-50.679],[165.899,-50.792],[146.779,-43.632],[146.36,-43.518],[146.549,-43.509],[146.699,-43.602],[146.874,-43.612],[147.077,-43.276],[146.987,-43.219],[146.997,-43.156],[147.173,-43.256],[147.245,-43.216],[147.26,-43.071],[147.325,-43.013],[147.348,-42.926],[147.298,-42.791],[147.408,-42.894],[147.452,-43.033],[147.537,-42.996],[147.536,-42.878],[147.574,-42.845],[147.8,-42.928],[147.774,-43.003],[147.687,-42.98],[147.648,-43.021],[147.786,-43.22],[147.981,-43.157],[147.912,-42.659],[147.924,-42.572],[148.01,-42.436],[148.023,-42.259],[148.214,-41.97],[148.241,-42.022],[148.183,-42.065],[148.277,-42.136],[148.29,-42.255],[148.331,-42.262],[148.343,-42.215],[148.287,-41.816],[148.312,-41.35],[148.293,-40.947],[148.215,-40.855],[148.054,-40.789],[148.143,-40.557],[148.117,-40.521],[148.161,-40.511],[148.182,-40.456],[148.319,-40.435],[148.353,-40.497],[148.474,-40.433],[148.326,-40.307],[148.172,-40.358],[148.159,-40.247],[148.323,-40.145],[148.251,-40.1],[148.29,-40.065],[148.297,-39.986],[148.178,-39.938],[147.951,-39.735],[149.439,-37.778],[149.565,-37.73],[149.809,-37.548],[149.933,-37.528],[149.986,-37.259],[149.951,-37.08],[149.96,-36.845],[150.063,-36.551],[150.195,-35.834],[150.374,-35.584],[150.568,-35.214],[150.69,-35.178],[150.722,-35.134],[150.681,-35.077],[150.697,-35.042],[150.805,-35.013],[150.781,-34.892],[150.871,-34.499],[150.96,-34.297],[151.232,-34.03],[151.125,-34.005],[151.202,-33.964],[151.244,-33.985],[151.28,-33.926],[151.323,-33.699],[151.292,-33.581],[151.432,-33.522],[151.484,-33.348],[151.813,-32.901],[151.954,-32.82],[152.164,-32.757],[152.188,-32.722],[152.137,-32.678],[152.216,-32.678],[152.248,-32.609],[152.471,-32.439],[152.545,-32.243],[152.559,-32.046],[152.786,-31.786],[152.944,-31.435],[153.048,-30.907],[153.03,-30.564],[153.275,-29.876],[159.041,-29.876],[159.041,-31.591],[171.988,-34.061],[172.447,-34.237],[172.729,-34.449],[172.706,-34.455],[173.191,-35.016],[173.189,-35.124],[173.116,-35.205],[173.228,-35.331],[173.275,-35.34],[173.29,-35.408],[173.376,-35.5],[173.496,-35.363],[173.582,-35.313],[173.626,-35.319],[173.412,-35.542],[173.945,-36.176],[174.055,-36.36],[174.098,-36.391],[174.146,-36.377],[174.166,-36.328],[173.917,-36.018],[173.914,-35.909],[174.036,-36.122],[174.254,-36.249],[174.277,-36.244],[174.268,-36.163],[174.393,-36.24],[174.354,-36.376],[174.447,-36.451],[174.454,-36.511],[174.402,-36.602],[174.246,-36.485],[174.189,-36.492],[174.382,-36.726],[174.475,-36.942],[174.601,-36.986],[174.782,-36.944],[174.929,-37.085],[174.803,-37.11],[174.746,-37.15],[174.734,-37.215],[174.66,-37.089],[174.61,-37.07],[174.586,-37.098],[174.707,-37.325],[174.768,-37.339],[174.729,-37.449],[174.928,-37.805],[174.802,-37.896],[174.84,-38.023],[174.716,-38.225],[174.566,-38.841],[174.399,-38.962],[174.072,-39.031],[173.844,-39.139],[173.782,-39.211],[173.764,-39.319],[173.812,-39.425],[173.935,-39.509],[174.352,-39.644],[174.567,-39.813],[174.814,-39.86],[175.009,-39.952],[175.156,-40.115],[175.254,-40.29],[175.162,-40.621],[175.052,-40.792],[174.081,-41.006],[174.0,-40.993],[174.024,-41.072],[173.957,-41.1],[173.897,-41.239],[173.798,-41.272],[173.915,-41.07],[173.89,-41.007],[173.953,-40.985],[174.002,-40.918],[173.738,-40.989],[173.231,-41.284],[173.115,-41.279],[173.069,-41.186],[173.042,-40.954],[172.988,-40.848],[172.767,-40.773],[172.704,-40.668],[172.733,-40.544],[172.943,-40.519],[172.83,-40.49],[172.641,-40.518],[172.272,-40.758],[172.14,-40.947],[172.093,-41.201],[172.011,-41.445],[171.948,-41.538],[171.732,-41.719],[171.536,-41.758],[171.486,-41.795],[171.252,-42.402],[171.314,-42.46],[171.19,-42.501],[171.028,-42.696],[171.047,-42.802],[171.011,-42.885],[171.011,-42.763],[170.97,-42.719],[170.742,-42.928],[170.735,-43.03],[170.665,-42.961],[170.524,-43.009],[170.612,-43.092],[170.458,-43.038],[170.303,-43.107],[170.374,-43.134],[170.396,-43.182],[170.3,-43.144],[170.24,-43.164],[170.018,-43.349],[169.859,-43.426],[169.908,-43.447],[169.835,-43.459],[169.834,-43.537],[169.516,-43.623],[169.169,-43.777],[169.136,-43.82],[169.179,-43.913],[169.066,-43.864],[168.806,-43.992],[168.651,-43.972],[168.458,-44.03],[167.857,-44.501],[167.909,-44.665],[167.787,-44.595],[167.578,-44.741],[167.485,-44.772],[167.456,-44.838],[167.482,-44.874],[167.466,-44.958],[167.411,-44.828],[167.195,-44.963],[167.172,-44.997],[167.26,-45.082],[167.188,-45.094],[167.128,-45.051],[167.026,-45.124],[167.033,-45.223],[167.23,-45.29],[167.118,-45.318],[167.156,-45.411],[166.869,-45.311],[166.875,-45.368],[166.92,-45.408],[166.778,-45.41],[166.743,-45.469],[166.734,-45.544],[166.991,-45.532],[166.826,-45.603],[166.798,-45.646],[166.81,-45.699],[167.003,-45.712],[166.836,-45.774],[166.513,-45.812],[166.478,-45.903],[166.493,-45.964],[166.612,-45.955],[166.718,-45.889],[166.727,-45.963],[166.65,-46.042],[166.731,-46.053],[166.917,-45.957],[166.712,-46.134],[166.732,-46.198],[167.1,-46.25],[167.369,-46.242],[167.54,-46.149],[167.682,-46.193],[167.842,-46.366],[167.961,-46.362],[167.971,-46.489],[167.856,-46.698],[167.784,-46.7],[167.778,-46.837],[167.527,-47.242]]]},"properties":{"name":"Tasman Sea","name_en":"Tasman Sea","name_zh":"塔斯曼海","featurecla":"sea","scalerank":1,"min_label":2,"max_label":7.5,"label":"Tasman Sea","wikidataid":"Q33254"}},{"type":"Feature","geometry":{"type":"Polygon","coordinates":[[[95.224,5.522],[81.874,7.242],[81.832,7.428],[81.683,7.685],[81.665,7.782],[81.422,8.148],[81.373,8.431],[81.227,8.505],[81.198,8.662],[81.016,8.932],[80.936,8.972],[80.711,9.366],[80.376,9.643],[80.253,9.797],[80.212,9.804],[79.839,10.335],[79.849,11.197],[79.799,11.339],[79.693,11.313],[79.793,11.446],[79.754,11.576],[79.858,11.989],[79.982,12.235],[80.143,12.452],[80.229,12.691],[80.342,13.362],[80.29,13.437],[80.114,13.529],[80.062,13.606],[80.156,13.714],[80.306,13.485],[80.112,14.212],[80.17,14.349],[80.179,14.479],[80.054,15.074],[80.101,15.324],[80.293,15.71],[80.385,15.793],[80.647,15.895],[80.782,15.867],[80.826,15.766],[80.978,15.758],[81.03,15.881],[81.132,15.962],[81.286,16.337],[81.402,16.365],[81.762,16.33],[82.259,16.56],[82.36,16.783],[82.282,16.936],[82.36,17.096],[82.593,17.274],[82.977,17.462],[83.198,17.609],[83.655,18.07],[84.104,18.293],[84.691,18.965],[84.771,19.125],[85.226,19.508],[85.441,19.626],[85.437,19.657],[85.371,19.679],[85.181,19.595],[85.163,19.621],[85.248,19.758],[85.46,19.896],[85.504,19.888],[85.555,19.867],[85.56,19.753],[85.497,19.697],[85.575,19.693],[86.216,19.896],[86.28,19.919],[86.312,19.988],[86.245,20.053],[86.377,20.007],[86.499,20.172],[86.75,20.313],[86.762,20.419],[86.976,20.7],[86.94,20.745],[86.842,21.106],[86.86,21.237],[87.1,21.501],[87.678,21.654],[87.949,21.826],[88.159,22.122],[87.961,22.255],[87.941,22.374],[87.994,22.266],[88.196,22.139],[88.057,21.694],[88.122,21.636],[88.254,21.622],[88.287,21.758],[88.446,21.614],[88.585,21.66],[88.6,21.714],[88.567,21.832],[88.641,22.122],[88.659,22.067],[88.708,22.056],[88.74,22.005],[88.691,21.733],[88.695,21.663],[88.745,21.584],[88.835,21.661],[88.858,21.745],[88.908,21.653],[89.051,21.654],[89.02,21.833],[88.949,21.938],[89.028,21.937],[89.051,22.093],[89.094,21.873],[89.234,21.722],[89.354,21.721],[89.501,21.914],[89.483,22.275],[89.568,21.767],[89.812,21.984],[89.853,22.091],[89.882,22.387],[89.985,22.466],[89.894,22.309],[89.918,22.116],[89.954,22.023],[90.209,22.157],[90.088,22.018],[90.071,21.887],[90.159,21.817],[90.23,21.83],[90.356,22.048],[90.589,22.258],[90.616,22.362],[90.488,22.589],[90.499,22.635],[90.435,22.752],[90.462,22.882],[90.552,22.905],[90.478,22.987],[90.466,23.054],[90.595,23.134],[90.591,23.266],[90.523,23.346],[90.391,23.367],[90.269,23.456],[90.556,23.421],[90.573,23.578],[90.604,23.591],[90.656,23.273],[90.634,23.094],[90.656,23.026],[90.827,22.721],[90.945,22.597],[91.216,22.642],[91.48,22.885],[91.482,22.798],[91.53,22.708],[91.693,22.505],[91.797,22.298],[91.863,22.35],[91.825,22.229],[91.913,21.883],[92.008,21.685],[92.056,21.175],[92.308,20.79],[92.608,20.47],[92.723,20.296],[92.709,20.564],[92.851,20.415],[92.891,20.34],[92.791,20.212],[92.882,20.152],[92.991,20.288],[93.036,20.406],[93.067,20.378],[93.015,20.185],[93.095,20.181],[93.002,20.075],[93.13,19.858],[93.191,19.851],[93.199,19.898],[93.157,20.041],[93.25,20.07],[93.41,20.039],[93.582,19.909],[93.707,19.912],[93.612,19.776],[93.739,19.697],[93.839,19.534],[93.998,19.441],[93.962,19.329],[93.825,19.238],[93.728,19.266],[93.579,19.401],[93.493,19.37],[93.706,19.027],[93.929,18.9],[93.968,18.995],[93.941,19.146],[94.001,19.182],[94.045,19.288],[94.07,18.893],[94.246,18.741],[94.171,18.733],[94.431,18.202],[94.494,17.824],[94.56,17.699],[94.589,17.569],[94.564,17.309],[94.473,17.136],[94.453,16.955],[94.4,16.868],[94.353,16.64],[94.271,16.517],[94.231,16.244],[93.742,15.822],[92.93,14.393],[92.56,13.247],[92.278,11.659],[92.2,10.354],[92.428,9.176],[93.045,7.686],[93.53,6.844],[94.077,6.262],[95.003,5.768],[95.228,5.583],[95.224,5.522]],[[93.756,19.326],[93.815,19.299],[93.902,19.332],[93.946,19.428],[93.715,19.558],[93.644,19.495],[93.733,19.416],[93.756,19.326]],[[93.745,18.865],[93.618,18.889],[93.488,18.867],[93.674,18.675],[93.718,18.716],[93.745,18.865]],[[90.778,22.09],[90.83,22.16],[90.868,22.485],[90.737,22.639],[90.672,22.813],[90.597,22.864],[90.503,22.835],[90.565,22.618],[90.649,22.54],[90.68,22.328],[90.515,22.065],[90.778,22.09]]]},"properties":{"name":"Bay of Bengal","name_en":"Bay of Bengal","name_zh":"孟加拉灣","featurecla":"bay","scalerank":1,"min_label":2,"max_label":7.5,"label":"Bay of Bengal","wikidataid":"Q38684"}},{"type":"Feature","geometry":{"type":"Polygon","coordinates":[[[120.822,21.931],[121.385,21.231],[121.795,20.866],[121.83,20.809],[121.79,20.701],[121.83,20.701],[121.862,20.756],[122.054,20.441],[122.266,19.651],[122.266,19.057],[122.179,18.493],[122.147,18.486],[122.039,18.328],[121.948,18.285],[121.593,18.376],[121.254,18.563],[121.101,18.615],[120.925,18.585],[120.814,18.603],[120.6,18.508],[120.585,18.368],[120.359,17.638],[120.425,17.438],[120.42,17.09],[120.409,16.956],[120.321,16.762],[120.305,16.529],[120.389,16.161],[120.337,16.067],[120.16,16.048],[120.034,16.185],[119.831,16.326],[119.773,16.255],[119.769,16.008],[119.892,15.837],[119.933,15.431],[120.037,15.115],[120.082,14.851],[120.138,14.8],[120.251,14.793],[120.284,14.684],[120.365,14.608],[120.396,14.493],[120.439,14.453],[120.555,14.442],[120.589,14.483],[120.547,14.766],[120.583,14.881],[120.708,14.777],[120.888,14.716],[120.941,14.645],[120.952,14.558],[120.922,14.493],[120.643,14.244],[120.617,14.188],[120.617,13.995],[120.637,13.804],[120.729,13.901],[120.841,13.885],[120.932,13.762],[120.974,13.76],[120.934,13.497],[120.755,13.471],[120.468,13.522],[120.401,13.517],[120.353,13.473],[120.338,13.412],[120.455,13.393],[120.508,13.26],[120.68,13.131],[120.763,12.97],[120.771,12.828],[120.215,12.231],[120.193,12.167],[120.1,12.168],[119.916,12.319],[119.885,12.3],[119.866,12.199],[119.899,12.174],[119.306,10.974],[119.261,10.845],[119.313,10.687],[119.287,10.574],[119.224,10.478],[119.024,10.354],[118.115,9.347],[118.024,9.27],[117.885,9.241],[117.35,8.714],[117.256,8.541],[117.219,8.367],[117.044,8.062],[117.077,8.069],[117.08,7.884],[117.029,7.807],[116.972,7.94],[116.824,7.69],[116.77,6.987],[116.538,6.583],[116.138,6.129],[116.06,5.882],[115.918,5.725],[115.877,5.613],[115.797,5.536],[115.741,5.533],[115.625,5.549],[115.604,5.603],[115.419,5.413],[115.422,5.33],[115.467,5.254],[115.582,5.194],[115.52,5.049],[115.375,4.933],[115.14,4.9],[115.027,4.9],[115.048,5.017],[114.995,5.022],[114.424,4.66],[114.3,4.607],[114.012,4.575],[113.924,4.243],[113.446,3.741],[112.988,3.162],[112.119,2.915],[111.728,2.854],[111.513,2.743],[111.443,2.634],[111.444,2.381],[111.352,2.364],[111.242,2.436],[111.209,2.38],[111.209,2.198],[111.268,2.14],[111.17,1.902],[111.154,1.739],[111.047,1.634],[111.029,1.558],[111.058,1.486],[111.223,1.396],[111.099,1.401],[110.895,1.533],[110.675,1.548],[110.349,1.72],[110.114,1.699],[109.865,1.764],[109.72,1.858],[109.629,2.027],[109.378,1.923],[109.273,1.706],[109.076,1.496],[109.01,1.24],[109.132,1.254],[108.959,1.135],[108.906,0.794],[108.944,0.356],[109.075,0.253],[109.258,0.031],[109.195,-0.009],[109.122,-0.265],[109.13,-0.446],[109.257,-0.577],[109.372,-0.638],[109.271,-0.732],[109.259,-0.807],[109.289,-0.846],[109.682,-0.944],[109.874,-1.101],[109.983,-1.275],[110.036,-1.526],[110.023,-1.642],[109.964,-1.743],[109.96,-1.863],[110.075,-1.946],[110.096,-2.001],[110.225,-2.689],[110.232,-2.91],[108.276,-2.875],[108.29,-2.83],[108.136,-2.619],[107.838,-2.53],[106.824,-2.576],[106.366,-2.465],[106.209,-2.189],[106.162,-1.867],[106.027,-1.593],[105.91,-1.505],[105.72,-1.534],[105.755,-1.659],[105.701,-1.731],[105.585,-1.527],[105.459,-1.575],[105.373,-1.657],[105.375,-1.813],[105.191,-1.917],[105.138,-1.973],[105.133,-2.043],[105.343,-2.125],[105.553,-2.079],[105.786,-2.181],[105.807,-2.308],[105.939,-2.493],[105.908,-2.643],[105.999,-2.825],[106.398,-2.966],[106.556,-3.057],[106.531,-3.102],[106.058,-3.217],[106.044,-3.106],[105.899,-2.888],[105.582,-2.492],[105.397,-2.38],[105.286,-2.356],[104.971,-2.371],[104.878,-2.419],[104.698,-2.598],[104.651,-2.595],[104.647,-2.43],[104.826,-2.234],[104.845,-2.093],[104.569,-1.922],[104.516,-1.819],[104.519,-1.699],[104.361,-1.038],[104.198,-1.054],[103.721,-0.887],[103.533,-0.755],[103.438,-0.576],[103.431,-0.533],[103.509,-0.466],[103.496,-0.418],[103.405,-0.362],[103.444,-0.272],[103.411,-0.24],[103.428,-0.192],[103.787,0.047],[103.673,0.289],[103.479,0.48],[103.339,0.514],[102.896,0.278],[102.55,0.216],[103.008,0.415],[103.066,0.492],[103.032,0.579],[102.907,0.686],[102.942,0.743],[103.009,0.708],[103.007,0.84],[103.063,0.864],[103.137,0.841],[103.166,0.87],[103.147,0.898],[103.311,1.032],[103.38,1.134],[103.424,1.048],[103.948,1.092],[103.955,1.137],[104.0,1.137],[104.025,1.181],[104.088,1.137],[104.14,1.166],[104.132,1.107],[104.248,1.091],[104.252,1.015],[104.439,1.05],[104.462,0.995],[104.429,0.956],[104.481,0.932],[104.504,0.853],[104.575,0.832],[104.653,0.961],[104.663,1.049],[104.648,1.104],[104.591,1.141],[104.585,1.216],[104.5,1.18],[104.43,1.195],[104.489,1.263],[104.422,1.408],[104.277,1.412],[104.288,1.481],[104.218,1.723],[103.812,2.58],[103.537,2.775],[103.44,2.933],[103.429,3.379],[103.454,3.521],[103.373,3.671],[103.362,3.769],[103.42,3.977],[103.469,4.393],[103.416,4.85],[103.097,5.409],[102.534,5.863],[102.349,6.158],[104.749,8.608],[104.892,8.583],[105.114,8.629],[105.322,8.801],[105.501,9.093],[106.168,9.397],[106.206,9.502],[106.158,9.594],[105.831,10.001],[105.926,9.962],[106.204,9.675],[106.378,9.556],[106.484,9.559],[106.572,9.641],[106.564,9.716],[106.508,9.821],[106.136,10.222],[106.449,9.939],[106.595,9.86],[106.657,9.901],[106.659,9.991],[106.785,10.117],[106.785,10.151],[106.729,10.193],[106.464,10.298],[106.757,10.296],[106.777,10.376],[106.741,10.444],[106.606,10.465],[106.727,10.536],[106.813,10.433],[106.902,10.383],[106.947,10.4],[107.007,10.661],[107.036,10.556],[107.088,10.498],[107.194,10.472],[107.262,10.398],[107.845,10.7],[108.001,10.72],[108.095,10.897],[108.272,10.934],[108.551,11.156],[108.7,11.199],[108.821,11.315],[108.987,11.336],[109.04,11.592],[109.132,11.601],[109.198,11.725],[109.158,11.837],[109.199,11.999],[109.247,11.908],[109.259,11.954],[109.216,12.073],[109.207,12.415],[109.305,12.391],[109.219,12.646],[109.335,12.752],[109.445,12.6],[109.424,12.956],[109.272,13.28],[109.288,13.451],[109.252,13.591],[109.247,13.855],[109.288,13.765],[109.303,13.856],[109.087,14.553],[109.085,14.716],[108.94,15.001],[108.821,15.378],[108.578,15.585],[108.395,15.872],[108.286,15.989],[108.268,16.09],[108.209,16.091],[108.03,16.331],[107.834,16.323],[107.803,16.403],[107.541,16.608],[107.55,16.642],[107.18,16.898],[107.12,17.056],[106.736,17.367],[106.517,17.663],[106.356,17.765],[106.479,17.72],[106.459,17.874],[106.484,17.919],[106.512,17.903],[108.699,18.538],[109.03,18.368],[109.341,18.3],[109.519,18.218],[109.703,18.259],[109.815,18.397],[110.02,18.416],[110.067,18.447],[110.048,18.505],[110.252,18.656],[110.4,18.698],[110.452,18.748],[110.572,19.172],[110.641,19.291],[110.822,19.558],[111.013,19.655],[110.938,19.948],[110.745,20.06],[110.671,20.137],[110.57,20.408],[110.217,20.197],[109.934,20.281],[110.123,20.264],[110.345,20.295],[110.449,20.356],[110.518,20.46],[110.511,20.518],[110.313,20.671],[110.389,20.79],[110.365,20.838],[110.181,20.859],[110.154,20.944],[110.194,21.038],[110.375,21.173],[110.411,21.338],[110.458,21.231],[110.567,21.214],[110.771,21.386],[110.997,21.43],[111.017,21.512],[111.319,21.486],[111.392,21.535],[111.603,21.559],[111.776,21.719],[111.873,21.717],[111.944,21.85],[112.305,21.742],[112.39,21.801],[112.36,21.978],[112.429,21.958],[112.421,21.881],[112.586,21.777],[112.661,21.859],[112.808,21.945],[112.904,21.882],[112.954,21.908],[112.984,21.938],[113.008,22.119],[113.089,22.208],[113.149,22.075],[113.266,22.089],[113.367,22.165],[113.548,22.222],[113.589,22.35],[113.551,22.404],[113.553,22.594],[113.331,22.912],[113.442,22.94],[113.446,23.055],[113.52,23.102],[113.621,23.127],[113.586,23.02],[113.62,22.862],[113.755,22.734],[113.828,22.607],[113.931,22.531],[114.015,22.512],[113.896,22.428],[113.903,22.396],[113.937,22.365],[114.033,22.376],[114.268,22.295],[114.291,22.374],[114.335,22.396],[114.266,22.541],[114.341,22.593],[114.554,22.529],[114.545,22.621],[114.651,22.755],[114.711,22.739],[114.75,22.626],[114.854,22.617],[114.915,22.685],[115.196,22.817],[115.382,22.719],[115.498,22.719],[115.561,22.825],[115.641,22.854],[115.852,22.801],[116.157,22.888],[116.252,22.981],[116.345,22.941],[116.471,22.946],[116.52,23.007],[116.538,23.18],[116.669,23.228],[116.699,23.278],[116.682,23.327],[116.63,23.354],[116.712,23.361],[116.861,23.453],[116.911,23.647],[117.033,23.624],[117.082,23.579],[117.225,23.647],[117.291,23.714],[117.331,23.709],[117.368,23.589],[117.417,23.621],[117.461,23.755],[117.519,23.76],[120.059,23.054],[120.094,23.078],[120.316,22.548],[120.581,22.356],[120.678,22.159],[120.69,22.033],[120.743,21.956],[120.822,21.931]],[[109.476,-0.985],[109.428,-1.241],[109.464,-1.277],[109.511,-1.283],[109.751,-1.145],[109.743,-1.039],[109.7,-1.007],[109.614,-0.979],[109.476,-0.985]],[[108.1,3.705],[108.18,3.653],[108.316,3.689],[108.394,3.836],[108.393,3.986],[108.255,4.152],[108.248,4.217],[108.004,4.042],[108.044,3.889],[108.243,3.811],[108.1,3.705]],[[104.447,-0.189],[104.567,-0.245],[104.702,-0.209],[104.914,-0.323],[104.951,-0.285],[105.005,-0.283],[104.843,-0.141],[104.807,-0.193],[104.779,-0.176],[104.653,-0.076],[104.635,-0.018],[104.543,0.018],[104.447,-0.189]],[[104.474,-0.335],[104.363,-0.403],[104.302,-0.386],[104.257,-0.463],[104.33,-0.539],[104.363,-0.659],[104.414,-0.584],[104.506,-0.597],[104.59,-0.467],[104.474,-0.335]],[[103.724,-0.277],[103.549,-0.227],[103.461,-0.358],[103.606,-0.383],[103.736,-0.348],[103.764,-0.318],[103.724,-0.277]]]},"properties":{"name":"South China Sea","name_en":"South China Sea","name_zh":"南海","featurecla":"sea","scalerank":1,"min_label":2,"max_label":7.5,"label":"South China Sea","wikidataid":"Q37660"}},{"type":"Feature","geometry":{"type":"Polygon","coordinates":[[[73.123,-0.68],[51.388,10.409],[51.369,10.475],[51.193,10.555],[51.188,10.48],[51.032,10.445],[51.094,10.489],[51.141,10.657],[51.084,11.336],[51.267,11.831],[51.261,15.209],[51.604,15.337],[51.748,15.44],[52.218,15.655],[52.174,15.957],[52.237,16.171],[52.328,16.294],[52.581,16.47],[53.298,16.723],[53.61,16.76],[53.955,16.918],[54.068,17.005],[54.567,17.031],[54.772,16.965],[55.064,17.039],[55.275,17.321],[55.295,17.382],[55.238,17.505],[55.255,17.586],[55.479,17.843],[55.614,17.886],[56.27,17.951],[56.383,17.988],[56.551,18.166],[56.655,18.588],[56.826,18.754],[57.177,18.902],[57.676,18.958],[57.812,19.017],[58.648,20.208],[58.722,20.219],[58.772,20.267],[58.835,20.424],[58.951,20.516],[58.884,20.68],[58.788,20.497],[58.641,20.338],[58.481,20.417],[58.896,21.113],[59.069,21.289],[59.372,21.499],[59.8,22.22],[59.831,22.462],[61.406,25.104],[61.533,25.195],[61.744,25.138],[61.908,25.131],[62.089,25.156],[62.198,25.225],[62.315,25.135],[62.572,25.255],[62.665,25.265],[63.015,25.225],[63.17,25.255],[63.491,25.211],[63.496,25.297],[63.557,25.353],[63.721,25.386],[63.936,25.342],[64.059,25.403],[64.152,25.333],[64.659,25.184],[64.776,25.307],[65.061,25.311],[65.406,25.374],[65.68,25.355],[65.884,25.42],[66.235,25.464],[66.468,25.445],[66.357,25.507],[66.131,25.493],[66.219,25.59],[66.429,25.575],[66.534,25.484],[66.57,25.378],[66.698,25.226],[66.682,24.929],[66.703,24.861],[67.171,24.756],[67.288,24.368],[67.31,24.175],[67.365,24.091],[67.477,24.018],[67.563,23.882],[67.646,23.92],[67.668,23.811],[67.819,23.828],[67.86,23.903],[67.951,23.828],[68.037,23.848],[68.116,23.753],[68.165,23.858],[68.235,23.597],[68.344,23.617],[68.497,23.748],[68.777,23.852],[68.454,23.629],[68.418,23.571],[68.64,23.19],[68.802,23.065],[69.014,22.408],[68.983,22.385],[68.97,22.29],[69.009,22.197],[69.192,21.992],[69.749,21.506],[70.034,21.179],[70.485,20.84],[70.72,20.74],[70.858,20.718],[72.669,19.836],[72.727,19.578],[72.799,19.52],[72.756,19.451],[72.788,19.363],[72.987,19.278],[72.811,19.299],[72.803,19.079],[72.835,18.975],[72.901,19.015],[72.972,19.153],[73.006,19.021],[72.899,18.779],[72.875,18.643],[72.917,18.576],[72.994,18.098],[73.156,17.622],[73.149,17.528],[73.239,17.198],[73.337,16.46],[73.476,16.054],[73.608,15.871],[73.68,15.709],[73.733,15.657],[73.833,15.659],[73.772,15.573],[73.932,15.397],[73.801,15.397],[73.885,15.306],[73.949,15.075],[74.346,14.556],[72.47,13.564],[71.658,13.0],[71.376,12.4],[71.835,9.402],[72.328,4.639],[72.54,0.97],[73.123,-0.68]],[[53.598,12.342],[53.719,12.319],[54.13,12.361],[54.511,12.553],[54.187,12.664],[53.918,12.659],[53.825,12.625],[53.639,12.707],[53.535,12.716],[53.431,12.664],[53.316,12.533],[53.598,12.342]]]},"properties":{"name":"Arabian Sea","name_en":"Arabian Sea","name_zh":"阿拉伯海","featurecla":"sea","scalerank":1,"min_label":2,"max_label":7.5,"label":"Arabian Sea","wikidataid":"Q58705"}},{"type":"Feature","geometry":{"type":"Polygon","coordinates":[[[-156.411,71.399],[-122.512,76.375],[-122.506,76.358],[-122.878,76.165],[-124.709,74.327],[-124.575,74.248],[-124.192,73.902],[-124.088,73.857],[-123.873,73.828],[-123.797,73.768],[-124.03,73.644],[-124.114,73.527],[-124.424,73.419],[-124.594,73.243],[-124.804,73.126],[-124.837,73.076],[-124.817,73.059],[-124.588,73.005],[-124.565,72.944],[-124.969,72.844],[-125.015,72.776],[-125.03,72.645],[-124.987,72.588],[-125.383,72.424],[-125.512,72.307],[-125.627,72.255],[-125.634,72.21],[-125.584,72.183],[-125.763,72.138],[-125.768,72.054],[-125.845,71.979],[-125.802,71.964],[-127.976,70.571],[-128.041,70.567],[-128.168,70.48],[-128.17,70.418],[-127.989,70.363],[-128.034,70.315],[-127.684,70.26],[-128.279,70.108],[-128.387,69.96],[-128.972,69.712],[-129.102,69.717],[-129.158,69.8],[-129.138,69.833],[-128.939,69.875],[-128.884,69.963],[-129.109,69.882],[-129.572,69.827],[-130.354,69.656],[-130.661,69.481],[-130.971,69.209],[-131.014,69.429],[-131.162,69.455],[-131.325,69.361],[-131.303,69.415],[-131.343,69.435],[-131.632,69.459],[-131.64,69.567],[-130.832,69.652],[-129.648,69.998],[-129.538,70.074],[-129.538,70.105],[-129.676,70.193],[-129.945,70.091],[-130.175,70.086],[-130.498,70.143],[-130.665,70.127],[-130.926,70.052],[-131.136,69.907],[-131.441,69.918],[-132.163,69.705],[-132.334,69.752],[-132.488,69.738],[-132.568,69.698],[-132.404,69.658],[-132.84,69.651],[-132.915,69.629],[-133.028,69.508],[-133.163,69.434],[-133.694,69.369],[-134.174,69.253],[-133.88,69.508],[-134.077,69.558],[-134.242,69.669],[-134.409,69.682],[-134.46,69.653],[-138.951,69.621],[-138.879,69.59],[-139.039,69.578],[-139.173,69.512],[-139.977,69.622],[-140.405,69.602],[-141.081,69.66],[-141.408,69.653],[-141.699,69.77],[-142.297,69.87],[-142.708,70.034],[-143.218,70.116],[-144.417,70.039],[-144.619,69.982],[-145.197,70.009],[-145.823,70.16],[-146.745,70.192],[-147.063,70.17],[-147.705,70.217],[-147.87,70.303],[-148.143,70.355],[-148.479,70.318],[-148.688,70.416],[-149.269,70.501],[-149.87,70.509],[-150.274,70.434],[-150.663,70.51],[-151.225,70.419],[-151.945,70.452],[-151.769,70.56],[-152.173,70.556],[-152.253,70.568],[-152.27,70.615],[-152.399,70.62],[-152.471,70.654],[-152.437,70.733],[-152.233,70.81],[-152.491,70.881],[-152.785,70.876],[-153.233,70.933],[-153.498,70.891],[-153.918,70.877],[-154.195,70.801],[-154.785,70.894],[-154.674,70.987],[-154.944,71.083],[-155.167,71.099],[-155.58,70.894],[-155.872,70.835],[-155.973,70.842],[-156.042,70.902],[-156.146,70.928],[-155.805,70.996],[-155.635,71.062],[-155.58,71.121],[-155.646,71.183],[-156.47,71.292],[-156.567,71.342],[-156.411,71.399]]]},"properties":{"name":"Beaufort Sea","name_en":"Beaufort Sea","name_zh":"波弗特海","featurecla":"sea","scalerank":1,"min_label":2,"max_label":7.5,"label":"Beaufort Sea","wikidataid":"Q131274"}},{"type":"Feature","geometry":{"type":"Polygon","coordinates":[[[-65.629,18.381],[-63.526,18.715],[-61.657,18.08],[-59.745,14.967],[-59.209,12.823],[-60.245,11.377],[-60.846,10.248],[-61.013,9.556],[-61.309,9.633],[-61.589,9.894],[-61.626,9.817],[-61.766,9.814],[-61.736,9.631],[-61.909,9.87],[-62.077,9.975],[-62.155,9.979],[-62.153,9.822],[-62.221,9.883],[-62.281,9.793],[-62.32,9.783],[-62.515,10.176],[-62.6,10.217],[-62.6,10.117],[-62.651,10.071],[-62.741,10.056],[-62.662,10.199],[-62.686,10.29],[-62.781,10.399],[-62.843,10.418],[-62.843,10.507],[-62.914,10.532],[-62.693,10.563],[-62.38,10.547],[-62.233,10.634],[-61.921,10.681],[-61.88,10.741],[-62.242,10.7],[-62.702,10.75],[-62.947,10.707],[-63.19,10.709],[-63.497,10.643],[-63.873,10.664],[-64.298,10.635],[-64.248,10.543],[-64.158,10.579],[-63.863,10.558],[-63.732,10.503],[-63.834,10.448],[-64.188,10.458],[-64.85,10.098],[-65.129,10.07],[-65.656,10.228],[-65.852,10.258],[-66.091,10.473],[-66.106,10.574],[-66.247,10.632],[-66.989,10.61],[-67.872,10.472],[-68.14,10.493],[-68.234,10.569],[-68.296,10.689],[-68.325,10.809],[-68.272,10.88],[-68.398,11.161],[-68.828,11.432],[-69.232,11.518],[-69.632,11.48],[-69.763,11.676],[-69.86,12.054],[-70.004,12.178],[-70.203,12.098],[-70.286,11.886],[-70.193,11.625],[-69.818,11.672],[-69.773,11.541],[-69.805,11.474],[-69.885,11.444],[-70.048,11.53],[-70.097,11.52],[-70.232,11.373],[-70.546,11.261],[-70.82,11.208],[-71.264,10.999],[-71.47,10.964],[-71.461,10.836],[-71.598,10.725],[-71.69,10.835],[-71.731,10.995],[-71.642,11.014],[-71.835,11.19],[-71.947,11.415],[-71.957,11.57],[-71.869,11.627],[-71.415,11.755],[-71.137,12.047],[-71.155,12.164],[-71.262,12.335],[-71.494,12.432],[-71.597,12.434],[-71.715,12.42],[-71.919,12.309],[-71.97,12.238],[-72.055,12.239],[-72.136,12.188],[-72.165,12.06],[-72.275,11.889],[-72.722,11.712],[-73.313,11.296],[-73.677,11.271],[-74.059,11.341],[-74.143,11.321],[-74.2,11.265],[-74.219,11.105],[-74.35,10.814],[-74.401,10.765],[-74.46,10.787],[-74.516,10.862],[-74.492,10.934],[-74.33,10.997],[-74.454,10.989],[-74.845,11.11],[-74.921,11.058],[-75.446,10.611],[-75.554,10.328],[-75.708,10.144],[-75.559,10.236],[-75.538,10.205],[-75.596,10.126],[-75.593,9.993],[-75.68,9.73],[-75.603,9.538],[-75.639,9.45],[-75.755,9.416],[-75.905,9.431],[-76.027,9.366],[-76.135,9.266],[-76.277,8.989],[-76.689,8.695],[-76.888,8.62],[-76.921,8.574],[-77.261,8.494],[-77.344,8.637],[-77.697,8.89],[-77.831,9.068],[-78.083,9.236],[-78.504,9.407],[-78.931,9.428],[-79.017,9.51],[-79.112,9.537],[-79.578,9.598],[-79.855,9.378],[-79.978,9.344],[-80.127,9.21],[-80.547,9.082],[-80.677,9.022],[-80.839,8.887],[-81.063,8.813],[-81.355,8.781],[-81.546,8.827],[-81.712,9.019],[-81.894,9.14],[-81.9,9.111],[-81.78,8.957],[-82.078,8.935],[-82.244,9.031],[-82.236,9.141],[-82.188,9.192],[-82.205,9.215],[-82.273,9.191],[-82.34,9.209],[-82.371,9.429],[-82.61,9.616],[-82.778,9.67],[-83.029,9.991],[-83.125,10.042],[-83.347,10.316],[-83.448,10.466],[-83.617,10.878],[-83.642,10.917],[-83.714,10.934],[-83.832,11.131],[-83.868,11.3],[-83.745,11.567],[-83.652,11.642],[-83.704,11.825],[-83.829,11.861],[-83.77,11.932],[-83.767,12.059],[-83.68,12.024],[-83.651,12.287],[-83.754,12.502],[-83.625,12.613],[-83.593,12.713],[-83.578,12.667],[-83.627,12.459],[-83.596,12.396],[-83.511,12.412],[-83.541,12.596],[-83.515,12.944],[-83.567,13.32],[-83.494,13.739],[-83.412,13.997],[-83.281,14.154],[-83.188,14.34],[-83.299,14.749],[-83.375,14.766],[-83.413,14.825],[-83.344,14.902],[-83.307,14.89],[-83.302,14.802],[-83.28,14.813],[-83.157,14.993],[-83.291,15.079],[-83.369,15.24],[-83.646,15.369],[-83.676,15.365],[-83.551,15.294],[-83.498,15.222],[-83.59,15.266],[-83.761,15.22],[-83.927,15.394],[-84.095,15.401],[-84.111,15.492],[-83.973,15.519],[-83.765,15.406],[-84.261,15.823],[-84.519,15.873],[-84.426,15.83],[-84.492,15.794],[-84.56,15.802],[-84.646,15.884],[-84.974,15.99],[-85.163,15.918],[-85.484,15.899],[-85.784,16.003],[-85.986,16.024],[-85.937,15.953],[-86.181,15.885],[-86.357,15.783],[-86.757,15.794],[-86.907,15.762],[-88.289,17.313],[-88.203,17.517],[-88.272,17.61],[-88.085,18.226],[-88.13,18.35],[-88.349,18.359],[-88.196,18.643],[-88.197,18.72],[-88.074,18.835],[-88.031,18.839],[-88.011,18.727],[-88.056,18.525],[-87.96,18.441],[-87.882,18.274],[-87.853,18.269],[-87.762,18.446],[-87.734,18.655],[-87.653,18.799],[-87.501,19.288],[-87.509,19.317],[-87.551,19.321],[-87.622,19.251],[-87.656,19.258],[-87.658,19.352],[-87.483,19.444],[-87.435,19.502],[-87.425,19.583],[-87.645,19.554],[-87.69,19.594],[-87.688,19.637],[-87.586,19.779],[-87.441,19.861],[-87.467,20.102],[-87.421,20.231],[-87.221,20.507],[-87.059,20.631],[-86.926,20.786],[-86.772,21.15],[-86.817,21.234],[-86.824,21.422],[-86.912,21.463],[-87.017,21.573],[-84.887,21.868],[-84.839,21.828],[-84.56,21.933],[-84.501,21.93],[-84.502,21.776],[-84.241,21.899],[-84.031,21.943],[-83.901,22.17],[-83.601,22.209],[-83.486,22.187],[-83.38,22.223],[-82.738,22.689],[-81.79,22.657],[-81.703,22.592],[-81.683,22.535],[-81.711,22.497],[-82.078,22.387],[-81.816,22.2],[-81.441,22.184],[-81.355,22.104],[-81.285,22.109],[-81.222,22.143],[-81.186,22.268],[-81.117,22.134],[-81.036,22.074],[-80.499,22.064],[-80.486,22.123],[-80.232,21.872],[-79.91,21.742],[-79.357,21.585],[-79.189,21.553],[-78.823,21.619],[-78.728,21.593],[-78.576,21.414],[-78.491,21.053],[-78.116,20.762],[-77.997,20.715],[-77.467,20.689],[-77.23,20.644],[-77.189,20.56],[-77.108,20.492],[-77.104,20.407],[-77.149,20.347],[-77.554,20.082],[-77.715,19.855],[-76.999,19.893],[-76.78,19.94],[-76.159,19.99],[-75.765,19.96],[-75.552,19.891],[-75.291,19.893],[-75.219,19.924],[-75.152,20.008],[-75.117,19.901],[-74.635,20.058],[-74.253,20.08],[-74.15,20.182],[-73.369,19.825],[-73.438,19.722],[-73.396,19.659],[-73.053,19.611],[-72.703,19.441],[-72.768,19.241],[-72.741,19.132],[-72.811,19.072],[-72.649,18.894],[-72.348,18.675],[-72.376,18.574],[-72.618,18.551],[-72.696,18.468],[-72.789,18.435],[-73.592,18.522],[-73.687,18.565],[-73.863,18.575],[-74.228,18.663],[-74.387,18.625],[-74.478,18.45],[-74.46,18.393],[-74.419,18.346],[-74.085,18.215],[-73.885,18.042],[-73.839,18.058],[-73.825,18.122],[-73.747,18.19],[-73.515,18.245],[-73.385,18.251],[-72.877,18.152],[-72.504,18.22],[-72.06,18.229],[-71.946,18.186],[-71.713,18.005],[-71.632,17.774],[-71.518,17.725],[-71.439,17.636],[-71.359,17.694],[-71.106,18.07],[-71.07,18.25],[-70.759,18.346],[-70.645,18.336],[-70.48,18.217],[-70.183,18.252],[-70.018,18.374],[-69.77,18.444],[-69.52,18.416],[-69.275,18.44],[-69.073,18.399],[-68.935,18.408],[-68.687,18.215],[-68.564,18.355],[-68.445,18.418],[-68.35,18.573],[-67.196,18.433],[-67.264,18.365],[-67.172,18.224],[-67.197,17.994],[-67.143,17.967],[-66.9,17.948],[-66.772,17.986],[-66.511,17.987],[-66.409,17.95],[-66.245,17.947],[-65.971,17.974],[-65.834,18.057],[-65.719,18.186],[-65.621,18.243],[-65.629,18.381]],[[-59.643,13.15],[-59.612,13.102],[-59.522,13.062],[-59.427,13.153],[-59.591,13.318],[-59.646,13.303],[-59.643,13.15]],[[-61.22,14.805],[-61.141,14.652],[-61.011,14.602],[-61.091,14.53],[-61.064,14.467],[-60.9,14.474],[-60.862,14.426],[-60.837,14.437],[-60.827,14.494],[-60.87,14.614],[-60.934,14.686],[-60.927,14.755],[-61.128,14.875],[-61.213,14.848],[-61.22,14.805]],[[-61.06,13.783],[-60.951,13.718],[-60.895,13.822],[-60.908,14.093],[-61.064,13.916],[-61.06,13.783]],[[-60.918,10.84],[-61.651,10.718],[-61.478,10.603],[-61.499,10.269],[-61.632,10.244],[-61.662,10.192],[-61.906,10.069],[-61.174,10.078],[-61.012,10.134],[-60.968,10.324],[-61.038,10.482],[-61.034,10.67],[-60.918,10.84]],[[-61.529,16.434],[-61.501,16.36],[-61.54,16.299],[-61.522,16.228],[-61.173,16.256],[-61.356,16.363],[-61.406,16.468],[-61.471,16.507],[-61.529,16.434]],[[-61.481,15.525],[-61.375,15.227],[-61.282,15.249],[-61.251,15.373],[-61.277,15.527],[-61.32,15.585],[-61.458,15.633],[-61.481,15.525]],[[-61.553,16.271],[-61.748,16.356],[-61.794,16.301],[-61.759,16.062],[-61.71,15.976],[-61.671,15.962],[-61.564,16.048],[-61.575,16.227],[-61.553,16.271]],[[-63.893,11.167],[-64.007,11.069],[-64.028,11.002],[-64.113,11.006],[-64.214,11.086],[-64.349,11.052],[-64.403,10.982],[-64.219,10.942],[-64.161,10.959],[-64.054,10.884],[-63.918,10.888],[-63.817,11.0],[-63.85,11.131],[-63.893,11.167]],[[-69.154,12.298],[-68.995,12.142],[-68.803,12.045],[-68.751,12.06],[-68.827,12.159],[-69.013,12.231],[-69.119,12.373],[-69.159,12.38],[-69.154,12.298]],[[-73.285,18.897],[-72.822,18.707],[-72.805,18.778],[-73.069,18.932],[-73.17,18.967],[-73.276,18.954],[-73.285,18.897]],[[-77.978,18.468],[-78.217,18.448],[-78.326,18.35],[-78.339,18.287],[-78.294,18.218],[-78.045,18.174],[-77.963,18.048],[-77.882,18.019],[-77.768,17.877],[-77.361,17.833],[-77.205,17.715],[-77.12,17.88],[-77.071,17.901],[-77.036,17.854],[-76.944,17.849],[-76.853,17.974],[-76.748,17.965],[-76.775,17.94],[-76.525,17.866],[-76.211,17.913],[-76.35,18.152],[-76.701,18.257],[-76.908,18.39],[-77.874,18.522],[-77.978,18.468]],[[-83.083,21.791],[-82.974,21.592],[-83.055,21.549],[-83.18,21.623],[-83.184,21.593],[-83.067,21.469],[-82.853,21.444],[-82.562,21.572],[-82.629,21.767],[-82.756,21.91],[-82.991,21.943],[-83.083,21.791]],[[-87.019,20.383],[-86.991,20.272],[-86.809,20.468],[-86.763,20.579],[-86.928,20.551],[-87.019,20.383]]]},"properties":{"name":"Caribbean Sea","name_en":"Caribbean Sea","name_zh":"加勒比海","featurecla":"sea","scalerank":1,"min_label":2,"max_label":7.5,"label":"Caribbean Sea","wikidataid":"Q1247"}},{"type":"Feature","geometry":{"type":"Polygon","coordinates":[[[-84.885,21.867],[-87.017,21.573],[-87.128,21.621],[-87.217,21.583],[-87.368,21.574],[-87.386,21.551],[-87.296,21.525],[-87.188,21.547],[-87.164,21.514],[-87.187,21.477],[-87.251,21.447],[-87.481,21.473],[-88.007,21.604],[-88.132,21.616],[-88.251,21.567],[-88.466,21.569],[-88.879,21.414],[-89.82,21.275],[-90.183,21.121],[-90.353,21.01],[-97.195,20.8],[-97.5,21.398],[-97.515,21.478],[-97.637,21.604],[-97.754,22.027],[-97.59,21.762],[-97.383,21.567],[-97.434,21.357],[-97.409,21.273],[-97.315,21.564],[-97.585,21.809],[-97.763,22.106],[-97.858,22.625],[-97.745,22.943],[-97.766,23.306],[-97.743,23.761],[-97.668,24.39],[-97.507,25.014],[-97.164,25.755],[-97.14,26.03],[-97.151,26.065],[-97.214,26.068],[-97.435,26.486],[-97.555,26.967],[-97.476,27.118],[-97.485,27.237],[-97.693,27.287],[-97.769,27.457],[-97.524,27.314],[-97.439,27.328],[-97.289,27.671],[-97.432,27.837],[-97.374,27.87],[-97.252,27.854],[-97.171,27.88],[-97.073,27.986],[-97.034,28.094],[-97.141,28.061],[-97.156,28.144],[-97.016,28.163],[-96.933,28.224],[-96.891,28.158],[-96.839,28.195],[-96.807,28.22],[-96.773,28.422],[-96.676,28.341],[-96.562,28.367],[-96.421,28.458],[-96.525,28.489],[-96.64,28.709],[-96.576,28.716],[-96.449,28.595],[-96.373,28.657],[-96.011,28.632],[-96.235,28.489],[-95.854,28.64],[-95.274,28.964],[-95.152,29.079],[-95.139,29.168],[-94.888,29.37],[-94.993,29.531],[-95.023,29.702],[-94.89,29.677],[-94.832,29.752],[-94.742,29.75],[-94.724,29.655],[-94.778,29.548],[-94.526,29.548],[-94.75,29.418],[-94.76,29.384],[-94.099,29.67],[-93.89,29.689],[-93.947,29.815],[-93.841,29.98],[-93.769,29.952],[-93.809,29.851],[-93.884,29.81],[-93.826,29.725],[-93.695,29.77],[-93.176,29.779],[-92.671,29.597],[-92.261,29.557],[-92.084,29.593],[-92.059,29.617],[-92.136,29.7],[-92.017,29.8],[-91.893,29.836],[-91.825,29.751],[-91.673,29.746],[-91.514,29.556],[-91.331,29.514],[-91.249,29.564],[-91.244,29.457],[-91.151,29.318],[-91.238,29.331],[-91.283,29.321],[-91.29,29.289],[-90.751,29.131],[-90.677,29.151],[-90.586,29.271],[-90.503,29.3],[-90.379,29.295],[-90.302,29.256],[-90.213,29.105],[-90.136,29.136],[-90.053,29.337],[-90.052,29.431],[-90.141,29.48],[-90.159,29.537],[-89.877,29.458],[-89.818,29.416],[-89.793,29.333],[-89.62,29.303],[-89.443,29.194],[-89.353,29.07],[-89.376,28.981],[-89.236,29.081],[-89.155,29.016],[-89.109,29.099],[-89.022,29.143],[-89.016,29.203],[-89.117,29.248],[-89.181,29.335],[-89.514,29.42],[-89.675,29.539],[-89.721,29.619],[-89.683,29.675],[-89.559,29.698],[-89.591,29.725],[-89.531,29.772],[-89.354,29.82],[-89.358,29.921],[-89.414,30.011],[-89.401,30.046],[-89.495,30.058],[-89.563,30.002],[-89.589,29.915],[-89.744,29.93],[-89.815,30.007],[-89.665,30.117],[-89.668,30.145],[-89.738,30.172],[-89.728,30.205],[-89.588,30.166],[-89.443,30.223],[-89.321,30.345],[-89.224,30.332],[-88.905,30.415],[-88.692,30.355],[-88.135,30.367],[-88.011,30.694],[-87.923,30.562],[-87.924,30.45],[-87.857,30.408],[-87.79,30.292],[-88.006,30.231],[-87.622,30.265],[-87.448,30.394],[-87.444,30.364],[-87.501,30.309],[-87.476,30.294],[-87.281,30.339],[-87.185,30.454],[-87.171,30.539],[-87.072,30.501],[-86.998,30.571],[-86.965,30.502],[-86.986,30.431],[-87.124,30.396],[-87.201,30.339],[-86.679,30.403],[-86.448,30.495],[-86.257,30.493],[-86.166,30.464],[-86.124,30.406],[-86.24,30.429],[-86.455,30.399],[-86.175,30.332],[-85.756,30.167],[-85.741,30.245],[-85.604,30.287],[-85.663,30.19],[-85.61,30.148],[-85.623,30.117],[-85.676,30.122],[-85.353,29.876],[-85.315,29.758],[-85.336,29.74],[-85.414,29.842],[-85.414,29.768],[-85.376,29.695],[-85.319,29.68],[-85.03,29.721],[-84.889,29.778],[-84.8,29.773],[-84.55,29.898],[-84.383,29.908],[-84.355,30.029],[-84.31,30.065],[-84.044,30.104],[-83.694,29.926],[-83.291,29.452],[-82.769,29.051],[-82.651,28.887],[-82.66,28.486],[-82.844,27.846],[-82.743,27.709],[-82.715,27.733],[-82.661,27.718],[-82.611,27.777],[-82.596,27.873],[-82.675,27.964],[-82.636,27.981],[-82.498,27.868],[-82.446,27.903],[-82.401,27.835],[-82.636,27.525],[-82.714,27.5],[-82.62,27.401],[-82.441,27.06],[-82.29,26.871],[-82.181,26.84],[-82.181,26.937],[-82.013,26.962],[-82.067,26.892],[-82.078,26.704],[-82.04,26.552],[-81.97,26.552],[-81.921,26.631],[-81.829,26.687],[-81.959,26.49],[-81.867,26.435],[-81.812,26.146],[-81.715,25.983],[-81.568,25.892],[-81.365,25.831],[-81.345,25.732],[-81.113,25.367],[-80.98,25.312],[-80.941,25.264],[-80.966,25.224],[-81.098,25.319],[-81.136,25.31],[-81.167,25.229],[-81.111,25.138],[-80.862,25.176],[-80.736,25.156],[-80.558,25.232],[-80.485,25.23],[-80.367,25.331],[-80.33,25.422],[-79.896,24.959],[-80.425,24.465],[-81.801,24.077],[-83.0,24.218],[-83.033,23.0],[-83.258,22.967],[-84.122,22.619],[-84.361,22.379],[-84.383,22.256],[-84.326,22.074],[-84.373,22.036],[-84.533,22.031],[-84.877,21.894],[-84.885,21.867]],[[-97.402,26.82],[-97.185,26.113],[-97.202,26.3],[-97.351,26.801],[-97.386,27.197],[-97.402,26.82]]]},"properties":{"name":"Gulf of Mexico","name_en":"Gulf of Mexico","name_zh":"墨西哥湾","featurecla":"gulf","scalerank":1,"min_label":2,"max_label":7.5,"label":"Gulf of Mexico","wikidataid":"Q12630"}},{"type":"Feature","geometry":{"type":"Polygon","coordinates":[[[-43.944,59.819],[-43.947,59.778],[-52.743,47.767],[-52.783,47.77],[-52.945,47.553],[-53.122,47.455],[-53.17,47.512],[-53.154,47.735],[-52.998,47.976],[-52.872,48.094],[-52.883,48.131],[-52.921,48.147],[-53.283,47.998],[-53.504,47.744],[-53.604,47.662],[-53.672,47.648],[-53.765,47.65],[-53.864,47.787],[-53.695,47.921],[-53.638,48.015],[-53.87,48.02],[-53.57,48.088],[-53.542,48.108],[-53.56,48.174],[-53.61,48.208],[-53.405,48.294],[-53.335,48.356],[-53.136,48.402],[-53.037,48.516],[-53.042,48.656],[-53.275,48.563],[-53.411,48.562],[-53.552,48.482],[-53.645,48.511],[-53.739,48.496],[-53.799,48.449],[-54.115,48.393],[-53.794,48.526],[-53.707,48.655],[-53.698,48.68],[-53.966,48.707],[-53.962,48.739],[-53.853,48.811],[-54.161,48.788],[-53.903,48.889],[-53.758,49.035],[-53.573,49.141],[-53.57,49.264],[-53.619,49.322],[-53.958,49.442],[-54.356,49.415],[-54.448,49.329],[-54.469,49.53],[-54.502,49.527],[-54.982,49.268],[-55.016,49.26],[-55.026,49.305],[-55.176,49.244],[-55.244,49.2],[-55.252,49.121],[-55.353,49.079],[-55.343,49.168],[-55.259,49.267],[-55.2,49.408],[-55.23,49.508],[-55.283,49.514],[-55.28,49.413],[-55.344,49.373],[-55.376,49.49],[-55.678,49.435],[-55.815,49.515],[-56.087,49.452],[-55.892,49.58],[-55.87,49.67],[-55.978,49.678],[-56.14,49.619],[-56.04,49.705],[-55.584,49.893],[-55.503,49.983],[-55.764,49.96],[-55.927,50.018],[-56.161,49.94],[-56.122,50.063],[-56.179,50.115],[-56.247,50.09],[-56.376,49.934],[-56.501,49.87],[-56.822,49.614],[-56.809,49.711],[-56.849,49.766],[-56.754,49.883],[-56.732,50.008],[-56.484,50.271],[-56.455,50.38],[-56.196,50.585],[-56.135,50.651],[-56.106,50.759],[-55.871,50.907],[-55.8,51.033],[-55.796,51.166],[-55.841,51.205],[-56.0,51.199],[-56.044,51.262],[-56.031,51.328],[-55.584,51.388],[-55.459,51.537],[-55.492,51.587],[-55.389,51.966],[-55.694,52.14],[-55.691,52.242],[-56.012,52.394],[-55.777,52.364],[-55.716,52.391],[-55.706,52.428],[-55.84,52.508],[-56.325,52.545],[-56.293,52.574],[-55.803,52.643],[-55.872,52.736],[-55.83,52.879],[-55.893,53.0],[-55.808,53.135],[-55.798,53.212],[-55.855,53.286],[-55.859,53.344],[-55.966,53.471],[-56.11,53.588],[-56.354,53.625],[-56.465,53.765],[-56.841,53.74],[-57.012,53.672],[-57.332,53.469],[-57.42,53.583],[-57.527,53.6],[-57.157,53.757],[-57.149,53.848],[-57.406,54.152],[-57.573,54.436],[-57.404,54.591],[-57.483,54.64],[-57.627,54.65],[-57.827,54.719],[-57.929,54.773],[-57.963,54.876],[-58.195,54.866],[-58.223,54.813],[-58.398,54.774],[-58.78,54.838],[-58.886,54.952],[-58.997,55.149],[-59.26,55.2],[-59.428,55.056],[-59.838,54.814],[-59.742,54.942],[-59.438,55.176],[-59.689,55.196],[-59.696,55.269],[-59.759,55.31],[-59.93,55.259],[-60.213,55.237],[-60.617,55.06],[-60.45,55.2],[-60.361,55.366],[-60.193,55.481],[-60.408,55.649],[-60.341,55.785],[-60.476,55.805],[-60.562,55.727],[-60.593,55.815],[-60.737,55.887],[-60.743,55.941],[-60.832,55.958],[-60.996,55.863],[-61.089,55.866],[-61.188,55.955],[-61.449,55.996],[-61.449,56.022],[-61.301,56.047],[-61.365,56.216],[-61.713,56.231],[-61.707,56.289],[-61.426,56.361],[-61.94,56.424],[-62.01,56.454],[-61.899,56.506],[-61.738,56.526],[-61.855,56.584],[-61.992,56.591],[-62.117,56.667],[-62.395,56.73],[-62.497,56.802],[-62.296,56.833],[-62.382,56.788],[-62.063,56.699],[-61.532,56.655],[-61.372,56.681],[-61.391,56.853],[-61.334,57.01],[-61.629,57.183],[-61.799,57.186],[-61.977,57.248],[-61.85,57.37],[-61.921,57.421],[-62.088,57.453],[-62.397,57.448],[-62.496,57.489],[-62.338,57.484],[-61.968,57.612],[-61.931,57.669],[-61.995,57.77],[-61.899,57.861],[-61.958,57.912],[-62.118,57.964],[-62.306,57.972],[-62.487,58.154],[-62.818,58.129],[-63.22,58.002],[-63.262,58.015],[-63.063,58.127],[-62.812,58.2],[-62.674,58.319],[-62.594,58.474],[-62.608,58.496],[-62.837,58.479],[-63.132,58.411],[-63.119,58.442],[-63.21,58.467],[-63.473,58.331],[-63.537,58.33],[-63.39,58.452],[-63.102,58.546],[-62.874,58.672],[-62.926,58.765],[-63.05,58.878],[-63.282,58.867],[-63.216,58.928],[-63.31,59.026],[-63.223,59.057],[-63.249,59.068],[-63.941,59.028],[-63.971,59.054],[-63.506,59.115],[-63.415,59.194],[-63.54,59.333],[-63.637,59.341],[-63.776,59.277],[-63.759,59.319],[-63.781,59.349],[-63.945,59.38],[-63.971,59.409],[-63.75,59.513],[-63.929,59.645],[-63.979,59.754],[-64.056,59.822],[-64.226,59.741],[-64.169,59.847],[-64.183,59.973],[-64.284,60.064],[-64.768,60.012],[-64.528,60.094],[-64.42,60.172],[-64.46,60.302],[-64.428,60.325],[-45.411,60.166],[-45.379,60.203],[-44.613,60.017],[-44.533,60.03],[-44.348,60.205],[-44.224,60.274],[-44.176,60.245],[-44.231,60.18],[-44.454,60.014],[-44.413,59.923],[-44.269,59.893],[-44.066,59.925],[-44.117,59.832],[-43.944,59.819]],[[-61.893,57.573],[-62.011,57.549],[-61.975,57.496],[-61.795,57.423],[-61.638,57.416],[-61.659,57.525],[-61.893,57.573]]]},"properties":{"name":"Labrador Sea","name_en":"Labrador Sea","name_zh":"拉布拉多海","featurecla":"sea","scalerank":1,"min_label":2,"max_label":7.5,"label":"Labrador Sea","wikidataid":"Q184189"}},{"type":"Feature","geometry":{"type":"Polygon","coordinates":[[[-85.699,65.883],[-85.814,65.832],[-85.962,65.704],[-86.114,65.417],[-86.188,65.01],[-86.374,64.566],[-86.355,64.376],[-86.252,64.137],[-86.422,64.051],[-86.932,63.902],[-87.189,63.672],[-87.177,63.595],[-86.915,63.569],[-86.576,63.662],[-85.769,63.7],[-85.714,63.658],[-85.496,63.139],[-85.238,63.139],[-84.796,63.247],[-84.554,63.35],[-84.308,63.586],[-84.022,63.66],[-83.728,63.813],[-83.662,63.873],[-83.584,64.058],[-83.304,64.144],[-83.065,64.159],[-83.016,64.127],[-83.034,64.023],[-82.467,63.927],[-82.412,63.737],[-82.378,63.707],[-81.964,63.665],[-81.18,63.483],[-80.979,63.473],[-80.971,63.447],[-78.129,62.289],[-78.137,62.107],[-78.021,61.832],[-77.89,61.729],[-77.514,61.556],[-77.736,61.437],[-77.727,61.23],[-77.765,61.157],[-78.182,60.819],[-77.871,60.786],[-77.603,60.825],[-77.589,60.809],[-77.661,60.79],[-77.791,60.64],[-77.715,60.578],[-77.504,60.543],[-77.598,60.507],[-77.682,60.427],[-77.453,60.146],[-77.586,60.088],[-77.289,60.022],[-77.373,59.925],[-77.332,59.796],[-77.485,59.685],[-77.349,59.579],[-77.397,59.569],[-77.591,59.681],[-77.726,59.676],[-77.748,59.658],[-77.733,59.581],[-77.859,59.476],[-77.761,59.38],[-77.843,59.305],[-78.068,59.2],[-78.43,58.902],[-78.483,58.829],[-78.515,58.683],[-78.463,58.603],[-78.352,58.581],[-78.013,58.399],[-77.552,58.24],[-77.157,58.019],[-76.81,57.658],[-76.573,57.181],[-76.519,56.707],[-76.546,56.359],[-76.651,56.107],[-76.762,55.996],[-77.325,55.556],[-77.891,55.237],[-78.475,55.011],[-79.652,54.701],[-82.223,54.833],[-82.308,54.998],[-82.577,55.149],[-82.868,55.161],[-82.986,55.231],[-83.215,55.214],[-83.91,55.315],[-84.518,55.259],[-85.061,55.286],[-85.214,55.224],[-85.365,55.079],[-85.212,55.297],[-85.218,55.349],[-85.677,55.601],[-86.919,55.914],[-87.482,56.021],[-88.075,56.467],[-88.447,56.609],[-88.949,56.851],[-89.791,56.981],[-90.592,57.225],[-90.897,57.257],[-91.111,57.241],[-92.018,57.064],[-92.356,56.971],[-92.303,57.046],[-92.456,57.037],[-92.798,56.922],[-92.614,57.039],[-92.479,57.205],[-92.433,57.32],[-92.49,57.469],[-92.702,57.778],[-92.842,58.076],[-93.1,58.49],[-93.179,58.725],[-93.278,58.757],[-93.78,58.772],[-94.123,58.736],[-94.209,58.626],[-94.272,58.378],[-94.332,58.297],[-94.287,58.716],[-94.419,58.745],[-94.579,58.868],[-94.674,58.87],[-94.776,59.021],[-94.957,59.069],[-94.87,59.088],[-94.788,59.268],[-94.786,59.954],[-94.647,60.417],[-94.761,60.498],[-94.679,60.538],[-94.569,60.542],[-94.51,60.604],[-94.068,61.139],[-94.055,61.266],[-94.084,61.303],[-93.942,61.308],[-93.889,61.344],[-93.941,61.444],[-93.913,61.481],[-93.709,61.602],[-93.312,61.767],[-93.494,61.847],[-93.582,61.942],[-93.333,61.933],[-93.273,61.961],[-93.367,62.015],[-93.35,62.03],[-93.073,62.061],[-93.016,62.092],[-93.066,62.15],[-92.906,62.215],[-92.988,62.286],[-93.205,62.365],[-92.866,62.306],[-92.528,62.169],[-92.627,62.279],[-92.766,62.35],[-92.768,62.38],[-92.595,62.47],[-92.552,62.546],[-92.27,62.587],[-92.008,62.541],[-91.936,62.593],[-91.956,62.645],[-92.305,62.712],[-92.378,62.772],[-92.361,62.82],[-92.034,62.863],[-91.449,62.804],[-91.115,62.922],[-90.778,62.971],[-90.698,63.064],[-90.711,63.304],[-90.747,63.351],[-90.97,63.443],[-91.33,63.507],[-91.842,63.697],[-92.29,63.563],[-92.465,63.555],[-92.157,63.692],[-93.379,63.948],[-93.406,63.941],[-93.38,63.9],[-93.27,63.841],[-93.56,63.865],[-93.664,63.941],[-93.597,64.04],[-93.696,64.147],[-93.43,64.029],[-92.338,63.788],[-92.095,63.784],[-91.982,63.822],[-91.929,63.812],[-91.956,63.773],[-91.926,63.757],[-91.539,63.725],[-90.946,63.588],[-90.707,63.597],[-90.596,63.661],[-90.369,63.624],[-90.246,63.642],[-90.013,63.804],[-90.168,63.979],[-89.856,63.957],[-89.953,64.081],[-90.08,64.128],[-90.042,64.141],[-89.811,64.181],[-89.764,64.1],[-89.616,64.031],[-89.501,64.014],[-89.404,64.04],[-89.132,63.968],[-89.108,63.981],[-89.2,64.114],[-89.06,64.034],[-88.818,63.992],[-88.653,64.009],[-88.106,64.183],[-87.998,64.244],[-87.885,64.401],[-87.281,64.826],[-87.003,65.109],[-87.028,65.198],[-87.392,65.261],[-87.68,65.271],[-87.678,65.335],[-87.194,65.383],[-86.043,66.023],[-85.716,65.917],[-85.699,65.883]],[[-78.914,56.133],[-78.827,56.145],[-78.71,56.213],[-78.657,56.317],[-78.669,56.439],[-78.725,56.439],[-78.8,56.383],[-78.914,56.133]],[[-79.272,56.6],[-79.339,56.376],[-79.458,56.211],[-79.554,56.192],[-79.432,56.447],[-79.459,56.54],[-79.515,56.327],[-80.008,55.911],[-79.905,55.871],[-79.545,56.128],[-79.498,56.093],[-79.765,55.807],[-79.606,55.876],[-79.495,55.875],[-79.408,55.935],[-79.182,56.212],[-79.143,56.181],[-79.142,56.136],[-79.274,55.922],[-79.228,55.878],[-79.175,55.885],[-78.907,56.32],[-78.963,56.422],[-79.077,56.454],[-79.124,56.52],[-79.272,56.6]],[[-79.598,62.413],[-79.927,62.393],[-80.179,62.213],[-80.275,62.055],[-80.265,61.818],[-79.816,61.595],[-79.669,61.644],[-79.324,62.026],[-79.272,62.186],[-79.286,62.248],[-79.466,62.385],[-79.598,62.413]],[[-79.688,56.327],[-79.58,56.466],[-79.749,56.376],[-80.005,56.318],[-80.057,56.288],[-80.089,56.214],[-79.978,56.207],[-79.688,56.327]],[[-82.235,62.977],[-82.46,62.936],[-82.706,62.944],[-82.966,62.874],[-83.29,62.922],[-83.376,62.905],[-83.739,62.569],[-83.899,62.477],[-83.912,62.425],[-83.761,62.304],[-83.699,62.16],[-83.377,62.238],[-83.016,62.21],[-82.568,62.403],[-82.114,62.652],[-82.026,62.73],[-81.965,62.827],[-81.96,62.926],[-82.048,62.97],[-82.235,62.977]]]},"properties":{"name":"Hudson Bay","name_en":"Hudson Bay","name_zh":"哈德森湾","featurecla":"bay","scalerank":1,"min_label":2,"max_label":7.5,"label":"Hudson Bay","wikidataid":"Q3040"}},{"type":"Feature","geometry":{"type":"Polygon","coordinates":[[[52.609,41.53],[52.943,41.038],[52.85,40.686],[52.734,40.399],[52.744,40.22],[52.805,40.054],[53.035,39.774],[52.952,39.896],[52.988,39.988],[53.454,39.941],[53.487,39.909],[53.451,39.748],[53.472,39.669],[53.582,39.608],[53.603,39.547],[53.39,39.536],[53.236,39.609],[53.125,39.432],[53.157,39.265],[53.203,39.317],[53.336,39.341],[53.475,39.305],[53.617,39.216],[53.705,39.21],[53.724,39.103],[53.869,38.949],[53.885,38.864],[53.84,38.515],[53.854,38.286],[53.823,37.928],[53.848,37.67],[54.017,36.952],[54.016,36.85],[53.906,36.813],[53.679,36.853],[53.915,36.93],[53.768,36.93],[52.19,36.622],[51.762,36.615],[51.119,36.743],[50.928,36.81],[50.533,37.014],[50.338,37.149],[50.214,37.34],[50.13,37.407],[49.47,37.497],[49.171,37.601],[49.081,37.668],[49.015,37.776],[48.925,38.015],[48.871,38.393],[48.854,38.839],[49.014,39.134],[49.112,39.085],[49.121,39.004],[49.166,39.03],[49.269,39.285],[49.363,39.349],[49.324,39.608],[49.477,40.087],[49.551,40.194],[49.919,40.316],[50.143,40.323],[50.366,40.28],[50.307,40.412],[50.183,40.505],[49.991,40.577],[49.776,40.584],[49.457,40.8],[49.226,41.026],[49.107,41.302],[48.824,41.63],[48.664,41.787],[48.384,41.953],[48.08,42.353],[47.728,42.681],[47.709,42.811],[47.463,43.035],[47.513,43.219],[47.49,43.382],[47.509,43.51],[47.646,43.884],[47.563,43.835],[47.463,43.555],[47.429,43.78],[47.307,44.103],[47.023,44.343],[46.721,44.452],[46.716,44.561],[46.755,44.656],[46.957,44.782],[47.003,44.876],[47.084,44.817],[47.115,44.906],[47.351,45.218],[47.413,45.421],[47.515,45.491],[47.524,45.602],[47.463,45.68],[47.633,45.584],[47.65,45.657],[47.701,45.686],[47.83,45.663],[48.159,45.737],[48.487,45.935],[48.73,45.897],[48.75,45.921],[48.704,45.976],[48.683,46.086],[49.08,46.189],[49.125,46.281],[49.246,46.292],[49.206,46.386],[49.286,46.437],[49.362,46.41],[49.348,46.519],[49.886,46.596],[50.306,46.795],[50.419,46.879],[50.583,46.882],[50.92,47.041],[51.178,47.11],[51.615,47.03],[51.745,46.934],[52.011,46.902],[52.138,46.829],[52.341,46.895],[52.483,46.991],[52.916,46.955],[53.035,46.893],[53.17,46.669],[53.079,46.548],[53.064,46.475],[53.109,46.414],[53.135,46.192],[53.042,45.968],[52.888,45.779],[52.774,45.573],[52.837,45.497],[53.086,45.407],[53.2,45.332],[52.91,45.319],[52.427,45.405],[51.733,45.399],[51.539,45.343],[51.416,45.358],[51.294,45.23],[51.25,45.122],[51.04,44.98],[51.009,44.922],[51.058,44.811],[51.31,44.619],[51.431,44.602],[51.544,44.531],[51.376,44.541],[51.177,44.501],[51.049,44.53],[50.86,44.629],[50.41,44.624],[50.297,44.582],[50.253,44.462],[50.276,44.355],[50.331,44.326],[50.685,44.265],[50.831,44.193],[51.065,43.75],[51.302,43.482],[51.295,43.174],[51.616,43.158],[51.7,43.104],[51.898,42.869],[52.184,42.869],[52.273,42.8],[52.494,42.82],[52.597,42.76],[52.638,42.556],[52.618,42.428],[52.462,42.101],[52.468,41.886],[52.609,41.53]]]},"properties":{"name":"Caspian Sea","name_en":"Caspian Sea","name_zh":"裏海","featurecla":"sea","scalerank":1,"min_label":2,"max_label":7.5,"label":"Caspian Sea","wikidataid":"Q5484"}},{"type":"Feature","geometry":{"type":"Polygon","coordinates":[[[-72.698,78.38],[-72.715,78.362],[-72.571,78.299],[-72.581,78.279],[-72.818,78.194],[-72.791,78.155],[-72.653,78.108],[-72.443,77.446],[-72.489,77.431],[-72.495,77.385],[-72.024,77.317],[-71.602,77.334],[-71.009,77.137],[-71.155,77.074],[-71.142,77.029],[-70.735,76.929],[-70.793,76.869],[-70.613,76.822],[-70.441,76.808],[-69.694,76.99],[-69.872,76.877],[-69.888,76.827],[-69.674,76.736],[-69.252,76.686],[-68.223,76.678],[-68.114,76.651],[-68.865,76.561],[-69.484,76.399],[-69.373,76.332],[-68.149,76.067],[-66.731,75.974],[-57.191,74.118],[-56.493,74.182],[-56.298,74.163],[-55.93,73.896],[-55.838,73.76],[-55.968,73.76],[-56.109,73.591],[-56.104,73.558],[-55.876,73.504],[-55.787,73.461],[-55.739,73.384],[-55.446,73.461],[-55.332,73.398],[-55.288,73.327],[-55.297,73.262],[-55.359,73.203],[-55.693,73.113],[-55.669,73.008],[-55.289,72.933],[-55.134,72.96],[-55.073,73.015],[-54.866,72.967],[-54.738,72.873],[-54.761,72.832],[-54.74,72.7],[-54.925,72.572],[-55.122,72.5],[-55.457,72.503],[-55.602,72.454],[-55.428,72.42],[-55.296,72.355],[-55.378,72.311],[-55.636,72.301],[-55.66,72.223],[-55.581,72.179],[-55.32,72.2],[-54.896,72.394],[-54.84,72.356],[-55.316,72.111],[-55.452,71.958],[-55.549,71.768],[-55.669,71.692],[-55.668,71.627],[-55.594,71.553],[-55.336,71.427],[-54.78,71.373],[-54.443,70.749],[-54.531,70.699],[-54.501,70.657],[-54.257,70.528],[-54.272,70.311],[-54.706,70.256],[-54.816,70.189],[-54.831,70.133],[-54.774,70.053],[-54.323,69.942],[-54.363,69.924],[-54.664,69.965],[-54.821,69.92],[-67.294,69.971],[-67.716,70.22],[-67.855,70.282],[-68.059,70.317],[-68.204,70.281],[-68.327,70.18],[-68.211,70.128],[-68.231,70.112],[-68.489,70.065],[-68.744,69.942],[-69.008,69.979],[-68.723,70.146],[-68.778,70.204],[-69.483,70.16],[-69.634,70.129],[-69.796,70.047],[-70.058,70.043],[-70.062,70.071],[-69.699,70.189],[-69.298,70.277],[-68.794,70.324],[-68.483,70.415],[-68.363,70.481],[-68.358,70.523],[-68.401,70.565],[-68.496,70.61],[-69.289,70.783],[-69.695,70.786],[-69.796,70.835],[-69.95,70.845],[-70.561,70.739],[-70.851,70.644],[-70.98,70.581],[-71.313,70.209],[-71.429,70.128],[-71.28,70.425],[-71.276,70.5],[-71.427,70.552],[-71.565,70.506],[-71.727,70.395],[-71.89,70.432],[-71.586,70.566],[-71.022,70.674],[-70.762,70.792],[-70.639,70.903],[-70.636,71.007],[-70.673,71.052],[-70.826,71.109],[-71.186,70.978],[-71.371,70.975],[-71.743,71.047],[-72.009,71.014],[-72.313,70.833],[-72.633,70.831],[-71.938,71.094],[-71.495,71.105],[-71.187,71.279],[-71.333,71.404],[-71.641,71.516],[-72.116,71.593],[-72.581,71.607],[-72.902,71.678],[-73.278,71.538],[-73.311,71.484],[-73.192,71.35],[-73.18,71.283],[-73.398,71.374],[-73.482,71.479],[-73.713,71.588],[-74.063,71.426],[-74.198,71.404],[-73.713,71.72],[-73.707,71.747],[-73.814,71.771],[-73.992,71.75],[-74.139,71.682],[-74.488,71.648],[-74.6,71.585],[-74.759,71.338],[-74.996,71.218],[-75.035,71.231],[-74.841,71.407],[-74.868,71.505],[-74.701,71.676],[-74.96,71.667],[-75.205,71.709],[-74.893,71.725],[-74.316,71.843],[-74.213,71.939],[-74.209,71.979],[-74.266,72.038],[-74.695,72.097],[-75.148,72.063],[-75.6,71.919],[-75.822,71.746],[-75.923,71.717],[-75.543,72.008],[-75.394,72.04],[-75.053,72.227],[-75.04,72.269],[-75.072,72.323],[-75.186,72.434],[-75.294,72.481],[-75.705,72.572],[-76.189,72.572],[-76.698,72.695],[-77.018,72.726],[-77.014,72.844],[-76.4,72.821],[-76.09,72.881],[-76.309,72.998],[-76.289,73.081],[-76.57,73.159],[-76.759,73.31],[-77.005,73.356],[-77.247,73.508],[-77.214,73.66],[-80.278,74.581],[-80.22,74.657],[-80.213,74.75],[-80.149,74.796],[-80.348,74.903],[-79.944,74.834],[-79.508,74.88],[-79.401,74.918],[-79.525,74.99],[-79.664,75.021],[-80.135,74.988],[-80.382,75.034],[-79.635,75.199],[-79.509,75.26],[-79.508,75.295],[-79.626,75.42],[-79.01,75.799],[-79.052,75.867],[-79.057,75.985],[-78.946,76.025],[-78.845,76.106],[-79.013,76.147],[-78.484,76.465],[-78.496,76.532],[-78.284,76.571],[-78.119,76.644],[-77.983,76.755],[-77.998,76.852],[-78.289,76.978],[-78.456,76.967],[-78.792,76.884],[-79.221,76.936],[-79.319,76.981],[-79.274,77.026],[-79.281,77.085],[-79.341,77.158],[-79.497,77.196],[-79.924,77.194],[-80.219,77.147],[-80.798,77.259],[-81.117,77.269],[-81.756,77.204],[-82.066,77.284],[-81.523,77.311],[-81.278,77.365],[-81.504,77.43],[-81.654,77.499],[-81.659,77.526],[-80.573,77.315],[-79.906,77.3],[-78.493,77.369],[-78.284,77.413],[-78.076,77.519],[-78.047,77.616],[-78.084,77.846],[-78.013,77.946],[-76.974,77.927],[-76.355,77.991],[-75.97,77.993],[-75.866,78.01],[-75.551,78.221],[-75.193,78.328],[-75.488,78.403],[-76.416,78.511],[-76.373,78.521],[-74.879,78.545],[-74.547,78.62],[-74.539,78.647],[-72.698,78.38]],[[-55.235,72.825],[-55.516,72.781],[-55.994,72.782],[-56.215,72.719],[-56.141,72.668],[-55.869,72.662],[-55.781,72.617],[-55.524,72.568],[-55.017,72.791],[-55.033,72.82],[-55.235,72.825]]]},"properties":{"name":"Baffin Bay","name_en":"Baffin Bay","name_zh":"巴芬灣","featurecla":"bay","scalerank":1,"min_label":2,"max_label":7.5,"label":"Baffin Bay","wikidataid":"Q37040"}},{"type":"Feature","geometry":{"type":"Polygon","coordinates":[[[-136.595,58.239],[-162.517,54.048],[-162.961,54.3],[-163.089,54.686],[-163.379,54.815],[-163.131,54.916],[-163.1,54.974],[-163.12,55.065],[-162.996,55.047],[-162.865,54.955],[-162.674,54.996],[-162.619,55.039],[-162.63,55.247],[-162.542,55.243],[-162.495,55.209],[-162.413,55.107],[-162.458,55.078],[-162.386,55.052],[-162.275,55.073],[-162.167,55.144],[-162.074,55.139],[-161.742,55.391],[-161.654,55.564],[-161.517,55.619],[-161.358,55.612],[-161.202,55.543],[-161.413,55.536],[-161.477,55.465],[-161.464,55.383],[-161.178,55.389],[-160.897,55.514],[-160.771,55.484],[-160.625,55.553],[-160.499,55.537],[-160.373,55.635],[-159.771,55.841],[-159.679,55.825],[-159.66,55.626],[-159.567,55.695],[-159.523,55.81],[-158.79,55.987],[-158.705,56.043],[-158.591,56.184],[-158.542,56.167],[-158.505,56.062],[-158.276,56.196],[-158.386,56.302],[-158.552,56.313],[-158.414,56.436],[-157.93,56.52],[-158.078,56.552],[-157.869,56.645],[-157.578,56.635],[-157.441,56.79],[-157.139,56.827],[-156.78,57.006],[-156.629,57.01],[-156.592,57.065],[-156.475,57.105],[-156.4,57.205],[-156.398,57.241],[-156.478,57.328],[-156.436,57.36],[-156.242,57.449],[-156.055,57.447],[-156.037,57.526],[-156.0,57.545],[-155.778,57.568],[-155.596,57.701],[-155.59,57.734],[-155.147,57.882],[-155.007,58.016],[-154.585,58.055],[-154.571,58.118],[-154.247,58.159],[-154.208,58.289],[-154.289,58.304],[-154.086,58.366],[-154.02,58.493],[-153.862,58.588],[-153.617,58.654],[-153.438,58.755],[-153.329,58.887],[-151.959,59.278],[-151.738,59.188],[-151.366,59.246],[-151.171,59.237],[-151.183,59.301],[-150.935,59.249],[-150.853,59.342],[-150.677,59.427],[-150.623,59.479],[-150.608,59.564],[-150.485,59.536],[-150.338,59.582],[-150.198,59.567],[-149.967,59.69],[-150.005,59.784],[-149.783,59.75],[-149.795,59.856],[-149.714,59.92],[-149.598,59.77],[-149.549,59.894],[-149.432,60.001],[-149.395,60.106],[-149.267,59.998],[-149.122,60.033],[-149.004,59.98],[-148.751,59.948],[-148.465,59.975],[-148.291,60.146],[-148.199,60.166],[-148.176,60.127],[-148.08,60.151],[-147.914,60.092],[-147.768,59.944],[-147.872,59.828],[-147.846,59.799],[-147.54,59.867],[-147.376,59.991],[-147.318,60.075],[-146.703,60.404],[-146.595,60.268],[-145.89,60.483],[-145.248,60.38],[-144.691,60.669],[-144.824,60.534],[-144.902,60.335],[-144.643,60.224],[-144.186,60.151],[-144.089,60.084],[-144.085,60.063],[-144.161,60.046],[-144.147,60.017],[-143.805,60.013],[-142.946,60.097],[-142.548,60.086],[-141.67,59.97],[-141.447,60.019],[-141.41,60.042],[-141.409,60.118],[-141.33,60.083],[-141.29,60.004],[-141.409,59.903],[-140.843,59.749],[-140.42,59.711],[-140.217,59.727],[-139.917,59.806],[-139.519,60.017],[-139.432,60.012],[-139.243,59.893],[-138.988,59.835],[-139.221,59.82],[-139.287,59.611],[-139.331,59.877],[-139.447,59.957],[-139.513,59.954],[-139.569,59.912],[-139.582,59.848],[-139.513,59.698],[-139.611,59.61],[-139.799,59.546],[-138.884,59.237],[-138.515,59.166],[-138.561,59.129],[-138.353,59.087],[-138.027,58.941],[-137.864,58.786],[-137.565,58.626],[-137.544,58.581],[-136.595,58.239]],[[-151.974,58.31],[-152.079,58.312],[-152.125,58.374],[-152.198,58.363],[-152.316,58.414],[-152.381,58.352],[-152.674,58.451],[-152.841,58.416],[-152.769,58.345],[-152.772,58.279],[-152.976,58.297],[-153.381,58.087],[-152.982,57.997],[-152.781,58.016],[-152.683,58.063],[-152.598,58.162],[-152.571,58.168],[-152.537,58.101],[-152.309,58.134],[-152.334,58.208],[-152.269,58.252],[-152.109,58.161],[-151.982,58.244],[-151.974,58.31]],[[-153.16,57.972],[-153.226,57.958],[-153.169,57.91],[-153.217,57.796],[-153.39,57.798],[-153.488,57.731],[-153.524,57.731],[-153.696,57.871],[-153.806,57.875],[-153.904,57.82],[-153.879,57.757],[-153.693,57.663],[-153.69,57.641],[-153.838,57.636],[-153.798,57.443],[-153.688,57.305],[-153.805,57.358],[-153.947,57.53],[-154.008,57.556],[-153.995,57.587],[-154.03,57.631],[-154.116,57.651],[-154.282,57.638],[-154.536,57.56],[-154.673,57.446],[-154.706,57.335],[-154.569,57.206],[-154.499,57.037],[-154.339,56.921],[-154.261,56.912],[-154.184,57.005],[-154.239,57.087],[-154.381,57.097],[-154.244,57.143],[-154.035,57.122],[-154.103,57.021],[-154.0,57.05],[-153.793,56.99],[-154.071,56.821],[-154.051,56.789],[-153.973,56.774],[-153.757,56.858],[-153.643,56.961],[-153.647,57.029],[-153.733,57.052],[-153.588,57.078],[-153.275,57.226],[-153.052,57.238],[-152.879,57.321],[-152.679,57.345],[-152.781,57.453],[-152.997,57.469],[-152.941,57.498],[-152.412,57.455],[-152.216,57.577],[-152.236,57.615],[-152.411,57.646],[-152.482,57.704],[-152.486,57.734],[-152.419,57.782],[-152.429,57.826],[-152.616,57.849],[-152.891,57.769],[-152.898,57.824],[-152.85,57.897],[-153.16,57.972]],[[-153.375,57.052],[-153.295,57.0],[-153.157,57.094],[-152.908,57.152],[-153.285,57.185],[-153.354,57.132],[-153.375,57.052]],[[-159.92,55.267],[-159.982,55.198],[-160.172,55.123],[-160.154,55.038],[-160.227,54.923],[-159.854,55.144],[-159.839,55.183],[-159.898,55.221],[-159.871,55.264],[-159.92,55.267]],[[-160.789,55.383],[-160.846,55.311],[-160.825,55.174],[-160.795,55.145],[-160.702,55.178],[-160.609,55.159],[-160.488,55.185],[-160.583,55.308],[-160.553,55.381],[-160.67,55.314],[-160.696,55.399],[-160.789,55.383]]]},"properties":{"name":"Gulf of Alaska","name_en":"Gulf of Alaska","name_zh":"阿拉斯加湾","featurecla":"gulf","scalerank":1,"min_label":2,"max_label":7.5,"label":"Gulf of Alaska","wikidataid":"Q180531"}},{"type":"Feature","geometry":{"type":"Polygon","coordinates":[[[43.232,13.267],[43.475,12.839],[43.489,12.7],[43.3,12.461],[43.131,12.66],[43.083,12.824],[42.999,12.9],[42.97,12.809],[42.796,12.864],[42.735,13.019],[42.523,13.221],[42.399,13.213],[42.347,13.398],[42.245,13.587],[41.658,13.983],[41.176,14.62],[40.799,14.743],[40.546,14.934],[40.204,15.014],[40.084,15.152],[40.041,15.335],[39.864,15.47],[39.814,15.414],[39.79,15.319],[39.819,15.201],[39.786,15.125],[39.721,15.214],[39.631,15.453],[39.579,15.523],[39.507,15.532],[39.422,15.787],[39.299,15.921],[39.222,16.194],[39.143,16.729],[39.035,17.086],[38.912,17.427],[38.574,18.073],[38.333,18.219],[38.283,18.287],[38.202,18.249],[37.922,18.556],[37.73,18.694],[37.532,18.753],[37.471,18.82],[37.361,19.092],[37.248,19.582],[37.262,19.792],[37.193,20.121],[37.188,20.395],[37.228,20.557],[37.141,20.982],[37.151,21.104],[37.257,21.039],[37.259,21.109],[37.081,21.326],[36.927,21.586],[36.883,21.769],[36.87,22.016],[36.83,22.098],[36.415,22.394],[36.23,22.629],[35.914,22.739],[35.698,22.946],[35.523,23.443],[35.505,23.779],[35.541,23.921],[35.632,23.95],[35.784,23.938],[35.478,24.155],[35.194,24.475],[34.565,25.691],[34.329,26.024],[34.049,26.551],[33.959,26.649],[33.893,27.049],[33.828,27.222],[34.0,27.525],[34.389,27.999],[34.425,27.976],[34.506,27.996],[34.586,28.084],[34.625,28.064],[34.722,28.131],[35.078,28.087],[35.181,28.035],[35.424,27.734],[35.581,27.433],[35.763,27.259],[35.852,27.071],[36.25,26.595],[36.519,26.105],[36.675,26.039],[36.763,25.751],[36.921,25.641],[37.149,25.291],[37.266,24.96],[37.181,24.82],[37.543,24.291],[37.713,24.275],[37.821,24.188],[37.92,24.186],[38.289,23.911],[38.464,23.712],[38.706,23.306],[38.797,23.048],[38.941,22.882],[38.883,22.882],[38.939,22.805],[39.008,22.77],[39.001,22.699],[39.062,22.592],[39.096,22.393],[39.034,22.203],[38.988,21.882],[39.147,21.519],[39.151,21.433],[39.093,21.31],[39.276,20.974],[39.491,20.737],[39.614,20.517],[39.728,20.39],[39.884,20.293],[40.081,20.266],[40.482,19.994],[40.616,19.822],[40.759,19.755],[40.791,19.646],[40.913,19.49],[41.116,19.082],[41.23,18.679],[41.432,18.453],[41.507,18.256],[41.658,18.008],[41.75,17.886],[42.053,17.669],[42.294,17.435],[42.383,17.122],[42.544,16.96],[42.553,16.868],[42.699,16.737],[42.731,16.57],[42.79,16.451],[42.84,16.032],[42.717,15.654],[42.799,15.326],[42.789,15.265],[42.698,15.326],[42.658,15.233],[42.856,15.133],[42.936,14.938],[42.922,14.817],[43.021,14.555],[43.006,14.483],[43.093,14.204],[43.089,14.011],[43.234,13.859],[43.282,13.693],[43.232,13.267]],[[41.802,16.779],[41.964,16.653],[42.072,16.671],[42.158,16.571],[42.17,16.708],[42.06,16.804],[42.027,16.758],[42.065,16.71],[41.947,16.749],[41.948,16.937],[41.917,16.994],[41.86,17.003],[41.885,16.947],[41.858,16.893],[41.776,16.847],[41.802,16.779]],[[40.016,15.733],[40.071,15.677],[40.024,15.655],[39.947,15.696],[39.975,15.613],[40.399,15.58],[40.408,15.629],[40.25,15.704],[40.182,15.643],[40.097,15.839],[39.957,15.889],[40.0,15.828],[39.945,15.789],[39.94,15.744],[40.016,15.733]]]},"properties":{"name":"Red Sea","name_en":"Red Sea","name_zh":"红海","featurecla":"sea","scalerank":1,"min_label":2,"max_label":7.5,"label":"Red Sea","wikidataid":"Q23406"}},{"type":"Feature","geometry":{"type":"Polygon","coordinates":[[[157.136,51.174],[156.254,50.218],[153.555,47.837],[151.809,46.567],[149.428,45.35],[147.047,43.815],[146.168,43.361],[145.673,43.389],[145.488,43.28],[145.436,43.282],[145.341,43.302],[145.101,43.765],[145.126,43.87],[145.352,44.23],[145.37,44.327],[145.343,44.334],[144.872,43.982],[144.715,43.928],[144.482,43.949],[144.101,44.101],[143.759,44.131],[143.655,44.221],[143.288,44.397],[142.885,44.67],[142.416,45.125],[141.946,45.504],[142.07,45.922],[142.208,46.089],[142.35,46.459],[142.479,46.644],[142.578,46.701],[142.692,46.711],[142.829,46.605],[143.283,46.559],[143.352,46.476],[143.419,46.222],[143.432,46.029],[143.581,46.361],[143.486,46.752],[143.384,46.806],[143.217,46.795],[142.94,47.323],[142.745,47.453],[142.557,47.738],[142.574,48.072],[142.971,48.918],[143.027,49.106],[143.105,49.199],[143.382,49.291],[143.732,49.312],[144.049,49.249],[144.536,48.893],[144.621,48.815],[144.714,48.641],[144.685,48.871],[144.432,49.051],[144.341,49.18],[144.048,49.896],[143.816,50.283],[143.534,51.246],[143.473,51.299],[143.456,51.472],[143.321,51.583],[143.295,51.744],[143.191,51.945],[143.156,52.084],[143.173,52.349],[143.201,52.443],[143.264,52.479],[143.323,52.614],[143.325,52.963],[143.224,53.296],[142.918,53.794],[142.912,53.878],[142.986,54.086],[142.976,54.141],[142.761,54.394],[142.693,54.416],[142.616,54.304],[142.552,54.279],[139.708,54.277],[139.32,54.193],[138.696,54.32],[138.657,54.298],[138.716,54.223],[138.722,54.044],[138.661,53.745],[138.451,53.537],[138.25,53.524],[138.292,53.592],[138.569,53.819],[138.568,53.947],[138.528,53.96],[138.379,53.909],[138.253,53.726],[137.951,53.604],[137.738,53.56],[137.328,53.539],[137.222,53.579],[137.517,53.707],[137.645,53.866],[137.786,53.903],[137.835,53.946],[137.623,53.97],[137.339,54.1],[137.513,54.157],[137.666,54.284],[138.209,55.033],[138.124,56.482],[138.218,56.629],[138.662,56.965],[138.966,57.088],[139.182,57.262],[139.506,57.359],[139.619,57.456],[139.861,57.549],[140.002,57.688],[140.447,57.814],[140.685,58.212],[140.79,58.304],[140.988,58.417],[141.347,58.528],[141.603,58.649],[141.755,58.745],[142.025,58.999],[142.58,59.24],[143.192,59.37],[143.524,59.343],[143.869,59.411],[144.483,59.376],[145.554,59.413],[145.756,59.374],[145.829,59.33],[145.932,59.198],[146.05,59.17],[146.273,59.222],[146.444,59.43],[146.537,59.457],[146.804,59.373],[147.04,59.366],[147.514,59.269],[147.688,59.291],[147.875,59.388],[148.257,59.414],[148.491,59.262],[148.727,59.258],[148.914,59.283],[148.965,59.369],[148.89,59.4],[148.744,59.374],[148.709,59.449],[148.797,59.532],[148.925,59.475],[149.205,59.488],[149.065,59.631],[149.29,59.729],[149.643,59.77],[150.667,59.556],[150.484,59.494],[150.615,59.506],[150.823,59.461],[151.034,59.586],[151.348,59.561],[151.486,59.524],[151.798,59.323],[151.942,59.284],[152.169,59.278],[152.26,59.224],[151.99,59.16],[151.505,59.164],[151.121,59.083],[151.327,58.875],[151.705,58.867],[152.088,58.911],[152.165,58.997],[152.32,59.031],[152.576,58.954],[152.818,58.926],[152.882,58.939],[153.077,59.082],[153.273,59.092],[153.361,59.215],[153.695,59.225],[154.011,59.076],[154.246,59.108],[154.458,59.216],[154.704,59.141],[154.824,59.187],[155.16,59.19],[156.815,57.768],[156.792,57.748],[156.9,57.677],[156.964,57.561],[156.977,57.466],[156.728,57.152],[156.067,56.782],[155.983,56.695],[155.716,56.072],[155.555,55.349],[155.62,54.865],[155.95,53.744],[156.11,52.866],[156.229,52.626],[156.365,52.509],[156.49,51.913],[156.5,51.475],[156.543,51.312],[156.671,51.227],[156.748,50.969],[157.136,51.174]],[[156.376,50.862],[156.213,50.785],[156.168,50.732],[156.326,50.639],[156.405,50.658],[156.483,50.751],[156.487,50.843],[156.376,50.862]],[[156.123,50.671],[156.097,50.772],[156.002,50.757],[155.885,50.684],[155.773,50.483],[155.68,50.401],[155.434,50.369],[155.327,50.293],[155.218,50.298],[155.195,50.265],[155.243,50.213],[155.243,50.095],[155.397,50.041],[155.516,50.145],[155.793,50.202],[156.045,50.452],[156.123,50.671]],[[154.611,49.294],[154.715,49.268],[154.81,49.312],[154.83,49.348],[154.803,49.468],[154.899,49.631],[154.825,49.647],[154.613,49.381],[154.611,49.294]],[[151.715,46.852],[151.754,46.788],[151.815,46.787],[152.002,46.897],[152.289,47.142],[152.166,47.111],[151.864,46.869],[151.715,46.852]],[[150.309,46.201],[149.962,46.022],[149.796,45.876],[149.666,45.84],[149.447,45.594],[149.539,45.591],[149.688,45.642],[149.883,45.783],[150.195,45.933],[150.235,46.012],[150.553,46.208],[150.309,46.201]],[[148.707,45.521],[148.324,45.282],[148.056,45.262],[147.965,45.378],[147.924,45.383],[147.873,45.3],[147.886,45.226],[147.769,45.191],[147.43,44.945],[147.247,44.856],[147.155,44.766],[147.141,44.663],[146.974,44.566],[146.897,44.405],[147.098,44.531],[147.207,44.554],[147.31,44.678],[147.563,44.836],[147.658,44.977],[147.784,44.959],[147.914,44.99],[148.262,45.217],[148.6,45.318],[148.791,45.324],[148.837,45.363],[148.803,45.414],[148.812,45.51],[148.707,45.521]],[[146.516,44.375],[146.568,44.441],[146.356,44.425],[146.208,44.498],[146.112,44.5],[145.748,44.072],[145.462,43.871],[145.426,43.81],[145.439,43.737],[145.556,43.665],[145.587,43.845],[145.767,43.941],[145.914,44.104],[146.113,44.246],[146.296,44.281],[146.436,44.375],[146.516,44.375]]]},"properties":{"name":"Sea of Okhotsk","name_en":"Sea of Okhotsk","name_zh":"鄂霍次克海","featurecla":"sea","scalerank":1,"min_label":2,"max_label":7.5,"label":"Sea of Okhotsk","wikidataid":"Q41602"}},{"type":"Feature","geometry":{"type":"Polygon","coordinates":[[[-61.066,-71.133],[-11.926,-71.133],[-11.926,-71.289],[-12.074,-71.297],[-12.351,-71.39],[-12.284,-71.495],[-12.148,-71.614],[-11.333,-71.786],[-11.009,-71.758],[-10.961,-71.822],[-10.958,-71.902],[-11.497,-72.413],[-12.747,-72.629],[-13.208,-72.785],[-13.603,-72.792],[-14.298,-72.733],[-14.298,-72.785],[-14.168,-72.843],[-14.0,-73.001],[-14.165,-73.102],[-14.321,-73.123],[-15.007,-73.048],[-15.596,-73.097],[-15.803,-73.152],[-16.149,-73.334],[-16.435,-73.426],[-16.507,-73.556],[-16.519,-73.644],[-15.936,-73.758],[-16.003,-73.816],[-16.282,-73.867],[-16.22,-73.916],[-15.749,-73.946],[-14.611,-73.852],[-14.574,-73.937],[-15.29,-74.281],[-15.673,-74.407],[-16.429,-74.324],[-17.299,-74.334],[-17.436,-74.379],[-17.923,-74.699],[-18.068,-74.863],[-18.221,-74.974],[-18.517,-75.052],[-18.749,-75.242],[-18.517,-75.39],[-18.305,-75.432],[-19.493,-75.54],[-20.488,-75.492],[-20.783,-75.594],[-21.434,-75.683],[-21.948,-75.694],[-22.466,-75.661],[-24.27,-75.767],[-26.059,-75.957],[-27.134,-76.158],[-28.934,-76.37],[-30.222,-76.66],[-30.489,-76.762],[-31.676,-77.033],[-32.063,-77.16],[-32.614,-77.141],[-34.076,-77.426],[-34.29,-77.522],[-34.551,-77.729],[-34.808,-77.821],[-35.088,-77.837],[-35.509,-78.041],[-36.181,-78.468],[-36.266,-78.616],[-36.239,-78.774],[-35.516,-78.933],[-34.995,-78.978],[-34.197,-79.11],[-32.994,-79.229],[-30.985,-79.128],[-30.645,-79.124],[-30.316,-79.163],[-30.178,-79.305],[-30.211,-79.485],[-30.049,-79.586],[-29.949,-79.599],[-25.259,-79.762],[-24.534,-79.758],[-23.407,-79.859],[-23.574,-79.965],[-24.02,-80.009],[-24.24,-80.062],[-29.532,-80.182],[-30.425,-80.28],[-31.015,-80.308],[-31.312,-80.45],[-32.256,-80.461],[-32.706,-80.514],[-33.191,-80.518],[-35.327,-80.651],[-35.521,-80.746],[-35.966,-80.891],[-36.812,-80.975],[-37.209,-81.064],[-38.772,-80.883],[-40.441,-81.165],[-40.914,-81.173],[-41.126,-81.215],[-41.711,-81.407],[-42.046,-81.598],[-42.564,-81.761],[-43.18,-82.017],[-43.669,-82.27],[-44.064,-82.331],[-44.292,-82.318],[-44.455,-82.366],[-45.044,-82.438],[-46.175,-82.512],[-46.517,-82.455],[-46.449,-82.34],[-46.199,-82.271],[-46.046,-82.159],[-46.119,-82.04],[-46.258,-81.947],[-47.36,-82.004],[-48.361,-81.892],[-50.653,-81.975],[-52.415,-82.135],[-53.339,-82.145],[-53.986,-82.201],[-55.295,-82.465],[-55.8,-82.479],[-56.318,-82.634],[-57.557,-82.89],[-59.516,-83.459],[-61.426,-83.396],[-61.59,-83.341],[-61.531,-83.279],[-61.303,-83.184],[-61.201,-83.098],[-61.219,-82.992],[-61.313,-82.939],[-61.709,-83.01],[-61.917,-82.976],[-62.129,-82.822],[-62.465,-82.718],[-62.736,-82.527],[-62.094,-82.467],[-60.817,-82.276],[-60.528,-82.2],[-60.859,-82.187],[-61.902,-82.271],[-62.645,-82.263],[-63.773,-82.304],[-64.397,-82.374],[-64.92,-82.371],[-65.424,-82.281],[-65.714,-82.279],[-65.913,-82.183],[-65.786,-82.046],[-65.844,-81.993],[-66.134,-81.954],[-65.916,-81.902],[-64.137,-81.869],[-64.19,-81.795],[-65.264,-81.786],[-65.487,-81.775],[-65.62,-81.729],[-64.696,-81.652],[-62.946,-81.684],[-62.165,-81.636],[-62.354,-81.577],[-64.75,-81.522],[-65.574,-81.46],[-68.144,-81.13],[-68.285,-81.074],[-68.326,-81.004],[-68.59,-80.968],[-69.182,-81.005],[-69.772,-80.961],[-70.239,-80.857],[-70.56,-80.647],[-70.688,-80.626],[-71.018,-80.619],[-72.173,-80.764],[-72.553,-80.853],[-73.03,-80.917],[-73.938,-80.816],[-74.511,-80.838],[-74.807,-80.886],[-75.075,-80.86],[-75.237,-80.803],[-75.494,-80.617],[-75.709,-80.382],[-75.986,-80.295],[-76.407,-80.095],[-77.16,-80.153],[-78.176,-80.167],[-79.661,-79.997],[-77.702,-80.009],[-77.222,-79.994],[-76.558,-79.904],[-76.344,-79.821],[-76.032,-79.627],[-76.105,-79.465],[-76.218,-79.387],[-76.499,-79.326],[-79.456,-79.305],[-80.151,-79.268],[-80.489,-79.321],[-80.479,-79.426],[-80.535,-79.513],[-80.892,-79.502],[-81.163,-79.4],[-81.222,-79.298],[-81.661,-79.1],[-83.26,-78.774],[-83.595,-78.611],[-83.763,-78.461],[-83.706,-78.404],[-83.545,-78.355],[-83.355,-78.408],[-83.227,-78.402],[-83.246,-78.357],[-83.688,-78.148],[-83.779,-77.984],[-82.609,-78.412],[-81.929,-78.559],[-80.292,-78.822],[-79.766,-78.821],[-78.712,-78.752],[-77.869,-78.746],[-77.545,-78.66],[-77.452,-78.561],[-77.433,-78.435],[-77.858,-78.351],[-79.51,-78.154],[-81.581,-77.846],[-81.103,-77.842],[-80.601,-77.752],[-79.679,-77.842],[-77.742,-77.94],[-75.399,-78.158],[-74.812,-78.178],[-74.042,-78.109],[-73.251,-77.894],[-72.875,-77.694],[-72.852,-77.59],[-74.581,-77.478],[-75.387,-77.474],[-76.249,-77.275],[-77.168,-76.834],[-77.287,-76.702],[-77.19,-76.63],[-76.244,-76.585],[-75.659,-76.608],[-75.269,-76.581],[-73.88,-76.697],[-72.722,-76.689],[-71.799,-76.753],[-70.551,-76.718],[-70.095,-76.654],[-69.915,-76.522],[-69.304,-76.351],[-67.518,-76.109],[-66.371,-76.013],[-65.044,-75.788],[-63.363,-75.452],[-63.258,-75.399],[-63.304,-75.352],[-64.279,-75.293],[-63.858,-75.206],[-63.231,-75.154],[-63.173,-75.115],[-63.337,-75.035],[-63.925,-75.005],[-63.357,-74.878],[-63.198,-74.909],[-63.125,-74.85],[-63.178,-74.684],[-62.887,-74.691],[-62.709,-74.737],[-62.567,-74.896],[-62.372,-74.952],[-62.138,-74.926],[-61.928,-74.863],[-61.855,-74.777],[-61.894,-74.713],[-62.226,-74.506],[-62.235,-74.442],[-61.64,-74.513],[-61.37,-74.512],[-61.011,-74.478],[-60.704,-74.307],[-60.784,-74.241],[-61.332,-74.329],[-61.843,-74.29],[-61.571,-74.195],[-61.227,-74.208],[-61.042,-74.122],[-61.161,-74.056],[-61.32,-74.036],[-61.838,-74.032],[-61.741,-73.996],[-61.692,-73.924],[-61.404,-73.896],[-61.203,-73.957],[-60.903,-73.871],[-60.791,-73.712],[-60.879,-73.612],[-61.08,-73.539],[-61.405,-73.467],[-61.637,-73.5],[-61.738,-73.375],[-61.787,-73.255],[-61.915,-73.216],[-62.008,-73.148],[-61.428,-73.192],[-61.082,-73.328],[-60.896,-73.32],[-60.561,-73.211],[-60.122,-73.275],[-60.016,-73.19],[-59.957,-73.031],[-60.01,-72.938],[-60.149,-72.938],[-60.254,-73.018],[-60.385,-73.007],[-60.532,-72.832],[-60.532,-72.674],[-60.724,-72.647],[-60.939,-72.699],[-61.286,-72.601],[-61.28,-72.468],[-60.73,-72.426],[-60.665,-72.362],[-60.72,-72.072],[-60.952,-72.05],[-61.31,-72.113],[-61.628,-72.053],[-61.894,-72.071],[-62.257,-72.017],[-61.939,-71.904],[-61.035,-71.82],[-60.949,-71.748],[-60.995,-71.661],[-61.082,-71.589],[-61.213,-71.564],[-61.563,-71.675],[-61.959,-71.658],[-61.79,-71.616],[-61.148,-71.342],[-61.003,-71.319],[-60.963,-71.245],[-61.066,-71.133]],[[-12.915,-72.015],[-12.963,-72.064],[-12.888,-72.137],[-12.72,-72.188],[-12.509,-72.174],[-12.637,-72.071],[-12.789,-72.006],[-12.915,-72.015]],[[-16.303,-72.478],[-16.455,-72.474],[-16.517,-72.531],[-16.453,-72.652],[-16.318,-72.702],[-16.105,-72.679],[-16.303,-72.478]],[[-21.025,-73.88],[-21.288,-73.989],[-21.931,-74.057],[-22.035,-74.107],[-21.61,-74.092],[-21.167,-74.132],[-20.977,-74.225],[-20.818,-74.455],[-20.489,-74.493],[-20.417,-74.443],[-20.424,-74.317],[-20.6,-74.197],[-20.654,-74.105],[-20.607,-73.886],[-20.521,-73.798],[-20.521,-73.712],[-20.58,-73.619],[-20.867,-73.677],[-21.025,-73.88]],[[-31.681,-79.634],[-32.0,-79.733],[-31.824,-79.85],[-30.844,-79.939],[-30.422,-80.011],[-30.029,-79.936],[-29.615,-79.909],[-29.871,-79.823],[-30.66,-79.733],[-30.78,-79.647],[-30.861,-79.726],[-30.841,-79.771],[-30.985,-79.818],[-31.681,-79.634]],[[-32.583,-79.659],[-32.515,-79.683],[-32.343,-79.673],[-31.957,-79.604],[-31.933,-79.568],[-32.15,-79.53],[-32.376,-79.535],[-32.583,-79.659]],[[-36.601,-79.283],[-34.05,-79.357],[-33.934,-79.32],[-33.995,-79.279],[-35.534,-79.09],[-36.048,-79.181],[-36.566,-79.209],[-36.601,-79.283]],[[-49.081,-78.047],[-49.354,-78.222],[-50.142,-78.557],[-50.378,-78.781],[-50.242,-78.833],[-50.38,-78.923],[-50.502,-78.95],[-50.52,-79.105],[-50.733,-79.283],[-50.379,-79.338],[-50.295,-79.43],[-50.401,-79.511],[-51.184,-79.819],[-52.297,-80.141],[-52.357,-80.078],[-52.461,-80.067],[-52.807,-80.156],[-53.054,-80.175],[-53.394,-80.109],[-53.482,-80.189],[-54.045,-80.487],[-54.347,-80.569],[-54.372,-80.624],[-54.351,-80.76],[-54.242,-80.847],[-54.163,-80.87],[-49.773,-80.784],[-49.63,-80.712],[-49.187,-80.643],[-43.528,-80.191],[-43.454,-80.155],[-43.49,-80.096],[-43.758,-80.021],[-43.6,-79.974],[-43.267,-79.979],[-43.066,-79.891],[-42.99,-79.801],[-42.945,-79.579],[-42.966,-79.477],[-43.211,-79.3],[-43.267,-79.163],[-43.628,-78.846],[-44.041,-78.807],[-45.092,-78.815],[-45.352,-78.791],[-45.213,-78.687],[-45.068,-78.662],[-43.947,-78.598],[-43.852,-78.53],[-43.777,-78.385],[-43.809,-78.286],[-44.34,-78.093],[-45.53,-77.882],[-46.258,-77.805],[-46.826,-77.785],[-47.692,-77.84],[-49.081,-78.047]],[[-59.498,-80.115],[-59.788,-80.101],[-59.786,-80.001],[-59.706,-79.876],[-59.873,-79.777],[-60.579,-79.741],[-61.343,-79.887],[-61.346,-79.951],[-61.246,-79.978],[-61.302,-79.996],[-61.684,-80.02],[-61.717,-80.069],[-61.694,-80.134],[-61.598,-80.206],[-61.485,-80.244],[-61.194,-80.257],[-61.313,-80.307],[-61.633,-80.344],[-62.519,-80.373],[-65.98,-80.385],[-66.167,-80.346],[-66.218,-80.258],[-66.377,-80.222],[-66.589,-80.239],[-66.771,-80.294],[-66.184,-80.442],[-64.268,-80.749],[-64.065,-80.65],[-63.144,-80.595],[-63.068,-80.627],[-62.941,-80.766],[-62.671,-80.834],[-60.583,-80.948],[-60.268,-80.881],[-59.825,-80.733],[-59.771,-80.657],[-59.734,-80.344],[-59.53,-80.208],[-59.322,-80.196],[-59.498,-80.115]],[[-65.579,-79.771],[-65.871,-79.738],[-66.014,-79.624],[-66.785,-79.608],[-66.979,-79.569],[-67.688,-79.528],[-67.809,-79.546],[-67.719,-79.62],[-66.993,-79.794],[-66.962,-79.873],[-66.904,-79.909],[-66.41,-79.973],[-66.367,-80.054],[-66.267,-80.081],[-65.899,-80.041],[-65.504,-79.954],[-65.579,-79.771]],[[-69.732,-79.618],[-69.634,-79.517],[-69.686,-79.443],[-69.251,-79.21],[-67.481,-78.682],[-66.728,-78.384],[-67.038,-78.316],[-67.479,-78.363],[-69.398,-78.686],[-69.972,-78.809],[-70.544,-78.884],[-71.454,-79.129],[-71.668,-79.246],[-71.783,-79.444],[-71.778,-79.5],[-71.687,-79.568],[-71.414,-79.64],[-70.553,-79.683],[-69.732,-79.618]],[[-68.549,-79.437],[-67.434,-79.501],[-67.262,-79.453],[-67.305,-79.394],[-67.239,-79.328],[-67.069,-79.269],[-67.474,-79.223],[-68.033,-79.227],[-68.422,-79.333],[-68.549,-79.437]]]},"properties":{"name":"Weddell Sea","name_en":"Weddell Sea","name_zh":"威德尔海","featurecla":"sea","scalerank":1,"min_label":2,"max_label":7.5,"label":"Weddell Sea","wikidataid":"Q173343"}},{"type":"Feature","geometry":{"type":"Polygon","coordinates":[[[57.204,26.1],[56.425,26.278],[56.43,26.327],[56.379,26.356],[56.306,26.235],[56.164,26.207],[55.941,25.794],[55.523,25.498],[55.098,25.042],[54.747,24.811],[54.534,24.531],[54.397,24.278],[54.148,24.171],[53.802,24.07],[53.026,24.148],[52.648,24.154],[52.251,23.995],[52.119,23.971],[51.906,23.986],[51.792,24.075],[51.767,24.254],[51.665,24.25],[51.606,24.339],[51.569,24.286],[51.535,24.286],[51.31,24.34],[51.418,24.531],[51.411,24.571],[51.338,24.564],[51.268,24.607],[51.428,24.668],[51.609,25.053],[51.485,25.525],[51.572,25.781],[51.543,25.902],[51.389,26.011],[51.262,26.153],[51.108,26.081],[51.003,25.982],[50.868,25.613],[50.755,25.4],[50.847,24.888],[50.804,24.789],[50.558,25.087],[50.455,25.425],[50.239,25.623],[50.081,25.961],[50.032,26.111],[50.156,26.101],[50.214,26.309],[50.185,26.405],[50.028,26.527],[50.008,26.679],[50.026,26.699],[50.15,26.663],[49.986,26.829],[49.716,26.956],[49.538,27.152],[49.405,27.181],[49.175,27.438],[49.237,27.493],[48.906,27.629],[48.797,27.724],[48.833,27.801],[48.809,27.896],[48.626,28.133],[48.339,28.763],[48.184,28.979],[48.052,29.356],[47.998,29.386],[47.845,29.366],[47.722,29.393],[47.725,29.417],[47.97,29.617],[48.143,29.573],[48.006,29.836],[47.982,30.011],[48.142,30.041],[48.454,29.939],[48.596,29.975],[48.671,30.028],[48.832,30.036],[48.919,30.121],[48.891,30.328],[48.917,30.397],[49.037,30.45],[49.002,30.507],[49.131,30.51],[49.224,30.472],[49.247,30.412],[49.19,30.375],[49.096,30.407],[49.002,30.374],[49.054,30.307],[49.43,30.13],[49.555,30.029],[49.983,30.209],[50.071,30.199],[50.169,29.921],[50.65,29.42],[50.646,29.212],[50.675,29.147],[50.876,29.063],[50.843,28.928],[50.867,28.87],[51.021,28.782],[51.062,28.726],[51.094,28.512],[51.276,28.219],[51.279,28.132],[51.589,27.864],[52.031,27.824],[52.192,27.717],[52.476,27.617],[52.603,27.493],[52.691,27.324],[52.982,27.142],[53.455,26.943],[53.507,26.852],[53.706,26.726],[53.823,26.708],[54.069,26.733],[54.247,26.697],[54.522,26.589],[54.645,26.509],[54.759,26.505],[54.896,26.557],[55.294,26.786],[55.424,26.771],[55.519,26.83],[55.65,26.978],[55.941,27.038],[56.118,27.143],[56.356,27.2],[56.728,27.128],[56.91,26.994],[57.036,26.801],[57.104,26.372],[57.204,26.1]],[[55.423,26.583],[55.848,26.731],[55.954,26.701],[56.095,26.801],[56.188,26.921],[56.279,26.952],[56.214,27.003],[56.074,26.983],[55.907,26.91],[55.758,26.948],[55.784,26.857],[55.763,26.812],[55.295,26.639],[55.311,26.593],[55.423,26.583]],[[50.452,26.191],[50.49,26.058],[50.466,25.966],[50.575,25.807],[50.618,26.002],[50.61,26.124],[50.558,26.198],[50.586,26.241],[50.47,26.229],[50.452,26.191]],[[48.348,29.783],[48.185,29.979],[48.159,29.959],[48.081,29.799],[48.18,29.611],[48.218,29.602],[48.275,29.624],[48.347,29.72],[48.348,29.783]]]},"properties":{"name":"Persian Gulf","name_en":"Persian Gulf","name_zh":"波斯湾","featurecla":"gulf","scalerank":1,"min_label":2,"max_label":7.5,"label":"Persian Gulf","wikidataid":"Q34675"}},{"type":"Feature","geometry":{"type":"Polygon","coordinates":[[[125.378,5.618],[125.425,3.705],[125.517,3.55],[125.512,3.461],[125.635,3.397],[125.425,2.628],[125.465,2.353],[125.335,1.956],[125.155,1.651],[125.111,1.685],[124.989,1.701],[124.788,1.467],[124.6,1.392],[124.534,1.23],[124.411,1.185],[124.274,1.022],[123.931,0.85],[123.847,0.838],[123.066,0.942],[122.96,0.923],[122.892,0.85],[122.838,0.846],[122.437,1.018],[122.108,1.031],[121.867,1.089],[121.592,1.068],[121.513,1.105],[121.404,1.244],[121.208,1.263],[121.082,1.328],[120.966,1.312],[120.876,1.259],[120.853,1.288],[118.958,0.954],[118.985,0.982],[118.963,1.044],[118.853,1.096],[118.639,1.319],[118.081,1.702],[117.789,2.027],[117.881,2.061],[118.042,2.216],[118.067,2.318],[117.886,2.542],[117.786,2.747],[117.639,2.825],[117.698,2.887],[117.569,2.93],[117.638,2.951],[117.611,3.064],[117.352,3.194],[117.322,3.243],[117.385,3.366],[117.346,3.426],[117.167,3.592],[117.056,3.623],[117.45,3.629],[117.51,3.73],[117.63,3.636],[117.714,3.645],[117.777,3.689],[117.728,3.797],[117.566,3.93],[117.559,3.988],[117.465,4.076],[117.497,4.133],[117.604,4.2],[117.696,4.343],[118.008,4.25],[118.498,4.362],[118.586,4.41],[118.595,4.46],[118.563,4.502],[118.324,4.669],[118.185,4.829],[118.26,4.989],[118.382,5.019],[118.672,4.964],[119.132,5.101],[119.243,5.19],[119.794,5.063],[119.958,5.08],[120.013,5.151],[120.101,5.169],[120.118,5.216],[120.191,5.168],[120.223,5.196],[120.251,5.257],[120.208,5.34],[120.165,5.332],[120.877,5.952],[120.931,5.896],[121.018,5.923],[121.083,5.893],[121.218,5.943],[121.295,5.87],[121.411,5.94],[121.391,6.002],[121.214,6.003],[121.186,6.04],[121.958,6.417],[122.093,6.428],[122.201,6.483],[122.252,6.58],[122.323,6.602],[122.052,6.738],[122.052,6.923],[122.098,6.914],[122.142,6.95],[122.474,7.639],[122.616,7.763],[122.714,7.774],[122.792,7.723],[122.843,7.53],[122.99,7.546],[123.096,7.7],[123.179,7.53],[123.391,7.407],[123.493,7.808],[123.553,7.832],[123.666,7.818],[123.765,7.743],[123.969,7.664],[124.182,7.437],[124.213,7.332],[123.985,6.994],[124.078,6.405],[124.213,6.233],[124.636,5.998],[124.927,5.875],[125.035,5.871],[125.174,6.047],[125.232,6.07],[125.269,6.033],[125.241,5.757],[125.288,5.632],[125.346,5.599],[125.378,5.618]],[[117.761,4.252],[117.662,4.25],[117.625,4.122],[117.737,4.004],[117.923,4.055],[117.885,4.186],[117.761,4.252]]]},"properties":{"name":"Celebes Sea","name_en":"Celebes Sea","name_zh":"西里伯斯海","featurecla":"sea","scalerank":2,"min_label":4,"max_label":8.5,"label":"Celebes Sea","wikidataid":"Q19270"}},{"type":"Feature","geometry":{"type":"Polygon","coordinates":[[[120.228,12.22],[120.771,12.828],[120.796,12.748],[120.899,12.646],[120.922,12.512],[121.084,12.339],[121.117,12.253],[121.237,12.219],[121.322,12.304],[121.394,12.301],[121.418,12.389],[121.47,12.4],[121.964,11.906],[121.891,11.791],[122.067,11.724],[122.103,11.643],[122.051,11.097],[121.965,10.872],[121.95,10.757],[121.98,10.638],[121.938,10.471],[121.954,10.444],[121.988,10.459],[122.197,10.623],[122.522,10.692],[122.62,10.762],[122.648,10.723],[122.538,10.608],[122.517,10.492],[122.538,10.425],[122.649,10.473],[122.699,10.546],[122.817,10.504],[122.853,10.396],[122.866,10.125],[122.856,10.087],[122.713,9.99],[122.472,9.962],[122.4,9.823],[122.411,9.694],[122.61,9.443],[122.867,9.32],[122.948,9.108],[122.995,9.059],[123.175,9.081],[123.404,8.654],[123.293,8.541],[123.096,8.481],[122.999,8.356],[122.996,8.221],[122.911,8.157],[122.673,8.133],[122.337,8.029],[122.132,7.811],[122.047,7.363],[121.924,7.199],[121.904,7.075],[121.964,6.968],[122.052,6.923],[122.052,6.738],[121.832,6.664],[121.808,6.614],[121.872,6.563],[121.958,6.417],[121.223,6.05],[121.038,6.096],[120.898,6.007],[120.877,5.952],[120.182,5.345],[119.827,5.133],[119.794,5.063],[119.248,5.186],[119.266,5.308],[119.224,5.413],[118.957,5.429],[118.595,5.592],[118.514,5.729],[118.353,5.806],[118.249,5.82],[118.145,5.754],[117.974,5.706],[117.935,5.788],[118.116,5.863],[118.004,6.053],[117.817,5.94],[117.501,5.885],[117.618,5.94],[117.644,6.002],[117.616,6.197],[117.696,6.272],[117.646,6.474],[117.294,6.677],[117.245,6.833],[117.252,6.919],[117.129,6.969],[116.913,6.66],[116.788,6.606],[116.85,6.827],[116.833,6.952],[116.759,7.009],[116.824,7.69],[116.972,7.94],[117.029,7.807],[117.08,7.884],[117.077,8.069],[117.044,8.062],[117.219,8.367],[117.516,8.538],[117.572,8.642],[117.78,8.729],[117.989,8.877],[118.134,9.101],[118.435,9.256],[118.774,9.767],[118.755,9.862],[118.782,9.916],[119.192,10.061],[119.285,10.252],[119.369,10.327],[119.595,10.407],[119.687,10.5],[119.527,10.953],[119.562,11.045],[119.532,11.101],[119.56,11.267],[119.497,11.382],[119.899,12.174],[120.01,12.008],[120.315,12.012],[120.342,12.077],[120.261,12.142],[120.228,12.22]],[[119.861,11.954],[119.964,11.669],[120.039,11.703],[120.071,11.861],[120.036,11.917],[119.916,11.981],[119.861,11.954]],[[117.065,7.261],[117.08,7.115],[117.142,7.168],[117.239,7.185],[117.281,7.29],[117.264,7.352],[117.147,7.337],[117.065,7.261]]]},"properties":{"name":"Sulu Sea","name_en":"Sulu Sea","name_zh":"苏禄海","featurecla":"sea","scalerank":2,"min_label":4,"max_label":8.5,"label":"Sulu Sea","wikidataid":"Q160194"}},{"type":"Feature","geometry":{"type":"Polygon","coordinates":[[[-1.564,60.505],[-6.645,61.693],[-7.298,62.056],[-7.117,62.047],[-7.065,62.073],[-7.097,62.1],[-7.235,62.151],[-7.422,62.14],[-7.401,62.108],[-13.853,64.862],[-13.828,64.958],[-13.854,64.993],[-13.652,65.017],[-13.556,65.098],[-13.581,65.143],[-13.755,65.192],[-13.649,65.237],[-13.641,65.275],[-13.723,65.291],[-13.805,65.355],[-13.668,65.399],[-13.616,65.487],[-13.669,65.549],[-9.099,70.855],[-8.953,70.839],[-8.635,70.941],[-8.002,71.041],[-7.994,71.217],[16.379,76.634],[16.701,76.579],[16.935,76.606],[17.032,76.646],[17.045,76.616],[27.599,71.091],[27.235,70.947],[27.269,70.91],[27.555,70.827],[27.546,70.804],[27.309,70.804],[27.184,70.744],[26.989,70.512],[26.585,70.41],[26.645,70.636],[26.558,70.669],[26.675,70.741],[26.734,70.853],[26.661,70.94],[26.507,70.913],[25.471,70.341],[25.419,70.235],[25.212,70.136],[25.044,70.109],[24.983,70.144],[24.994,70.218],[25.147,70.324],[25.209,70.489],[25.468,70.672],[25.782,70.817],[25.768,70.853],[25.436,70.912],[25.265,70.843],[24.765,71.008],[24.658,71.001],[24.264,70.826],[24.268,70.773],[24.404,70.745],[24.42,70.702],[24.286,70.662],[24.039,70.486],[23.897,70.479],[23.661,70.4],[23.379,70.247],[23.329,70.207],[23.286,70.105],[23.4,70.02],[23.354,69.983],[23.258,69.993],[23.046,70.102],[22.941,70.305],[22.684,70.375],[22.421,70.337],[22.385,70.278],[22.322,70.264],[22.219,70.309],[22.054,70.276],[21.995,70.293],[21.78,70.23],[21.539,70.258],[21.356,70.233],[21.346,70.208],[21.4,70.174],[21.803,70.066],[21.892,70.004],[21.975,69.835],[21.931,69.815],[21.433,70.013],[21.254,70.003],[21.163,69.89],[20.622,69.914],[20.546,69.851],[20.533,69.692],[20.562,69.633],[20.739,69.52],[20.487,69.542],[20.198,69.371],[20.055,69.333],[20.044,69.356],[20.277,69.536],[20.338,69.617],[20.387,69.868],[20.324,69.945],[20.069,69.883],[19.961,69.825],[19.865,69.722],[19.737,69.504],[19.642,69.424],[19.723,69.782],[19.687,69.805],[19.197,69.748],[19.039,69.661],[18.991,69.561],[18.615,69.491],[18.624,69.434],[18.916,69.336],[18.645,69.322],[18.26,69.471],[18.079,69.325],[18.101,69.156],[17.704,69.1],[17.546,69.001],[17.49,68.878],[17.391,68.799],[17.131,68.693],[16.885,68.685],[16.631,68.616],[16.525,68.651],[16.547,68.717],[16.479,68.803],[16.329,68.876],[16.151,68.843],[16.128,68.746],[16.059,68.681],[15.908,68.65],[15.773,68.554],[15.79,68.617],[15.928,68.733],[15.906,68.909],[15.834,68.961],[15.812,69.024],[15.993,69.112],[16.115,69.217],[16.13,69.274],[16.048,69.302],[15.893,69.278],[15.483,69.044],[15.439,68.979],[15.444,68.919],[15.529,68.912],[15.564,68.874],[15.489,68.805],[15.413,68.616],[15.095,68.441],[14.586,68.4],[14.257,68.257],[14.257,68.191],[14.284,68.187],[13.881,68.164],[14.029,68.187],[14.119,68.247],[13.784,68.276],[13.538,68.249],[13.429,68.163],[13.3,68.16],[13.2,68.087],[13.229,67.995],[13.352,68.01],[12.831,67.824],[13.235,66.655],[13.192,66.537],[13.104,66.54],[13.068,66.431],[13.119,66.231],[13.973,66.32],[14.034,66.298],[13.674,66.18],[13.387,66.183],[12.784,66.1],[12.795,66.069],[12.976,66.019],[13.033,65.956],[12.817,65.953],[12.689,65.902],[12.628,65.806],[12.273,65.568],[12.122,65.362],[12.134,65.279],[12.2,65.245],[12.334,65.24],[12.364,65.193],[12.418,65.184],[12.916,65.339],[12.738,65.215],[12.509,65.099],[12.306,65.086],[12.16,65.179],[11.489,64.976],[11.35,64.906],[11.297,64.755],[11.633,64.814],[11.524,64.745],[11.225,64.68],[10.932,64.578],[10.834,64.494],[10.565,64.418],[10.236,64.179],[10.01,64.083],[9.864,63.918],[9.651,63.822],[8.81,63.762],[8.765,63.805],[8.287,63.687],[8.471,63.667],[8.764,63.701],[8.781,63.638],[8.576,63.601],[8.361,63.499],[8.386,63.445],[8.594,63.426],[8.641,63.392],[8.636,63.342],[8.58,63.313],[8.272,63.287],[8.184,63.237],[8.158,63.161],[8.235,63.082],[8.609,62.88],[8.623,62.846],[8.211,62.995],[8.101,63.091],[7.572,63.099],[7.389,63.023],[6.94,62.931],[6.735,62.721],[6.78,62.7],[7.242,62.752],[7.408,62.712],[8.046,62.771],[8.095,62.732],[7.805,62.721],[7.538,62.672],[7.528,62.611],[7.691,62.586],[7.57,62.548],[6.961,62.627],[6.353,62.611],[6.273,62.584],[6.237,62.52],[6.118,62.447],[6.136,62.407],[6.692,62.468],[6.58,62.407],[6.209,62.353],[6.083,62.35],[5.908,62.416],[5.718,62.379],[5.533,62.311],[5.484,62.239],[5.358,62.152],[5.241,62.189],[5.143,62.16],[5.097,62.027],[5.16,61.957],[5.267,61.936],[5.473,61.945],[6.131,61.852],[6.731,61.87],[6.467,61.807],[6.016,61.788],[5.465,61.897],[4.985,61.9],[4.93,61.878],[4.928,61.711],[4.997,61.645],[5.1,61.62],[5.167,61.543],[5.339,61.486],[5.003,61.434],[4.99,61.378],[5.032,61.242],[4.957,61.163],[4.959,61.084],[4.87,61.072],[5.025,60.936],[5.011,60.858],[5.049,60.708],[5.203,60.591],[-0.776,60.591],[-1.005,60.549],[-1.061,60.403],[-1.052,60.445],[-1.158,60.418],[-1.236,60.485],[-1.287,60.467],[-1.302,60.608],[-1.414,60.599],[-1.564,60.505]],[[25.482,71.019],[25.582,70.961],[25.76,70.954],[26.134,70.996],[26.147,71.04],[26.077,71.033],[25.945,71.105],[25.586,71.142],[25.315,71.053],[25.482,71.019]],[[23.689,70.723],[23.67,70.597],[23.827,70.527],[24.017,70.568],[24.078,70.651],[23.778,70.748],[23.689,70.723]],[[23.641,70.464],[23.546,70.617],[23.248,70.505],[23.023,70.487],[22.941,70.445],[22.918,70.384],[23.006,70.353],[23.091,70.378],[23.1,70.296],[23.159,70.282],[23.345,70.315],[23.333,70.335],[23.641,70.464]],[[23.396,70.843],[23.205,70.815],[22.963,70.711],[22.858,70.728],[22.421,70.703],[22.351,70.658],[21.994,70.657],[22.168,70.562],[22.359,70.515],[22.557,70.516],[22.656,70.559],[22.829,70.542],[23.068,70.594],[23.387,70.754],[23.441,70.816],[23.396,70.843]],[[20.655,70.231],[20.493,70.204],[20.412,70.155],[20.405,70.119],[20.464,70.077],[20.642,70.057],[20.779,70.09],[20.82,70.206],[20.655,70.231]],[[19.599,70.266],[19.614,70.219],[19.711,70.165],[19.781,70.078],[20.088,70.102],[20.084,70.128],[19.911,70.202],[19.768,70.217],[19.684,70.273],[19.599,70.266]],[[19.255,70.066],[19.25,70.179],[19.213,70.247],[19.133,70.244],[19.06,70.166],[19.075,70.086],[19.051,70.038],[18.883,70.01],[18.687,69.891],[18.674,69.782],[18.624,69.813],[18.512,69.769],[18.35,69.768],[18.315,69.716],[18.232,69.677],[18.227,69.636],[18.062,69.602],[18.13,69.558],[18.274,69.536],[18.785,69.579],[18.807,69.64],[19.008,69.76],[19.131,69.81],[19.335,69.82],[19.442,69.908],[19.593,69.97],[19.608,70.019],[19.499,70.048],[19.344,70.012],[19.255,70.066]],[[18.917,74.41],[19.098,74.352],[19.219,74.391],[19.275,74.457],[19.183,74.518],[18.861,74.514],[18.797,74.486],[18.917,74.41]],[[18.004,69.505],[17.784,69.563],[17.624,69.539],[17.503,69.596],[17.454,69.53],[17.252,69.504],[17.23,69.478],[17.394,69.417],[17.361,69.382],[17.083,69.399],[17.002,69.362],[16.972,69.138],[16.842,69.112],[16.811,69.071],[17.077,69.047],[17.083,69.013],[17.161,69.026],[17.488,69.197],[17.568,69.161],[17.951,69.198],[17.921,69.274],[17.942,69.329],[18.077,69.396],[18.004,69.505]],[[15.038,69.001],[15.037,68.894],[14.872,68.914],[14.802,68.791],[14.554,68.819],[14.373,68.711],[14.405,68.663],[14.521,68.633],[14.743,68.677],[14.89,68.611],[15.222,68.617],[15.349,68.673],[15.397,68.784],[15.176,68.982],[15.038,69.001]],[[10.74,64.87],[10.833,64.843],[11.062,64.861],[11.179,64.838],[11.246,64.908],[11.133,64.976],[11.021,64.979],[10.814,64.923],[10.74,64.87]],[[7.888,63.352],[8.103,63.338],[8.141,63.366],[8.136,63.431],[8.074,63.471],[7.804,63.414],[7.888,63.352]],[[-6.631,62.228],[-6.958,62.316],[-7.172,62.286],[-7.013,62.094],[-6.725,61.952],[-6.722,61.99],[-6.84,62.119],[-6.769,62.132],[-6.656,62.094],[-6.631,62.228]]]},"properties":{"name":"Norwegian Sea","name_en":"Norwegian Sea","name_zh":"挪威海","featurecla":"sea","scalerank":2,"min_label":4,"max_label":8.5,"label":"Norwegian Sea","wikidataid":"Q47545"}},{"type":"Feature","geometry":{"type":"Polygon","coordinates":[[[-25.89,83.279],[17.958,80.15],[17.917,80.143],[17.964,80.132],[17.619,79.874],[16.966,79.959],[16.889,79.915],[16.787,79.907],[16.387,80.052],[16.094,80.007],[16.057,79.954],[16.1,79.885],[15.956,79.835],[15.816,79.682],[15.875,79.52],[16.254,79.112],[16.344,78.976],[15.764,79.174],[15.052,79.675],[14.832,79.767],[14.594,79.799],[14.04,79.586],[14.011,79.482],[14.056,79.383],[14.029,79.344],[13.957,79.34],[13.716,79.429],[13.384,79.481],[13.334,79.575],[12.555,79.569],[13.039,79.685],[13.778,79.715],[13.921,79.762],[13.914,79.817],[13.693,79.861],[13.108,79.832],[12.754,79.776],[12.28,79.816],[12.219,79.798],[12.288,79.713],[11.702,79.821],[11.251,79.785],[11.15,79.717],[10.866,79.797],[10.682,79.758],[10.81,79.641],[10.737,79.581],[10.737,79.52],[11.208,79.13],[11.339,79.109],[11.521,79.151],[11.616,79.205],[11.58,79.284],[11.978,79.292],[12.084,79.268],[11.893,79.152],[11.982,79.025],[12.087,78.975],[12.403,78.953],[12.275,78.905],[11.548,78.983],[11.366,78.95],[11.861,78.832],[11.755,78.811],[11.774,78.716],[11.961,78.642],[12.258,78.595],[12.665,78.385],[13.15,78.237],[14.11,78.271],[14.638,78.415],[14.432,78.492],[14.515,78.581],[14.467,78.675],[14.689,78.721],[14.792,78.706],[14.892,78.639],[15.016,78.63],[15.138,78.664],[15.323,78.781],[15.384,78.771],[15.391,78.721],[15.254,78.589],[15.36,78.488],[15.417,78.473],[15.944,78.493],[16.53,78.656],[16.783,78.664],[16.449,78.504],[16.536,78.449],[16.727,78.407],[17.172,78.417],[16.777,78.351],[15.784,78.327],[15.657,78.299],[15.698,78.228],[15.341,78.221],[14.995,78.151],[14.248,78.071],[14.307,78.005],[13.937,78.085],[13.77,78.074],[13.681,78.028],[13.714,77.919],[13.791,77.854],[14.09,77.771],[14.847,77.779],[15.585,77.869],[16.06,77.847],[16.914,77.898],[17.033,77.798],[16.206,77.782],[14.921,77.689],[14.695,77.525],[14.378,77.58],[14.071,77.564],[13.996,77.508],[14.004,77.445],[14.051,77.403],[14.366,77.235],[15.124,77.085],[15.547,76.886],[16.238,76.702],[16.373,76.615],[-7.994,71.217],[-8.001,71.178],[-8.344,71.14],[-8.521,71.031],[-9.099,70.855],[-13.669,65.549],[-13.785,65.533],[-13.935,65.616],[-14.167,65.642],[-14.474,65.575],[-14.318,65.684],[-14.392,65.788],[-14.827,65.764],[-14.839,65.781],[-14.688,65.897],[-14.669,65.96],[-14.698,66.02],[-14.787,66.059],[-14.894,66.038],[-15.01,66.061],[-15.118,66.126],[-14.912,66.285],[-14.596,66.381],[-14.856,66.381],[-15.241,66.259],[-15.543,66.228],[-15.703,66.286],[-15.714,66.359],[-15.985,66.515],[-16.25,66.523],[-16.493,66.481],[-16.541,66.447],[-16.428,66.278],[-16.485,66.196],[-16.838,66.125],[-17.153,66.203],[-17.55,65.964],[-17.907,66.143],[-18.297,66.158],[-18.315,66.093],[-18.099,65.831],[-18.142,65.734],[-18.277,65.884],[-18.455,65.964],[-18.706,66.136],[-18.846,66.184],[-19.383,66.076],[-19.456,65.985],[-19.434,65.815],[-19.49,65.768],[-19.648,65.801],[-20.103,66.08],[-20.292,66.084],[-20.356,66.033],[-20.374,65.947],[-20.344,65.828],[-20.356,65.719],[-20.455,65.571],[-20.548,65.58],[-20.679,65.663],[-20.805,65.636],[-20.94,65.565],[-21.129,65.266],[-21.23,65.42],[-21.432,65.474],[-21.365,65.578],[-21.455,65.584],[-21.434,65.61],[-21.466,65.635],[-21.659,65.724],[-21.457,65.698],[-21.375,65.742],[-21.309,65.896],[-21.517,65.968],[-21.407,66.026],[-21.625,66.09],[-21.967,66.257],[-22.17,66.307],[-22.426,66.43],[-22.889,66.441],[-23.117,66.338],[-22.686,66.337],[-22.646,66.301],[-22.485,66.267],[-22.861,66.252],[-22.948,66.213],[-22.446,66.07],[-22.428,65.927],[-22.616,65.868],[-22.622,66.0],[-22.723,66.039],[-22.815,65.983],[-23.019,65.982],[-23.029,66.064],[-23.063,66.086],[-23.376,66.182],[-23.528,66.164],[-23.551,66.217],[-28.472,68.36],[-28.483,68.426],[-26.483,68.676],[-25.698,68.89],[-25.626,68.928],[-25.544,69.046],[-25.272,69.092],[-25.092,69.165],[-25.08,69.192],[-25.189,69.261],[-24.866,69.293],[-24.295,69.439],[-24.221,69.479],[-24.252,69.562],[-24.297,69.585],[-23.944,69.558],[-23.739,69.589],[-23.709,69.627],[-23.866,69.737],[-23.049,69.793],[-23.014,69.805],[-23.088,69.883],[-23.033,69.901],[-22.435,69.985],[-22.287,70.033],[-22.206,70.108],[-22.269,70.122],[-21.523,70.526],[-21.574,70.59],[-21.625,70.805],[-21.675,70.857],[-21.671,71.206],[-21.752,71.478],[-21.961,71.508],[-22.299,71.432],[-22.417,71.249],[-22.48,71.384],[-22.503,71.501],[-22.013,71.689],[-21.96,71.744],[-22.37,71.77],[-22.497,71.914],[-23.587,72.14],[-24.417,72.348],[-24.572,72.42],[-24.667,72.437],[-25.118,72.347],[-25.204,72.393],[-24.701,72.506],[-24.65,72.583],[-24.771,72.868],[-24.814,72.902],[-25.358,72.81],[-25.688,72.798],[-26.392,72.673],[-26.658,72.716],[-25.256,72.924],[-25.171,72.98],[-24.992,73.013],[-24.63,73.038],[-24.358,72.687],[-24.069,72.499],[-23.674,72.393],[-23.208,72.327],[-22.293,72.12],[-22.239,72.22],[-22.28,72.345],[-22.075,72.399],[-22.007,72.636],[-22.036,72.919],[-22.852,73.084],[-22.996,73.172],[-23.244,73.193],[-23.71,73.317],[-23.899,73.398],[-24.133,73.409],[-24.587,73.423],[-25.057,73.397],[-25.268,73.362],[-25.399,73.276],[-26.753,73.121],[-27.19,73.132],[-27.348,73.068],[-27.483,73.089],[-27.562,73.138],[-27.265,73.176],[-26.729,73.172],[-26.542,73.249],[-27.169,73.374],[-27.27,73.436],[-26.062,73.253],[-25.666,73.293],[-25.311,73.431],[-24.791,73.511],[-24.778,73.54],[-25.521,73.852],[-24.677,73.602],[-24.451,73.628],[-24.158,73.764],[-23.761,73.543],[-23.233,73.398],[-22.347,73.269],[-22.185,73.27],[-21.548,73.431],[-20.637,73.464],[-20.51,73.493],[-20.449,73.653],[-20.338,73.82],[-20.367,73.848],[-21.022,73.941],[-22.135,73.99],[-22.335,74.063],[-22.196,74.206],[-22.263,74.272],[-22.334,74.287],[-21.972,74.39],[-21.92,74.439],[-21.983,74.568],[-21.762,74.483],[-21.832,74.358],[-21.955,74.244],[-21.58,74.163],[-21.129,74.111],[-20.653,74.137],[-20.23,74.205],[-20.256,74.283],[-19.646,74.258],[-19.369,74.284],[-19.272,74.343],[-19.225,74.48],[-19.287,74.546],[-19.538,74.625],[-19.985,74.975],[-20.214,75.019],[-20.417,74.975],[-20.611,74.728],[-20.862,74.636],[-21.038,74.654],[-20.795,74.806],[-20.786,74.892],[-20.928,75.053],[-20.986,75.075],[-21.695,74.964],[-22.233,75.119],[-21.649,75.024],[-21.409,75.065],[-21.246,75.133],[-20.906,75.157],[-20.485,75.314],[-20.199,75.308],[-19.799,75.158],[-19.526,75.18],[-19.426,75.23],[-19.375,75.298],[-19.366,75.386],[-19.509,75.758],[-19.958,75.997],[-19.863,76.121],[-20.103,76.219],[-20.564,76.24],[-20.888,76.304],[-21.186,76.268],[-21.488,76.272],[-21.758,76.401],[-21.877,76.574],[-22.379,76.612],[-22.606,76.681],[-22.61,76.704],[-22.334,76.794],[-22.185,76.794],[-21.749,76.69],[-21.615,76.688],[-20.96,76.842],[-20.942,76.887],[-20.064,76.928],[-18.606,76.763],[-18.51,76.778],[-18.337,76.921],[-18.293,77.133],[-18.339,77.216],[-18.442,77.259],[-18.903,77.281],[-19.3,77.222],[-19.809,77.332],[-20.232,77.368],[-20.464,77.447],[-20.681,77.619],[-20.162,77.69],[-19.524,77.572],[-19.296,77.585],[-19.297,77.621],[-19.491,77.719],[-20.319,77.862],[-20.863,77.912],[-21.132,77.847],[-21.38,77.698],[-21.579,77.652],[-21.73,77.709],[-21.748,77.791],[-21.397,78.074],[-21.195,78.38],[-20.956,78.555],[-20.947,78.596],[-21.134,78.659],[-20.616,78.804],[-20.051,78.842],[-19.887,78.911],[-19.723,79.065],[-18.992,79.178],[-18.971,79.212],[-19.011,79.251],[-19.152,79.325],[-19.414,79.349],[-19.431,79.398],[-19.399,79.488],[-19.284,79.683],[-19.353,79.734],[-20.069,79.774],[-20.181,79.858],[-20.198,79.938],[-20.15,80.011],[-19.867,80.144],[-19.429,80.258],[-18.071,80.172],[-17.011,80.19],[-16.489,80.252],[-15.933,80.395],[-15.937,80.428],[-16.588,80.511],[-16.761,80.574],[-16.319,80.65],[-15.543,80.65],[-15.194,80.721],[-14.504,80.763],[-14.24,80.832],[-14.229,80.87],[-14.49,80.973],[-14.452,80.993],[-13.451,81.038],[-13.126,81.088],[-12.232,81.309],[-11.529,81.424],[-11.426,81.481],[-12.434,81.683],[-14.242,81.814],[-15.45,81.837],[-16.121,81.776],[-16.359,81.729],[-17.226,81.43],[-17.456,81.398],[-18.457,81.498],[-19.153,81.512],[-19.224,81.64],[-19.63,81.64],[-20.016,81.564],[-20.89,81.276],[-21.45,81.178],[-22.089,81.02],[-22.825,80.913],[-23.118,80.778],[-23.204,80.79],[-23.196,80.847],[-23.073,80.927],[-21.504,81.438],[-21.231,81.601],[-21.146,81.695],[-21.131,81.934],[-21.168,81.984],[-21.338,82.069],[-22.94,82.03],[-23.18,81.99],[-23.496,81.773],[-24.293,81.701],[-24.589,81.883],[-25.149,82.001],[-27.839,82.049],[-29.544,81.94],[-29.811,81.955],[-29.887,82.055],[-29.773,82.131],[-29.579,82.161],[-23.118,82.325],[-21.994,82.463],[-21.616,82.548],[-21.521,82.596],[-21.692,82.682],[-22.525,82.789],[-23.694,82.819],[-23.919,82.885],[-24.47,82.878],[-25.123,83.16],[-27.002,83.067],[-28.152,83.064],[-29.963,83.11],[-31.515,82.991],[-32.033,82.983],[-31.993,83.086],[-30.092,83.158],[-26.183,83.222],[-25.795,83.261],[-25.89,83.279]],[[11.199,78.441],[11.372,78.439],[11.586,78.388],[11.965,78.225],[12.116,78.233],[12.056,78.306],[11.825,78.436],[11.424,78.548],[11.262,78.542],[11.25,78.611],[11.078,78.686],[11.153,78.725],[10.961,78.846],[10.558,78.903],[10.558,78.837],[10.628,78.754],[11.199,78.441]],[[-18.001,75.407],[-18.45,75.328],[-18.636,75.39],[-18.856,75.319],[-18.891,75.072],[-18.671,75.001],[-17.586,74.993],[-17.392,75.037],[-17.498,75.152],[-17.762,75.143],[-17.886,75.205],[-18.001,75.407]],[[-19.032,79.773],[-18.662,79.72],[-18.036,79.711],[-17.613,79.826],[-17.401,79.941],[-17.471,80.029],[-17.983,80.055],[-18.547,80.011],[-18.997,79.941],[-19.138,79.852],[-19.032,79.773]],[[-18.22,77.668],[-17.954,77.643],[-17.73,77.707],[-17.641,77.782],[-17.681,77.858],[-17.904,77.863],[-18.22,77.668]],[[-19.059,76.695],[-19.085,76.43],[-18.697,76.016],[-18.583,76.042],[-18.732,76.642],[-18.883,76.704],[-19.059,76.695]],[[-19.611,82.078],[-19.594,81.991],[-19.031,81.827],[-18.768,81.814],[-18.665,81.846],[-18.813,81.949],[-19.314,82.123],[-19.495,82.117],[-19.611,82.078]],[[-18.936,78.424],[-19.112,78.424],[-19.314,78.344],[-19.297,78.185],[-19.129,77.938],[-18.997,77.974],[-18.883,78.115],[-18.953,78.212],[-18.936,78.424]]]},"properties":{"name":"Greenland Sea","name_en":"Greenland Sea","name_zh":"格陵兰海","featurecla":"sea","scalerank":2,"min_label":4,"max_label":8.5,"label":"Greenland Sea","wikidataid":"Q132868"}},{"type":"Feature","geometry":{"type":"Polygon","coordinates":[[[123.372,-1.006],[123.541,-1.274],[123.435,-1.237],[123.338,-1.254],[123.238,-1.39],[123.198,-1.288],[123.234,-1.233],[123.212,-1.171],[122.908,-1.182],[122.832,-1.283],[122.811,-1.432],[122.891,-1.587],[123.15,-1.304],[123.183,-1.493],[123.123,-1.556],[123.173,-1.616],[123.237,-1.577],[123.275,-1.437],[123.329,-1.443],[123.367,-1.507],[123.449,-1.499],[123.516,-1.436],[123.68,-1.7],[124.358,-1.766],[124.33,-1.859],[124.418,-2.005],[124.639,-1.978],[124.834,-1.894],[125.007,-1.943],[125.135,-1.889],[125.314,-1.877],[125.318,-1.837],[125.387,-1.843],[125.433,-1.938],[125.894,-1.911],[125.912,-1.988],[125.863,-2.077],[125.978,-2.416],[126.021,-2.454],[125.986,-3.052],[126.832,-2.91],[127.749,-2.805],[128.173,-2.84],[128.196,-2.869],[127.878,-3.222],[127.928,-3.342],[127.92,-3.506],[128.03,-3.341],[128.082,-3.184],[128.132,-3.157],[128.28,-3.241],[128.419,-3.416],[128.517,-3.449],[128.639,-3.433],[128.751,-3.3],[128.863,-3.235],[128.958,-3.241],[128.968,-3.326],[129.468,-3.453],[129.522,-3.434],[129.512,-3.328],[129.844,-3.327],[129.953,-3.391],[130.02,-3.474],[130.761,-3.836],[130.748,-3.863],[131.242,-4.145],[131.807,-4.427],[133.114,-5.312],[133.009,-5.621],[132.938,-5.683],[132.899,-5.846],[132.829,-5.98],[131.798,-7.114],[131.922,-7.105],[131.982,-7.202],[131.97,-7.252],[131.884,-7.168],[131.766,-7.132],[131.714,-7.162],[131.644,-7.113],[131.56,-7.136],[131.531,-7.165],[131.535,-7.22],[131.349,-7.425],[131.26,-7.471],[131.19,-7.672],[131.138,-7.685],[131.137,-7.782],[131.087,-7.865],[131.123,-7.922],[131.114,-7.997],[131.145,-7.997],[131.047,-8.105],[131.176,-8.131],[131.044,-8.212],[130.908,-8.246],[130.862,-8.319],[130.775,-8.356],[128.985,-8.237],[128.066,-8.218],[128.024,-8.255],[127.785,-8.167],[127.249,-8.39],[126.966,-8.316],[126.62,-8.46],[125.804,-8.492],[125.382,-8.575],[125.178,-8.648],[125.09,-8.751],[125.125,-8.205],[125.05,-8.18],[124.752,-8.16],[124.599,-8.202],[124.575,-8.141],[124.509,-8.135],[124.431,-8.183],[124.393,-8.253],[124.426,-8.296],[124.355,-8.386],[124.287,-8.33],[124.305,-8.229],[124.265,-8.202],[124.11,-8.365],[124.069,-8.318],[123.972,-8.354],[123.896,-8.239],[123.776,-8.19],[123.601,-8.291],[123.53,-8.265],[123.391,-8.28],[123.476,-8.322],[123.325,-8.439],[123.297,-8.398],[123.336,-8.269],[123.217,-8.235],[123.006,-8.329],[122.978,-8.152],[122.917,-8.106],[122.818,-8.11],[121.082,-7.32],[120.78,-7.078],[120.774,-7.119],[120.641,-7.116],[120.633,-7.018],[120.759,-7.061],[120.377,-6.579],[120.452,-6.229],[120.487,-6.465],[120.528,-6.299],[120.549,-5.969],[120.48,-5.783],[120.482,-5.609],[120.431,-5.591],[120.391,-5.393],[120.279,-5.146],[120.42,-4.617],[120.362,-4.086],[120.383,-3.852],[120.436,-3.707],[120.392,-3.348],[120.254,-3.053],[120.261,-2.95],[120.342,-2.87],[120.654,-2.667],[120.765,-2.642],[120.99,-2.67],[121.052,-2.752],[121.054,-3.167],[120.907,-3.404],[120.892,-3.521],[121.313,-3.92],[121.538,-4.015],[121.618,-4.093],[121.541,-4.283],[121.486,-4.581],[121.514,-4.681],[121.589,-4.76],[121.917,-4.848],[122.038,-4.832],[122.073,-4.792],[122.054,-4.62],[122.114,-4.54],[122.472,-4.422],[122.722,-4.411],[122.72,-4.341],[122.872,-4.392],[122.9,-4.23],[122.848,-4.064],[122.798,-4.054],[122.75,-4.1],[122.69,-4.085],[122.606,-3.985],[122.578,-3.882],[122.434,-3.74],[122.253,-3.621],[122.318,-3.275],[122.399,-3.201],[122.306,-3.052],[122.292,-2.908],[122.083,-2.749],[121.77,-2.241],[121.575,-2.151],[121.502,-2.045],[121.349,-1.946],[121.356,-1.878],[121.395,-1.834],[121.572,-1.905],[121.651,-1.895],[121.719,-1.863],[121.859,-1.693],[122.251,-1.555],[122.506,-1.348],[122.808,-0.966],[122.903,-0.901],[123.049,-0.873],[123.153,-0.907],[123.226,-1.002],[123.3,-1.026],[123.372,-1.006]],[[132.63,-5.607],[132.681,-5.739],[132.681,-5.912],[132.746,-5.947],[132.807,-5.851],[132.805,-5.789],[132.698,-5.609],[132.63,-5.607]],[[129.592,-7.917],[129.714,-8.041],[129.78,-8.046],[129.843,-7.889],[129.813,-7.82],[129.655,-7.795],[129.609,-7.804],[129.592,-7.917]],[[128.329,-3.516],[128.264,-3.513],[128.119,-3.588],[128.016,-3.601],[127.928,-3.679],[127.934,-3.743],[127.978,-3.771],[128.147,-3.677],[128.143,-3.733],[128.25,-3.711],[128.329,-3.516]],[[126.306,-3.103],[126.22,-3.148],[126.088,-3.106],[126.026,-3.171],[126.057,-3.421],[126.214,-3.605],[126.686,-3.824],[126.941,-3.764],[127.085,-3.671],[127.23,-3.633],[127.227,-3.391],[127.092,-3.278],[127.026,-3.166],[126.808,-3.069],[126.555,-3.065],[126.306,-3.103]],[[126.727,-7.662],[126.61,-7.572],[126.214,-7.707],[125.975,-7.663],[125.843,-7.817],[125.798,-7.985],[126.04,-7.886],[126.472,-7.95],[126.577,-7.808],[126.813,-7.738],[126.801,-7.668],[126.727,-7.662]],[[122.969,-4.03],[122.995,-4.148],[123.076,-4.227],[123.145,-4.233],[123.243,-4.113],[123.247,-4.041],[123.212,-3.997],[123.025,-3.981],[122.969,-4.03]],[[123.075,-4.387],[122.947,-4.443],[122.853,-4.619],[122.849,-4.831],[122.766,-5.21],[122.586,-5.489],[122.645,-5.664],[122.733,-5.635],[122.812,-5.672],[122.916,-5.519],[122.935,-5.437],[122.986,-5.394],[123.044,-5.419],[123.121,-5.393],[123.187,-5.333],[123.202,-5.273],[123.15,-5.224],[123.051,-5.157],[122.981,-5.186],[122.972,-5.139],[122.986,-4.963],[123.055,-4.748],[123.119,-4.723],[123.196,-4.823],[123.179,-4.551],[123.069,-4.434],[123.075,-4.387]],[[122.307,-5.381],[122.371,-5.383],[122.392,-5.336],[122.564,-5.387],[122.619,-5.336],[122.645,-5.269],[122.614,-5.139],[122.76,-4.934],[122.74,-4.675],[122.702,-4.619],[122.369,-4.767],[122.334,-4.847],[122.396,-5.07],[122.329,-5.138],[122.283,-5.32],[122.307,-5.381]],[[122.043,-5.438],[122.062,-5.221],[122.041,-5.159],[121.966,-5.076],[121.914,-5.073],[121.866,-5.096],[121.874,-5.144],[121.808,-5.256],[121.859,-5.35],[121.979,-5.465],[122.043,-5.438]]]},"properties":{"name":"Banda Sea","name_en":"Banda Sea","name_zh":"班达海","featurecla":"sea","scalerank":2,"min_label":4,"max_label":8.5,"label":"Banda Sea","wikidataid":"Q171510"}},{"type":"Feature","geometry":{"type":"Polygon","coordinates":[[[120.871,22.086],[120.864,22.032],[120.871,22.086],[120.871,22.086]]]},"properties":{"name":"Luzon Strait","name_en":"Luzon Strait","name_zh":"吕宋海峡","featurecla":"strait","scalerank":2,"min_label":4,"max_label":8.5,"label":"Luzon Strait","wikidataid":"Q908741"}},{"type":"Feature","geometry":{"type":"Polygon","coordinates":[[[-7.998,43.695],[-5.883,48.472],[-4.824,48.419],[-4.759,48.441],[-4.72,48.363],[-4.302,48.347],[-4.241,48.303],[-4.577,48.29],[-4.512,48.23],[-4.33,48.17],[-4.378,48.129],[-4.629,48.086],[-4.679,48.039],[-4.428,47.969],[-4.312,47.823],[-3.901,47.838],[-3.508,47.753],[-3.444,47.711],[-3.159,47.695],[-3.064,47.621],[-2.964,47.601],[-2.787,47.626],[-2.733,47.602],[-2.797,47.537],[-2.771,47.514],[-2.554,47.527],[-2.428,47.471],[-2.53,47.382],[-2.503,47.312],[-2.435,47.291],[-1.975,47.311],[-1.742,47.216],[-2.028,47.274],[-2.108,47.263],[-2.149,47.224],[-2.197,47.163],[-2.082,47.112],[-2.019,47.038],[-2.093,46.865],[-1.786,46.515],[-1.393,46.35],[-1.146,46.311],[-1.104,45.925],[-1.032,45.741],[-1.21,45.771],[-1.196,45.714],[-0.791,45.468],[-0.733,45.385],[-0.641,45.09],[-0.549,45.0],[-0.691,45.094],[-0.767,45.314],[-0.826,45.381],[-1.081,45.532],[-1.189,45.161],[-1.245,44.666],[-1.153,44.764],[-1.077,44.69],[-1.171,44.662],[-1.246,44.56],[-1.346,44.02],[-1.485,43.564],[-1.631,43.438],[-1.991,43.345],[-2.337,43.328],[-2.607,43.413],[-2.875,43.455],[-3.046,43.372],[-3.605,43.519],[-3.774,43.478],[-3.889,43.5],[-4.313,43.415],[-4.523,43.416],[-5.316,43.553],[-5.666,43.582],[-5.847,43.645],[-6.08,43.595],[-6.901,43.586],[-7.061,43.554],[-7.262,43.594],[-7.503,43.74],[-7.594,43.727],[-7.698,43.765],[-7.853,43.707],[-7.998,43.695]]]},"properties":{"name":"Bay of Biscay","name_en":"Bay of Biscay","name_zh":"比斯開灣","featurecla":"bay","scalerank":2,"min_label":4,"max_label":8.5,"label":"Bay of Biscay","wikidataid":"Q41573"}},{"type":"Feature","geometry":{"type":"Polygon","coordinates":[[[45.112,-25.541],[32.933,-26.573],[32.91,-26.572],[32.955,-26.084],[32.916,-26.087],[32.849,-26.268],[32.704,-26.158],[32.59,-26.004],[32.723,-25.821],[32.792,-25.644],[32.961,-25.49],[33.348,-25.261],[33.836,-25.068],[34.607,-24.821],[34.992,-24.651],[35.156,-24.542],[35.255,-24.43],[35.49,-24.065],[35.542,-23.825],[35.523,-23.785],[35.486,-23.784],[35.462,-23.851],[35.399,-23.838],[35.37,-23.798],[35.495,-23.185],[35.575,-22.963],[35.49,-22.658],[35.542,-22.377],[35.53,-22.248],[35.494,-22.125],[35.456,-22.116],[35.419,-22.178],[35.383,-22.455],[35.316,-22.397],[35.329,-22.038],[35.267,-21.651],[35.128,-21.395],[35.118,-21.195],[34.982,-20.806],[34.705,-20.473],[34.756,-19.822],[34.649,-19.701],[34.721,-19.709],[34.852,-19.82],[34.948,-19.812],[35.365,-19.494],[35.651,-19.164],[35.854,-18.993],[36.125,-18.843],[36.236,-18.862],[36.263,-18.72],[36.327,-18.793],[36.404,-18.77],[36.412,-18.693],[36.54,-18.518],[36.899,-18.129],[36.939,-17.994],[37.244,-17.74],[37.512,-17.57],[37.839,-17.393],[38.048,-17.321],[38.145,-17.243],[38.67,-17.05],[38.885,-17.042],[39.084,-16.973],[39.242,-16.793],[39.845,-16.436],[39.791,-16.295],[39.983,-16.225],[40.099,-16.065],[40.109,-15.979],[40.559,-15.473],[40.651,-15.261],[40.618,-15.116],[40.695,-15.065],[40.7,-14.93],[40.835,-14.792],[40.844,-14.719],[40.818,-14.467],[40.775,-14.421],[40.726,-14.421],[40.646,-14.539],[40.64,-14.39],[40.713,-14.291],[40.716,-14.214],[40.603,-14.167],[40.596,-14.123],[40.545,-13.463],[40.583,-13.374],[40.552,-13.294],[40.569,-12.985],[40.437,-12.983],[40.448,-12.905],[40.553,-12.825],[40.581,-12.635],[40.549,-12.526],[40.487,-12.492],[40.523,-12.393],[40.501,-12.119],[40.532,-12.005],[40.433,-11.657],[40.465,-11.45],[40.403,-11.332],[40.544,-11.065],[40.506,-10.999],[40.516,-10.929],[40.597,-10.831],[40.487,-10.765],[40.609,-10.659],[42.466,-10.989],[48.886,-11.783],[49.257,-12.047],[49.256,-12.08],[49.207,-12.08],[48.932,-12.439],[48.804,-12.44],[48.786,-12.471],[48.919,-12.839],[48.796,-13.267],[48.622,-13.426],[48.405,-13.538],[48.255,-13.719],[48.187,-13.706],[48.04,-13.596],[47.982,-13.615],[47.896,-13.731],[47.901,-13.858],[47.996,-13.96],[47.773,-14.37],[47.811,-14.545],[47.964,-14.673],[47.774,-14.637],[47.67,-14.743],[47.525,-14.992],[47.479,-15.009],[47.429,-14.995],[47.497,-14.818],[47.465,-14.713],[47.439,-14.703],[47.352,-14.766],[47.281,-14.943],[47.093,-15.15],[47.135,-15.302],[47.099,-15.434],[47.028,-15.452],[46.993,-15.243],[46.942,-15.219],[46.882,-15.229],[46.475,-15.514],[46.385,-15.6],[46.331,-15.714],[46.341,-15.814],[46.441,-15.896],[46.4,-15.925],[46.314,-15.905],[46.158,-15.738],[45.7,-15.814],[45.661,-15.839],[45.598,-15.992],[45.486,-15.986],[45.342,-16.037],[45.223,-15.951],[44.909,-16.174],[44.476,-16.217],[44.427,-16.289],[44.422,-16.703],[43.979,-17.392],[43.944,-17.582],[44.014,-17.804],[44.04,-18.288],[44.109,-18.503],[44.233,-18.741],[44.239,-19.075],[44.449,-19.429],[44.405,-19.922],[44.348,-20.145],[44.24,-20.38],[43.911,-20.866],[43.8,-21.179],[43.502,-21.357],[43.438,-21.647],[43.291,-21.932],[43.265,-22.384],[43.357,-22.791],[43.398,-22.886],[43.57,-23.081],[43.723,-23.53],[43.665,-23.63],[43.646,-23.742],[43.67,-24.3],[43.91,-24.641],[44.035,-24.996],[44.256,-25.117],[44.346,-25.226],[44.813,-25.334],[45.112,-25.541]],[[45.069,-12.896],[45.117,-12.985],[45.18,-12.977],[45.223,-12.752],[45.093,-12.653],[45.043,-12.702],[45.094,-12.786],[45.069,-12.896]],[[44.413,-12.093],[44.379,-12.166],[44.22,-12.171],[44.505,-12.357],[44.527,-12.219],[44.477,-12.081],[44.413,-12.093]],[[43.303,-11.844],[43.447,-11.915],[43.491,-11.862],[43.38,-11.614],[43.393,-11.409],[43.342,-11.369],[43.299,-11.374],[43.256,-11.432],[43.227,-11.752],[43.303,-11.844]]]},"properties":{"name":"Mozambique Channel","name_en":"Mozambique Channel","name_zh":"莫桑比克海峡","featurecla":"channel","scalerank":2,"min_label":4,"max_label":8.5,"label":"Mozambique Channel","wikidataid":"Q165100"}},{"type":"Feature","geometry":{"type":"Polygon","coordinates":[[[6.468,0.227],[-7.518,4.308],[-7.528,4.355],[-7.058,4.545],[-6.845,4.672],[-5.914,5.011],[-5.565,5.09],[-5.062,5.131],[-5.105,5.162],[-5.368,5.151],[-5.283,5.21],[-5.024,5.203],[-4.97,5.148],[-4.9,5.138],[-4.037,5.23],[-4.115,5.262],[-4.609,5.236],[-4.553,5.28],[-4.357,5.301],[-3.984,5.293],[-3.871,5.221],[-3.347,5.131],[-3.238,5.336],[-3.152,5.348],[-3.169,5.203],[-3.019,5.131],[-3.215,5.147],[-3.246,5.114],[-2.399,4.929],[-2.09,4.764],[-2.002,4.763],[-1.502,5.038],[-1.065,5.183],[-0.798,5.227],[-0.349,5.501],[-0.126,5.568],[0.26,5.757],[0.749,5.76],[0.947,5.81],[5.583,4.658],[5.799,4.456],[6.077,4.291],[6.206,4.292],[6.215,4.385],[6.271,4.432],[6.264,4.31],[6.554,4.341],[6.58,4.476],[6.623,4.321],[8.445,3.388],[8.434,3.332],[8.475,3.264],[8.691,3.222],[8.695,3.194],[9.896,2.945],[9.822,2.54],[9.78,2.068],[9.807,1.927],[9.632,1.565],[9.494,1.435],[9.386,1.139],[9.51,1.115],[9.599,1.055],[9.575,0.991],[9.626,0.78],[9.618,0.576],[9.557,0.594],[9.539,0.659],[9.496,0.665],[9.33,0.611],[9.325,0.552],[9.546,0.296],[9.776,0.193],[9.944,0.22],[10.001,0.195],[9.812,0.125],[9.797,0.044],[9.574,0.149],[9.468,0.16],[9.411,0.201],[9.355,0.343],[9.302,0.288],[9.339,-0.058],[9.297,-0.351],[9.082,-0.624],[8.821,-0.708],[8.757,-0.615],[8.703,-0.591],[6.984,0.033],[6.557,0.033],[6.75,0.243],[6.75,0.326],[6.687,0.404],[6.524,0.34],[6.468,0.227]]]},"properties":{"name":"Gulf of Guinea","name_en":"Gulf of Guinea","name_zh":"几内亚湾","featurecla":"gulf","scalerank":2,"min_label":4,"max_label":8.5,"label":"Gulf of Guinea","wikidataid":"Q41430"}},{"type":"Feature","geometry":{"type":"Polygon","coordinates":[[[-54.184,-61.269],[-55.369,-61.146],[-55.4,-61.081],[-54.671,-61.117],[-54.71,-61.14],[-54.184,-61.269]]]},"properties":{"name":"Scotia Sea","name_en":"Scotia Sea","name_zh":"斯科舍海","featurecla":"sea","scalerank":2,"min_label":4,"max_label":8.5,"label":null,"wikidataid":"Q204703"}},{"type":"Feature","geometry":{"type":"Polygon","coordinates":[[[22.94,59.809],[23.481,59.071],[23.477,59.026],[22.92,58.981],[22.725,59.015],[22.702,59.075],[22.65,59.087],[22.587,59.081],[22.463,58.974],[22.056,58.943],[22.162,58.898],[22.411,58.863],[22.479,58.754],[22.473,58.712],[22.521,58.697],[22.463,58.603],[22.328,58.581],[22.266,58.508],[22.168,58.516],[22.081,58.478],[22.002,58.511],[21.862,58.497],[21.984,58.387],[21.925,58.316],[21.855,58.302],[21.882,58.262],[22.181,58.156],[21.985,57.995],[21.978,57.963],[22.022,57.933],[21.74,57.573],[21.459,57.323],[21.351,57.018],[21.072,56.824],[21.031,56.637],[21.015,56.259],[21.062,55.813],[21.158,55.641],[21.088,55.583],[21.014,55.402],[20.679,55.103],[20.52,54.995],[20.397,54.951],[20.107,54.957],[19.975,54.921],[19.944,54.75],[19.859,54.634],[19.56,54.435],[19.407,54.386],[18.976,54.349],[18.836,54.37],[18.67,54.431],[18.436,54.745],[18.8,54.633],[18.759,54.685],[18.324,54.838],[17.843,54.817],[17.262,54.73],[16.885,54.596],[16.56,54.554],[16.186,54.29],[15.288,54.14],[14.384,53.925],[14.25,53.932],[13.828,54.127],[13.805,54.043],[13.724,54.153],[13.448,54.141],[13.147,54.283],[13.029,54.411],[12.575,54.467],[12.464,54.399],[12.056,54.846],[12.09,55.188],[12.322,55.237],[12.409,55.302],[12.886,55.411],[13.321,55.347],[13.806,55.429],[14.174,55.396],[14.342,55.528],[14.203,55.729],[14.215,55.832],[14.402,55.977],[14.559,56.049],[14.655,56.02],[14.755,56.033],[14.714,56.134],[14.782,56.162],[15.326,56.151],[15.626,56.185],[15.826,56.125],[15.997,56.222],[16.151,56.501],[16.349,56.709],[16.528,57.068],[16.476,57.265],[16.631,57.43],[16.653,57.501],[16.604,57.568],[16.586,57.761],[16.556,57.812],[16.597,57.913],[16.695,57.917],[16.7,58.161],[16.77,58.214],[16.652,58.434],[16.924,58.493],[16.788,58.585],[16.214,58.636],[16.316,58.663],[16.978,58.654],[17.348,58.78],[17.457,58.858],[18.285,59.11],[18.373,59.18],[18.414,59.291],[18.618,59.327],[18.509,59.408],[18.133,59.316],[17.98,59.329],[17.969,59.361],[18.164,59.43],[18.276,59.438],[18.971,59.757],[20.205,59.822],[20.787,59.664],[22.375,59.822],[22.94,59.809]],[[18.956,57.9],[18.841,57.9],[18.805,57.833],[18.722,57.864],[18.537,57.831],[18.136,57.556],[18.152,57.339],[18.105,57.272],[18.21,57.133],[18.285,57.083],[18.146,56.92],[18.34,56.978],[18.387,57.088],[18.478,57.163],[18.7,57.243],[18.785,57.361],[18.908,57.398],[18.791,57.483],[18.814,57.706],[18.945,57.742],[18.993,57.812],[19.077,57.836],[18.956,57.9]],[[17.118,57.32],[17.026,57.345],[16.996,57.318],[16.728,56.902],[16.63,56.877],[16.412,56.569],[16.401,56.311],[16.432,56.244],[16.477,56.24],[16.529,56.291],[16.778,56.805],[16.838,56.84],[16.884,56.985],[17.054,57.208],[17.05,57.28],[17.118,57.32]],[[14.684,55.102],[15.051,55.005],[15.137,55.087],[15.133,55.144],[14.765,55.297],[14.714,55.238],[14.684,55.102]],[[13.181,54.509],[13.162,54.365],[13.364,54.246],[13.415,54.25],[13.482,54.338],[13.595,54.338],[13.707,54.281],[13.734,54.315],[13.709,54.383],[13.602,54.425],[13.581,54.464],[13.671,54.535],[13.657,54.56],[13.491,54.615],[13.423,54.699],[13.337,54.697],[13.24,54.639],[13.181,54.509]],[[12.469,55.018],[12.274,55.064],[12.259,55.021],[12.162,54.975],[12.119,54.914],[12.185,54.893],[12.358,54.962],[12.549,54.966],[12.469,55.018]]]},"properties":{"name":"Baltic Sea","name_en":"Baltic Sea","name_zh":"波罗的海","featurecla":"sea","scalerank":2,"min_label":4,"max_label":8.5,"label":"Baltic Sea","wikidataid":"Q545"}},{"type":"Feature","geometry":{"type":"Polygon","coordinates":[[[63.676,81.617],[64.92,81.28],[65.136,81.15],[64.802,81.197],[64.31,81.175],[64.095,80.999],[63.116,80.967],[62.52,80.822],[63.187,80.697],[64.548,80.756],[64.998,80.819],[65.437,80.931],[65.372,80.968],[65.363,81.014],[65.449,80.963],[68.92,76.767],[68.486,76.933],[68.017,76.991],[67.535,77.008],[66.829,76.924],[66.345,76.821],[66.063,76.746],[65.863,76.613],[65.755,76.579],[64.95,76.484],[64.464,76.378],[63.526,76.31],[62.971,76.237],[62.471,76.231],[61.569,76.298],[61.201,76.282],[61.034,76.233],[61.054,76.12],[60.942,76.071],[60.801,76.069],[60.73,76.104],[60.279,76.096],[60.118,76.067],[60.036,75.984],[58.881,75.855],[58.419,75.72],[58.058,75.663],[58.094,75.593],[57.784,75.507],[57.607,75.341],[57.088,75.384],[56.844,75.351],[56.809,75.329],[56.876,75.244],[56.57,75.098],[56.162,75.187],[55.921,75.168],[55.81,75.125],[55.821,75.09],[55.998,75.004],[56.34,75.014],[56.499,74.957],[55.913,74.796],[55.582,74.628],[55.662,74.556],[55.947,74.542],[56.137,74.496],[55.341,74.419],[54.643,73.96],[54.386,73.936],[53.763,73.766],[53.839,73.697],[54.205,73.542],[54.131,73.481],[54.215,73.417],[54.146,73.279],[53.753,73.293],[53.251,73.183],[53.198,73.148],[53.189,73.104],[53.248,72.973],[53.37,72.917],[52.913,72.9],[52.551,72.768],[52.528,72.737],[52.683,72.682],[52.917,72.669],[52.823,72.591],[52.864,72.55],[52.749,72.483],[52.622,72.301],[52.462,72.252],[52.407,72.197],[52.252,72.13],[51.885,72.153],[51.653,72.1],[51.583,72.071],[51.444,71.934],[51.439,71.777],[51.511,71.648],[51.692,71.525],[51.938,71.475],[52.419,71.537],[52.909,71.495],[53.364,71.542],[53.412,71.53],[53.333,71.477],[53.319,71.399],[53.41,71.34],[53.622,71.333],[53.591,71.297],[54.156,71.125],[54.094,71.105],[53.834,71.127],[53.857,71.07],[53.67,71.087],[53.588,71.052],[53.614,70.915],[53.384,70.873],[54.333,70.745],[54.601,70.68],[54.645,70.742],[54.867,70.678],[55.051,70.667],[55.688,70.692],[55.707,70.642],[55.797,70.616],[55.942,70.649],[56.087,70.618],[56.143,70.658],[56.435,70.563],[56.561,70.594],[56.26,70.715],[56.51,70.729],[56.649,70.646],[57.146,70.589],[57.62,70.727],[58.477,70.271],[58.68,70.051],[58.953,69.893],[59.144,69.922],[59.503,69.866],[59.581,69.791],[59.578,69.738],[59.725,69.706],[60.265,69.7],[60.276,69.653],[60.171,69.591],[60.337,69.457],[60.664,69.11],[60.859,69.146],[60.934,68.987],[60.638,68.787],[60.489,68.729],[59.896,68.707],[59.865,68.605],[59.941,68.511],[59.923,68.472],[59.859,68.396],[59.726,68.351],[59.099,68.445],[59.112,68.617],[59.222,68.691],[59.371,68.738],[59.11,68.896],[59.057,69.006],[58.354,68.916],[58.237,68.834],[58.173,68.89],[57.127,68.554],[56.62,68.619],[56.044,68.649],[55.675,68.576],[55.418,68.568],[54.923,68.374],[54.861,68.202],[54.718,68.184],[54.476,68.294],[53.968,68.227],[53.261,68.267],[53.343,68.343],[53.69,68.403],[53.83,68.383],[53.931,68.436],[53.917,68.537],[53.759,68.634],[53.891,68.802],[53.97,68.844],[53.798,68.885],[53.798,68.908],[54.491,68.992],[53.802,68.996],[52.683,68.731],[52.344,68.608],[52.55,68.592],[52.647,68.506],[52.723,68.484],[52.67,68.427],[52.397,68.352],[52.183,68.374],[52.286,68.459],[52.129,68.532],[51.994,68.539],[51.336,68.402],[50.7,68.318],[49.931,68.065],[49.155,67.87],[48.954,67.854],[48.754,67.896],[48.696,67.874],[48.878,67.731],[48.833,67.682],[48.654,67.695],[47.875,67.584],[47.908,67.455],[47.768,67.276],[47.709,67.045],[47.656,66.976],[47.497,66.93],[46.492,66.8],[46.298,66.843],[45.986,66.853],[45.885,66.891],[45.562,67.186],[44.94,67.351],[44.902,67.413],[44.94,67.477],[45.529,67.758],[46.691,67.849],[46.684,67.97],[45.892,68.479],[45.52,68.547],[45.078,68.578],[44.048,68.549],[43.414,68.682],[43.277,68.633],[38.991,68.315],[38.977,68.275],[38.706,68.345],[38.657,68.322],[38.43,68.356],[38.358,68.415],[37.731,68.692],[36.618,69.003],[35.858,69.192],[35.29,69.275],[35.176,69.231],[35.01,69.221],[34.229,69.313],[33.684,69.31],[33.436,69.13],[33.141,69.068],[33.196,69.117],[33.328,69.152],[33.413,69.267],[33.464,69.378],[33.455,69.428],[33.256,69.428],[32.979,69.367],[32.942,69.383],[33.021,69.446],[33.0,69.47],[32.378,69.479],[32.331,69.554],[32.091,69.633],[32.177,69.674],[32.915,69.602],[32.995,69.626],[33.008,69.722],[31.985,69.954],[31.969,69.914],[32.031,69.835],[31.998,69.81],[31.789,69.816],[31.666,69.721],[31.547,69.697],[30.715,69.796],[30.484,69.795],[30.428,69.723],[30.349,69.835],[30.238,69.862],[30.18,69.841],[30.155,69.746],[30.088,69.718],[29.695,69.745],[29.636,69.78],[29.621,69.874],[29.647,69.944],[29.601,69.977],[28.804,70.092],[28.781,70.145],[29.926,70.097],[30.263,70.125],[30.469,70.198],[30.944,70.274],[30.961,70.344],[30.926,70.401],[30.596,70.524],[30.213,70.543],[30.238,70.622],[30.065,70.703],[29.737,70.647],[29.639,70.705],[29.397,70.734],[29.102,70.861],[28.832,70.864],[28.61,70.76],[28.485,70.619],[28.438,70.501],[28.31,70.443],[28.193,70.249],[28.166,70.36],[28.203,70.577],[28.272,70.668],[28.216,70.704],[27.999,70.664],[27.898,70.678],[27.951,70.717],[28.327,70.825],[28.383,70.869],[28.392,70.975],[28.142,71.043],[27.599,71.091],[17.045,76.616],[20.981,77.424],[20.985,77.451],[22.057,77.501],[22.397,77.57],[22.686,77.554],[22.733,77.539],[22.443,77.429],[22.487,77.36],[22.427,77.316],[22.554,77.267],[22.802,77.276],[23.101,77.385],[23.381,77.38],[23.736,77.462],[24.13,77.658],[24.902,77.757],[24.238,77.899],[23.684,77.875],[23.117,77.991],[23.152,78.088],[23.452,78.149],[22.989,78.252],[22.3,78.228],[22.207,78.408],[22.043,78.577],[21.455,78.598],[20.362,78.515],[20.242,78.482],[20.185,78.636],[21.096,78.676],[21.389,78.741],[21.312,78.796],[20.72,78.907],[20.501,78.981],[20.767,79.059],[20.611,79.107],[20.163,79.146],[20.114,79.125],[20.114,79.077],[19.894,79.056],[19.751,79.147],[19.49,79.176],[19.089,79.157],[18.88,79.234],[18.678,79.262],[18.807,79.303],[18.815,79.427],[18.581,79.571],[18.397,79.605],[18.272,79.6],[17.668,79.386],[17.734,79.481],[17.688,79.533],[17.956,79.704],[17.835,79.8],[17.622,79.884],[17.964,80.132],[18.344,80.06],[18.856,80.037],[18.595,79.967],[18.255,79.929],[18.325,79.86],[18.725,79.761],[19.4,79.726],[20.123,79.778],[20.784,79.749],[20.565,79.69],[20.494,79.633],[19.821,79.634],[19.675,79.591],[20.128,79.49],[20.761,79.442],[20.861,79.398],[21.911,79.381],[22.865,79.412],[22.696,79.329],[22.904,79.231],[23.948,79.194],[24.75,79.364],[25.145,79.339],[25.641,79.403],[26.006,79.617],[27.199,79.906],[27.149,80.059],[27.036,80.116],[44.97,80.645],[44.974,80.624],[44.905,80.611],[45.641,80.537],[45.969,80.569],[46.141,80.447],[46.514,80.476],[46.677,80.561],[47.011,80.562],[47.145,80.609],[47.304,80.606],[47.414,80.675],[47.705,80.765],[48.044,80.668],[48.408,80.644],[48.403,80.569],[47.656,80.501],[46.645,80.301],[46.991,80.183],[47.343,80.188],[47.444,80.23],[47.643,80.246],[47.978,80.213],[47.633,80.112],[47.737,80.081],[48.167,80.133],[48.386,80.096],[48.467,80.11],[48.582,80.195],[48.978,80.162],[49.01,80.207],[48.96,80.266],[48.677,80.3],[48.896,80.369],[49.586,80.377],[49.794,80.425],[49.75,80.472],[49.846,80.497],[50.961,80.54],[51.146,80.604],[51.703,80.688],[51.591,80.741],[51.455,80.745],[50.801,80.914],[50.278,80.927],[49.826,80.895],[50.383,81.428],[55.818,81.862],[57.988,81.862],[58.001,81.8],[57.909,81.722],[57.965,81.695],[59.356,81.759],[59.409,81.826],[59.358,81.835],[59.364,81.862],[62.38,81.809],[63.049,81.71],[62.284,81.707],[62.106,81.68],[62.885,81.609],[63.676,81.617]],[[61.851,80.886],[60.481,80.804],[60.278,80.802],[60.235,80.838],[60.094,80.849],[59.716,80.837],[59.592,80.817],[59.386,80.713],[59.288,80.573],[59.304,80.522],[59.346,80.505],[59.65,80.431],[60.279,80.494],[61.051,80.419],[61.285,80.505],[61.597,80.535],[61.681,80.586],[62.076,80.617],[62.227,80.794],[62.103,80.867],[61.851,80.886]],[[60.058,80.985],[60.827,80.93],[61.141,80.95],[61.568,81.05],[61.458,81.104],[60.587,81.087],[60.058,80.985]],[[59.545,80.119],[58.946,80.042],[58.919,79.985],[59.331,79.923],[59.911,79.994],[59.802,80.083],[59.545,80.119]],[[58.61,81.337],[59.097,81.292],[59.375,81.325],[59.075,81.398],[58.61,81.337]],[[58.972,80.416],[58.48,80.465],[57.075,80.494],[57.011,80.468],[57.186,80.396],[57.281,80.194],[57.332,80.158],[57.8,80.104],[58.256,80.202],[58.284,80.298],[58.398,80.319],[59.256,80.343],[58.972,80.416]],[[58.05,81.119],[57.656,81.031],[57.41,81.047],[57.211,81.017],[57.405,80.915],[57.75,80.889],[57.938,80.793],[58.642,80.768],[58.86,80.779],[58.931,80.832],[58.903,80.897],[58.622,81.041],[58.05,81.119]],[[57.717,81.565],[57.091,81.541],[56.719,81.423],[56.405,81.387],[56.157,81.303],[55.782,81.329],[55.466,81.311],[55.573,81.228],[55.717,81.189],[56.192,81.224],[56.512,81.175],[56.822,81.238],[57.451,81.136],[57.913,81.197],[58.015,81.255],[57.912,81.303],[57.859,81.368],[58.564,81.418],[58.436,81.464],[57.862,81.507],[57.717,81.565]],[[56.815,80.664],[57.694,80.792],[56.472,80.998],[56.17,81.029],[55.471,81.02],[54.719,81.116],[54.634,81.113],[54.417,80.986],[54.367,80.904],[54.046,80.872],[54.067,80.814],[54.533,80.783],[54.668,80.739],[55.117,80.752],[55.883,80.629],[56.815,80.664]],[[56.707,80.363],[56.655,80.33],[56.025,80.341],[55.99,80.32],[56.012,80.204],[55.724,80.105],[56.201,80.077],[56.987,80.071],[57.08,80.095],[57.123,80.317],[57.079,80.351],[56.707,80.363]],[[54.276,80.421],[54.437,80.498],[54.407,80.54],[53.877,80.605],[53.859,80.563],[53.9,80.515],[53.812,80.476],[54.276,80.421]],[[52.636,80.179],[53.522,80.185],[53.778,80.228],[53.852,80.268],[53.486,80.323],[53.346,80.366],[53.329,80.402],[53.186,80.413],[52.854,80.402],[52.681,80.319],[52.214,80.264],[52.344,80.213],[52.636,80.179]],[[53.192,71.215],[53.074,71.238],[52.904,71.365],[52.777,71.4],[52.732,71.404],[52.729,71.355],[52.513,71.385],[52.24,71.325],[52.289,71.27],[52.425,71.239],[52.546,71.25],[52.738,71.181],[52.835,71.086],[52.95,71.053],[53.023,70.969],[53.121,70.982],[53.048,71.031],[53.205,71.16],[53.192,71.215]],[[51.254,80.049],[50.936,80.094],[50.092,79.98],[50.454,79.924],[51.431,79.921],[51.243,79.991],[51.254,80.049]],[[50.878,81.151],[50.592,81.169],[50.368,81.122],[50.518,81.046],[50.754,81.047],[50.946,81.108],[50.878,81.151]],[[50.052,80.074],[50.072,80.11],[50.319,80.172],[50.251,80.22],[49.884,80.23],[49.556,80.159],[49.971,80.061],[50.052,80.074]],[[48.845,69.495],[48.414,69.346],[48.32,69.269],[48.279,69.04],[48.316,68.943],[48.439,68.805],[48.667,68.733],[49.18,68.778],[49.626,68.86],[49.84,68.974],[49.921,69.053],[50.094,69.126],[50.165,69.038],[50.283,69.089],[50.265,69.185],[50.167,69.257],[49.996,69.309],[49.225,69.511],[48.845,69.495]],[[31.578,80.081],[32.526,80.119],[33.629,80.217],[33.098,80.229],[31.482,80.108],[31.578,80.081]],[[27.889,78.852],[28.038,78.829],[28.495,78.887],[29.311,78.852],[29.697,78.905],[29.047,78.912],[28.845,78.971],[28.511,78.967],[27.889,78.852]],[[26.46,78.72],[26.729,78.646],[26.876,78.649],[27.008,78.698],[26.789,78.724],[26.586,78.811],[26.408,78.784],[26.46,78.72]]]},"properties":{"name":"Barents Sea","name_en":"Barents Sea","name_zh":"巴倫支海","featurecla":"sea","scalerank":2,"min_label":4,"max_label":8.5,"label":"Barents Sea","wikidataid":"Q45823"}},{"type":"Feature","geometry":{"type":"Polygon","coordinates":[[[-3.052,58.631],[-2.691,58.946],[-2.451,59.258],[-1.65,59.497],[-1.4,59.747],[-1.199,60.006],[-1.005,60.549],[-0.776,60.591],[5.203,60.591],[5.244,60.57],[5.447,60.617],[5.589,60.694],[5.648,60.688],[5.168,60.485],[5.137,60.446],[5.183,60.309],[5.286,60.206],[5.417,60.154],[5.657,60.154],[5.689,60.123],[5.494,60.071],[5.206,60.088],[5.174,60.046],[5.219,59.979],[5.119,59.833],[5.105,59.732],[5.111,59.668],[5.146,59.639],[5.494,59.826],[5.699,60.01],[5.877,60.07],[5.905,60.15],[6.153,60.346],[6.347,60.419],[6.996,60.512],[6.72,60.418],[6.527,60.153],[6.573,60.361],[6.518,60.408],[6.349,60.353],[6.141,60.234],[6.07,60.084],[5.73,59.863],[5.763,59.808],[5.834,59.795],[6.217,59.818],[5.867,59.734],[5.772,59.661],[5.472,59.713],[5.403,59.656],[5.305,59.642],[5.185,59.454],[5.131,59.227],[5.173,59.162],[5.349,59.166],[5.562,58.98],[5.517,58.726],[5.586,58.621],[5.707,58.524],[6.389,58.268],[6.66,58.263],[6.692,58.224],[6.555,58.123],[6.59,58.097],[6.732,58.068],[6.803,58.154],[6.877,58.151],[6.912,58.143],[6.903,58.07],[7.005,58.024],[7.125,58.039],[8.279,56.841],[8.268,56.754],[8.347,56.712],[8.468,56.665],[8.772,56.725],[8.993,57.016],[9.11,57.044],[9.255,57.012],[9.197,56.702],[9.067,56.794],[8.888,56.735],[8.736,56.627],[8.718,56.544],[8.672,56.495],[8.553,56.561],[8.282,56.617],[8.164,56.607],[8.121,56.14],[8.202,55.982],[8.132,55.6],[8.616,55.418],[8.67,55.156],[8.573,55.134],[8.662,54.986],[8.682,54.792],[8.957,54.538],[8.952,54.468],[8.648,54.398],[8.626,54.354],[8.645,54.295],[8.781,54.313],[8.907,54.261],[8.903,54.0],[8.978,53.926],[9.312,53.859],[9.631,53.6],[9.784,53.555],[9.585,53.6],[9.322,53.814],[9.206,53.856],[8.898,53.836],[8.619,53.875],[8.528,53.781],[8.506,53.671],[8.539,53.557],[8.495,53.394],[8.493,53.514],[8.334,53.606],[8.245,53.445],[8.201,53.433],[8.109,53.468],[8.167,53.543],[8.009,53.691],[7.629,53.697],[7.206,53.654],[7.107,53.557],[7.053,53.376],[7.197,53.282],[6.968,53.327],[6.816,53.441],[6.085,53.408],[5.926,53.459],[5.675,53.453],[5.233,53.378],[4.924,53.235],[4.881,53.18],[4.886,53.071],[4.763,53.008],[4.562,52.443],[4.483,52.309],[4.209,52.059],[4.085,51.994],[3.947,51.811],[4.183,51.61],[4.005,51.596],[4.274,51.472],[4.141,51.456],[3.886,51.574],[3.744,51.596],[3.549,51.589],[3.449,51.541],[3.587,51.454],[3.822,51.41],[4.006,51.443],[4.226,51.386],[4.112,51.36],[4.011,51.396],[3.883,51.355],[3.589,51.4],[3.426,51.393],[2.96,51.265],[2.445,51.067],[1.913,50.991],[1.712,50.906],[1.684,50.959],[1.376,51.165],[1.415,51.363],[0.889,51.359],[0.686,51.386],[0.6,51.468],[0.425,51.466],[0.891,51.572],[0.927,51.647],[0.898,51.69],[0.752,51.73],[0.955,51.808],[1.189,51.803],[1.274,51.845],[1.233,51.971],[1.317,51.957],[1.414,51.995],[1.591,52.12],[1.746,52.469],[1.716,52.677],[1.657,52.754],[1.382,52.893],[1.056,52.959],[0.559,52.967],[0.33,52.811],[0.046,52.906],[0.298,53.081],[0.356,53.16],[0.271,53.335],[0.128,53.468],[-0.294,53.692],[-0.66,53.724],[-0.27,53.737],[-0.074,53.644],[0.115,53.609],[-0.206,54.022],[-0.085,54.118],[-0.37,54.279],[-0.671,54.504],[-1.155,54.654],[-1.232,54.704],[-1.423,55.027],[-1.656,55.57],[-2.147,55.903],[-2.599,56.027],[-2.837,56.026],[-3.049,55.952],[-3.608,56.016],[-3.789,56.095],[-3.362,56.028],[-3.178,56.08],[-2.98,56.194],[-2.767,56.202],[-2.674,56.254],[-2.653,56.318],[-2.885,56.398],[-3.31,56.364],[-3.047,56.449],[-2.775,56.483],[-2.593,56.562],[-2.26,56.863],[-2.09,57.102],[-2.02,57.259],[-1.781,57.474],[-1.867,57.613],[-1.962,57.677],[-2.074,57.702],[-3.036,57.672],[-3.403,57.708],[-3.868,57.6],[-4.135,57.578],[-4.078,57.677],[-3.857,57.818],[-4.036,57.852],[-3.99,57.959],[-3.212,58.321],[-3.113,58.409],[-3.11,58.515],[-3.052,58.631]]]},"properties":{"name":"North Sea","name_en":"North Sea","name_zh":"北海","featurecla":"sea","scalerank":2,"min_label":4,"max_label":8.5,"label":"North Sea","wikidataid":"Q1693"}},{"type":"Feature","geometry":{"type":"Polygon","coordinates":[[[-5.706,50.112],[-6.403,51.68],[-5.168,51.749],[-5.125,51.706],[-4.902,51.626],[-4.601,51.738],[-4.386,51.741],[-4.276,51.683],[-4.091,51.66],[-4.235,51.569],[-3.891,51.592],[-3.562,51.414],[-3.293,51.391],[-2.979,51.539],[-2.742,51.581],[-2.433,51.741],[-2.881,51.405],[-3.042,51.249],[-3.136,51.205],[-3.842,51.231],[-4.188,51.188],[-4.297,51.027],[-4.523,50.977],[-4.583,50.776],[-4.894,50.534],[-5.004,50.495],[-5.342,50.246],[-5.57,50.197],[-5.656,50.113],[-5.706,50.112]]]},"properties":{"name":"Bristol Channel","name_en":"Bristol Channel","name_zh":"布里斯托湾","featurecla":"channel","scalerank":4,"min_label":5.7,"max_label":10,"label":"Bristol Channel","wikidataid":"Q188203"}},{"type":"Feature","geometry":{"type":"Polygon","coordinates":[[[-6.235,58.5],[-5.02,58.565],[-5.067,58.52],[-5.09,58.385],[-5.008,58.263],[-5.338,58.239],[-5.351,58.144],[-5.413,58.07],[-5.157,57.881],[-5.29,57.905],[-5.349,57.878],[-5.608,57.881],[-5.745,57.668],[-5.679,57.572],[-5.582,57.547],[-5.802,57.468],[-5.795,57.379],[-5.656,57.334],[-5.562,57.233],[-5.592,57.102],[-5.736,56.961],[-5.861,56.903],[-5.731,56.853],[-5.878,56.78],[-6.034,56.764],[-6.133,56.718],[-5.969,56.69],[-5.937,56.606],[-5.865,56.562],[-5.652,56.532],[-5.188,56.758],[-5.313,56.619],[-5.33,56.556],[-5.392,56.515],[-5.61,56.055],[-5.623,55.813],[-5.504,55.802],[-5.682,55.624],[-5.768,55.395],[-5.731,55.334],[-5.619,55.331],[-5.557,55.39],[-5.386,55.77],[-5.411,55.995],[-5.084,56.198],[-4.997,56.234],[-5.223,56.066],[-5.247,56.0],[-5.228,55.886],[-5.196,55.929],[-5.115,55.945],[-5.093,55.987],[-4.927,56.028],[-4.8,56.158],[-4.844,56.051],[-4.584,55.939],[-4.807,55.94],[-4.872,55.874],[-4.892,55.699],[-4.724,55.599],[-4.677,55.501],[-4.965,55.149],[-5.056,54.988],[-5.117,55.012],[-5.172,54.986],[-5.17,54.918],[-5.081,54.807],[-5.507,54.584],[-5.583,54.663],[-5.739,54.673],[-5.878,54.641],[-5.879,54.684],[-5.711,54.757],[-5.717,54.817],[-5.869,54.916],[-5.986,55.03],[-6.036,55.144],[-6.129,55.218],[-6.475,55.241],[-6.947,55.183],[-7.031,55.08],[-7.101,55.048],[-7.179,55.057],[-7.219,55.092],[-7.173,55.137],[-6.962,55.238],[-7.247,55.353],[-7.366,55.36],[-7.302,55.299],[-7.518,55.248],[-7.531,55.194],[-7.479,55.047],[-7.658,54.971],[-7.59,55.025],[-7.634,55.055],[-7.556,55.122],[-7.57,55.171],[-7.667,55.257],[-7.763,55.248],[-7.751,55.186],[-8.006,55.195],[-8.245,55.149],[-7.535,56.959],[-7.417,56.965],[-7.407,57.0],[-7.453,57.018],[-7.353,57.118],[-7.25,57.115],[-7.267,57.372],[-7.336,57.383],[-7.312,57.534],[-7.183,57.533],[-7.093,57.627],[-7.166,57.663],[-7.032,57.776],[-6.957,57.75],[-6.402,58.041],[-6.437,58.092],[-6.555,58.093],[-6.326,58.189],[-6.199,58.363],[-6.194,58.435],[-6.235,58.5]],[[-5.186,55.691],[-5.318,55.709],[-5.371,55.667],[-5.393,55.618],[-5.332,55.481],[-5.105,55.449],[-5.105,55.574],[-5.186,55.691]],[[-6.015,57.052],[-5.914,57.063],[-5.696,57.198],[-5.673,57.253],[-6.068,57.283],[-6.136,57.314],[-6.166,57.586],[-6.247,57.651],[-6.358,57.667],[-6.378,57.604],[-6.617,57.563],[-6.583,57.507],[-6.704,57.496],[-6.753,57.459],[-6.741,57.413],[-6.675,57.363],[-6.442,57.327],[-6.323,57.202],[-6.034,57.201],[-6.015,57.052]],[[-6.041,55.807],[-5.97,55.814],[-5.725,56.119],[-5.939,56.045],[-5.97,55.992],[-5.912,55.975],[-6.072,55.893],[-6.041,55.807]],[[-5.761,56.491],[-5.947,56.535],[-6.103,56.646],[-6.286,56.612],[-6.311,56.552],[-6.139,56.491],[-6.185,56.357],[-6.326,56.321],[-6.313,56.294],[-6.176,56.289],[-5.778,56.344],[-5.761,56.491]],[[-6.058,55.722],[-6.129,55.931],[-6.311,55.857],[-6.413,55.855],[-6.496,55.712],[-6.452,55.704],[-6.302,55.781],[-6.27,55.671],[-6.305,55.607],[-6.253,55.607],[-6.088,55.657],[-6.058,55.722]]]},"properties":{"name":"Inner Seas","name_en":"Sea of the Hebrides","name_zh":"赫布里底海","featurecla":"sea","scalerank":4,"min_label":5.7,"max_label":10,"label":"Inner Seas","wikidataid":"Q1971856"}},{"type":"Feature","geometry":{"type":"Polygon","coordinates":[[[-6.403,51.68],[-6.619,52.199],[-6.438,52.203],[-6.325,52.247],[-6.463,52.345],[-6.346,52.402],[-6.217,52.543],[-6.169,52.738],[-6.028,52.927],[-6.045,53.091],[-6.151,53.367],[-6.129,53.391],[-6.142,53.578],[-6.27,53.84],[-6.322,53.882],[-6.345,53.987],[-6.157,54.017],[-6.218,54.089],[-6.019,54.051],[-5.938,54.089],[-5.826,54.236],[-5.607,54.272],[-5.558,54.371],[-5.656,54.382],[-5.671,54.55],[-5.484,54.442],[-5.47,54.5],[-5.507,54.584],[-5.081,54.807],[-4.911,54.689],[-4.889,54.772],[-4.818,54.846],[-4.517,54.758],[-4.253,54.847],[-4.133,54.779],[-3.958,54.781],[-3.551,54.948],[-3.036,54.953],[-3.268,54.906],[-3.465,54.773],[-3.592,54.565],[-3.57,54.468],[-3.321,54.229],[-3.166,54.128],[-2.867,54.177],[-2.846,54.135],[-2.9,53.961],[-3.027,53.906],[-3.045,53.844],[-3.032,53.773],[-2.925,53.733],[-3.06,53.586],[-3.065,53.513],[-2.913,53.35],[-2.749,53.31],[-2.919,53.305],[-3.065,53.427],[-3.165,53.395],[-3.098,53.26],[-3.326,53.347],[-3.809,53.302],[-4.111,53.219],[-4.328,53.105],[-4.405,53.014],[-4.681,52.844],[-4.683,52.806],[-4.584,52.815],[-4.356,52.897],[-4.101,52.916],[-4.117,52.82],[-4.039,52.704],[-4.079,52.608],[-4.049,52.557],[-3.98,52.542],[-4.218,52.277],[-4.383,52.198],[-5.184,51.949],[-5.262,51.88],[-5.201,51.862],[-5.168,51.749],[-6.403,51.68]],[[-4.085,53.264],[-4.05,53.306],[-4.155,53.303],[-4.315,53.417],[-4.568,53.387],[-4.553,53.261],[-4.472,53.177],[-4.419,53.178],[-4.373,53.134],[-4.085,53.264]],[[-4.614,54.059],[-4.412,54.185],[-4.338,54.269],[-4.377,54.393],[-4.425,54.407],[-4.509,54.377],[-4.699,54.225],[-4.785,54.073],[-4.614,54.059]]]},"properties":{"name":"Irish Sea","name_en":"Irish Sea","name_zh":"愛爾蘭海","featurecla":"sea","scalerank":2,"min_label":4,"max_label":8.5,"label":"Irish Sea","wikidataid":"Q41735"}},{"type":"Feature","geometry":{"type":"Polygon","coordinates":[[[105.277,-6.727],[105.195,-6.661],[105.253,-6.64],[105.26,-6.524],[105.13,-6.606],[104.607,-5.909],[104.684,-5.893],[104.618,-5.641],[104.64,-5.52],[105.082,-5.746],[105.349,-5.549],[105.523,-5.673],[105.619,-5.8],[105.748,-5.818],[105.816,-5.677],[105.887,-5.01],[105.886,-4.554],[105.831,-4.163],[105.928,-3.881],[105.93,-3.833],[105.851,-3.731],[105.844,-3.614],[105.885,-3.451],[106.058,-3.217],[106.531,-3.102],[106.556,-3.057],[106.667,-3.072],[106.621,-2.941],[106.825,-2.574],[107.823,-2.534],[107.666,-2.566],[107.605,-2.863],[107.563,-2.92],[107.637,-3.125],[107.615,-3.209],[107.822,-3.161],[107.858,-3.087],[107.941,-3.129],[107.977,-3.222],[108.055,-3.227],[108.192,-3.103],[108.272,-2.868],[110.232,-2.91],[110.256,-2.966],[110.302,-2.986],[110.377,-2.934],[110.574,-2.891],[110.703,-3.021],[110.899,-2.909],[110.83,-2.995],[110.93,-3.071],[111.367,-2.934],[111.625,-2.975],[111.695,-2.89],[111.76,-2.939],[111.823,-3.057],[111.822,-3.533],[111.858,-3.552],[111.955,-3.53],[112.127,-3.381],[112.285,-3.321],[112.6,-3.4],[112.758,-3.322],[112.971,-3.187],[113.034,-2.934],[113.343,-3.246],[113.526,-3.184],[113.61,-3.196],[113.633,-3.42],[113.705,-3.455],[113.796,-3.456],[113.959,-3.395],[114.082,-3.279],[114.178,-3.354],[114.236,-3.361],[114.345,-3.235],[114.302,-3.365],[114.345,-3.444],[114.446,-3.482],[114.526,-3.377],[114.606,-3.703],[114.625,-4.112],[114.693,-4.17],[115.956,-3.595],[115.988,-3.542],[116.03,-3.584],[116.018,-3.7],[116.077,-3.817],[116.059,-4.007],[116.093,-4.054],[116.18,-3.977],[119.362,-5.32],[119.376,-5.425],[119.465,-5.523],[118.825,-6.509],[117.007,-7.091],[115.438,-6.967],[115.393,-6.961],[115.546,-6.938],[115.415,-6.84],[115.24,-6.861],[115.221,-6.934],[114.385,-7.773],[114.07,-7.633],[113.498,-7.724],[113.248,-7.718],[113.014,-7.658],[112.795,-7.552],[112.794,-7.305],[112.649,-7.221],[112.539,-6.926],[112.087,-6.893],[111.99,-6.806],[111.737,-6.773],[111.541,-6.648],[111.342,-6.7],[111.182,-6.687],[110.972,-6.436],[110.835,-6.424],[110.737,-6.472],[110.584,-6.806],[110.521,-6.897],[110.426,-6.947],[110.199,-6.895],[109.821,-6.902],[109.501,-6.81],[109.404,-6.86],[109.294,-6.867],[108.678,-6.791],[108.604,-6.729],[108.516,-6.471],[108.295,-6.265],[108.137,-6.297],[107.666,-6.216],[107.475,-6.122],[107.332,-5.978],[107.162,-5.957],[107.046,-5.904],[107.011,-6.009],[106.931,-6.073],[106.825,-6.098],[106.676,-6.038],[106.166,-5.965],[106.075,-5.914],[106.029,-5.935],[105.868,-6.117],[105.787,-6.457],[105.706,-6.498],[105.655,-6.47],[105.581,-6.671],[105.484,-6.782],[105.387,-6.751],[105.371,-6.664],[105.277,-6.727]],[[113.975,-6.873],[112.868,-6.9],[112.726,-7.073],[112.764,-7.139],[113.127,-7.224],[113.471,-7.218],[113.656,-7.112],[113.825,-7.12],[113.885,-7.049],[114.083,-6.989],[113.975,-6.873]]]},"properties":{"name":"Java Sea","name_en":"Java Sea","name_zh":"爪哇海","featurecla":"sea","scalerank":2,"min_label":4,"max_label":8.5,"label":"Java Sea","wikidataid":"Q49364"}},{"type":"Feature","geometry":{"type":"Polygon","coordinates":[[[95.235,5.569],[95.003,5.768],[94.077,6.262],[93.53,6.844],[93.045,7.686],[92.428,9.176],[92.2,10.354],[92.278,11.659],[92.56,13.247],[92.93,14.393],[93.742,15.822],[94.231,16.244],[94.224,16.016],[94.299,16.007],[94.442,16.094],[94.588,16.289],[94.665,16.336],[94.704,16.512],[94.72,16.399],[94.652,16.065],[94.662,15.904],[94.798,15.971],[94.848,16.033],[94.893,16.183],[94.891,15.979],[94.943,15.818],[95.177,15.826],[95.333,16.033],[95.347,16.098],[95.365,15.986],[95.308,15.88],[95.301,15.756],[95.349,15.73],[95.389,15.723],[95.508,15.805],[97.809,14.945],[97.812,14.859],[97.869,14.739],[97.937,14.764],[98.019,14.653],[97.929,14.696],[97.91,14.653],[97.999,14.335],[98.1,14.162],[98.073,13.986],[98.111,13.713],[98.149,13.648],[98.2,13.98],[98.239,13.935],[98.245,13.734],[98.421,13.484],[98.487,13.293],[98.576,13.162],[98.663,12.662],[98.665,12.54],[98.625,12.441],[98.679,12.349],[98.6,12.246],[98.696,12.225],[98.664,12.127],[98.69,11.957],[98.645,11.911],[98.636,11.739],[98.693,11.718],[98.805,11.779],[98.876,11.72],[98.742,11.591],[98.745,11.241],[98.683,11.133],[98.675,10.987],[98.536,10.741],[98.465,10.676],[98.523,10.353],[98.497,10.182],[98.563,10.035],[98.658,10.179],[98.702,10.19],[98.562,9.837],[98.493,9.562],[98.371,9.291],[98.326,8.969],[98.242,8.768],[98.238,8.423],[98.323,8.165],[98.262,7.926],[98.301,7.776],[95.451,5.627],[95.235,5.569]],[[98.376,11.791],[98.435,11.567],[98.528,11.539],[98.554,11.745],[98.524,11.805],[98.376,11.791]],[[98.312,12.678],[98.314,12.336],[98.381,12.353],[98.46,12.474],[98.468,12.571],[98.436,12.57],[98.397,12.647],[98.312,12.678]],[[93.709,7.001],[93.829,6.749],[93.89,6.831],[93.929,6.973],[93.859,7.207],[93.822,7.236],[93.684,7.183],[93.656,7.136],[93.658,7.016],[93.709,7.001]],[[92.831,13.003],[92.807,12.879],[92.74,12.779],[92.759,12.669],[92.721,12.541],[92.719,12.357],[92.778,12.303],[92.788,12.226],[92.676,12.193],[92.608,11.95],[92.534,11.873],[92.576,11.718],[92.701,11.513],[92.765,11.639],[92.797,11.875],[92.748,11.993],[92.879,12.228],[92.864,12.436],[92.933,12.453],[92.99,12.539],[92.965,12.85],[92.886,12.942],[92.951,13.063],[93.005,13.09],[93.066,13.222],[93.016,13.336],[93.077,13.401],[93.062,13.546],[92.924,13.486],[92.857,13.358],[92.86,13.231],[92.809,13.04],[92.831,13.003]],[[92.574,10.704],[92.51,10.898],[92.371,10.793],[92.369,10.547],[92.473,10.521],[92.503,10.555],[92.574,10.704]]]},"properties":{"name":"Andaman Sea","name_en":"Andaman Sea","name_zh":"安达曼海","featurecla":"sea","scalerank":2,"min_label":4,"max_label":8.5,"label":"Andaman Sea","wikidataid":"Q47632"}},{"type":"Feature","geometry":{"type":"Polygon","coordinates":[[[126.53,34.317],[126.36,33.466],[126.2,33.368],[126.166,33.312],[126.18,33.267],[121.781,31.958],[121.674,32.051],[121.451,32.153],[121.404,32.206],[121.401,32.372],[121.342,32.425],[120.99,32.567],[120.853,32.661],[120.853,32.764],[120.897,32.843],[120.871,33.016],[120.616,33.49],[120.505,33.638],[120.5,33.716],[120.266,34.274],[119.964,34.448],[119.583,34.582],[119.352,34.749],[119.201,34.748],[119.165,34.849],[119.216,35.012],[119.353,35.114],[119.43,35.301],[119.527,35.358],[119.72,35.589],[119.866,35.644],[119.979,35.74],[120.055,35.861],[120.285,35.984],[120.181,36.017],[120.094,36.119],[120.117,36.15],[120.183,36.202],[120.328,36.228],[120.33,36.11],[120.393,36.054],[120.638,36.13],[120.681,36.169],[120.712,36.413],[120.776,36.456],[120.847,36.426],[120.896,36.444],[120.882,36.539],[120.797,36.607],[120.811,36.633],[121.054,36.612],[121.933,36.96],[122.162,36.959],[122.242,36.85],[122.341,36.832],[122.52,36.947],[122.523,37.003],[122.447,37.068],[122.587,37.181],[122.573,37.318],[122.667,37.403],[122.602,37.426],[122.338,37.405],[122.169,37.456],[122.11,37.522],[122.057,37.529],[121.965,37.445],[121.64,37.46],[121.388,37.579],[121.22,37.6],[121.049,37.725],[120.879,37.787],[121.163,38.732],[121.32,38.808],[121.65,38.865],[121.67,38.892],[121.633,38.955],[121.677,39.003],[121.865,38.996],[121.983,39.053],[122.335,39.366],[122.84,39.601],[122.961,39.62],[123.032,39.674],[123.227,39.686],[123.348,39.763],[123.581,39.786],[123.651,39.882],[123.76,39.822],[124.106,39.841],[124.268,39.924],[124.35,40.011],[124.375,39.996],[124.348,39.907],[124.557,39.791],[124.638,39.615],[124.732,39.652],[124.739,39.742],[124.775,39.758],[125.1,39.59],[125.361,39.527],[125.409,39.289],[125.158,38.872],[125.169,38.805],[125.299,38.743],[125.424,38.747],[125.554,38.686],[125.309,38.665],[125.067,38.557],[124.974,38.48],[124.881,38.342],[124.874,38.233],[124.691,38.129],[124.995,38.078],[125.207,38.082],[125.246,38.057],[124.989,37.931],[125.311,37.843],[125.358,37.725],[125.449,37.73],[125.581,37.815],[125.695,37.962],[125.769,37.985],[125.942,37.874],[126.05,37.87],[126.116,37.743],[126.203,37.829],[126.37,37.878],[126.623,37.79],[126.564,37.716],[126.657,37.551],[126.65,37.447],[126.791,37.295],[126.747,37.194],[126.869,36.976],[126.977,36.94],[126.879,36.862],[126.872,36.824],[126.784,36.949],[126.687,36.96],[126.578,37.019],[126.487,37.007],[126.217,36.871],[126.16,36.772],[126.181,36.691],[126.389,36.651],[126.488,36.694],[126.548,36.478],[126.54,36.166],[126.694,36.014],[126.648,35.923],[126.753,35.872],[126.718,35.769],[126.488,35.647],[126.486,35.606],[126.614,35.571],[126.493,35.501],[126.36,35.217],[126.291,35.154],[126.421,34.823],[126.593,34.825],[126.473,34.756],[126.524,34.698],[126.301,34.72],[126.265,34.673],[126.332,34.59],[126.482,34.494],[126.53,34.317]],[[126.344,34.545],[126.248,34.563],[126.109,34.399],[126.17,34.355],[126.336,34.427],[126.38,34.498],[126.344,34.545]]]},"properties":{"name":"Yellow Sea","name_en":"Yellow Sea","name_zh":"黄海","featurecla":"sea","scalerank":2,"min_label":4,"max_label":8.5,"label":"Yellow Sea","wikidataid":"Q37960"}},{"type":"Feature","geometry":{"type":"Polygon","coordinates":[[[127.656,26.095],[127.009,25.277],[125.315,24.113],[123.975,23.654],[123.093,23.936],[122.176,24.748],[121.964,24.994],[121.926,24.984],[121.853,25.104],[121.687,25.182],[121.594,25.275],[121.45,25.249],[121.366,25.159],[121.085,25.059],[119.264,25.271],[119.146,25.414],[119.263,25.468],[119.422,25.46],[119.593,25.368],[119.622,25.391],[119.539,25.591],[119.553,25.699],[119.648,25.919],[119.619,26.004],[119.501,26.009],[119.418,25.954],[119.332,25.949],[119.264,25.975],[119.139,26.122],[119.313,26.063],[119.463,26.055],[119.693,26.237],[119.881,26.334],[119.785,26.547],[119.726,26.609],[119.638,26.621],[119.588,26.785],[119.71,26.729],[119.824,26.846],[119.821,26.737],[119.842,26.689],[119.88,26.683],[119.882,26.61],[119.968,26.586],[120.043,26.634],[120.087,26.672],[120.138,26.886],[120.279,27.097],[120.385,27.155],[120.608,27.412],[120.629,27.482],[120.588,27.581],[120.665,27.639],[120.685,27.745],[120.833,27.891],[120.833,27.938],[120.747,28.01],[120.892,28.004],[120.959,28.037],[121.098,28.29],[121.146,28.327],[121.217,28.346],[121.272,28.222],[121.354,28.23],[121.51,28.324],[121.61,28.292],[121.475,28.641],[121.519,28.714],[121.63,28.768],[121.662,28.851],[121.54,28.932],[121.641,28.916],[121.679,28.953],[121.665,29.011],[121.521,29.119],[121.448,29.131],[121.534,29.237],[121.717,29.257],[121.791,29.226],[121.853,29.129],[121.917,29.135],[121.968,29.491],[121.941,29.606],[121.888,29.628],[121.69,29.511],[121.506,29.485],[121.677,29.584],[121.906,29.78],[122.083,29.87],[122.003,29.889],[122.015,30.023],[122.282,29.944],[122.296,29.964],[122.322,30.031],[122.284,30.068],[122.111,30.14],[121.999,30.142],[121.863,30.911],[121.949,31.456],[121.855,31.703],[121.832,31.9],[121.781,31.958],[121.805,31.979],[126.187,33.274],[126.282,33.202],[126.596,33.242],[127.08,32.932],[127.82,32.685],[128.697,32.45],[129.019,32.508],[129.657,32.995],[129.69,32.875],[129.827,32.725],[129.769,32.571],[130.054,32.771],[130.298,32.675],[130.34,32.702],[130.353,32.811],[130.28,32.867],[130.175,32.851],[130.173,33.013],[130.127,33.105],[130.238,33.178],[130.382,33.093],[130.44,32.951],[130.547,32.832],[130.569,32.734],[130.498,32.657],[130.64,32.619],[130.395,32.219],[130.319,32.144],[130.195,32.091],[130.211,31.849],[130.188,31.769],[130.322,31.601],[130.294,31.451],[130.147,31.409],[130.201,31.292],[130.589,31.179],[130.645,31.267],[130.54,31.403],[130.556,31.563],[130.655,31.718],[130.776,31.706],[130.796,31.624],[130.704,31.578],[130.79,31.269],[130.758,31.156],[130.684,31.059],[130.713,30.992],[130.607,30.603],[130.854,30.215],[130.678,29.792],[129.448,28.391],[129.323,28.36],[129.248,28.282],[129.164,28.25],[129.286,28.192],[129.264,28.166],[129.192,28.192],[129.225,28.118],[128.985,27.825],[128.952,27.91],[128.908,27.898],[128.883,27.843],[128.906,27.725],[128.096,26.667],[128.047,26.643],[127.907,26.693],[127.891,26.631],[127.946,26.594],[127.796,26.448],[127.729,26.434],[127.727,26.308],[127.655,26.199],[127.656,26.095]],[[130.446,30.265],[130.508,30.241],[130.623,30.263],[130.673,30.367],[130.497,30.466],[130.388,30.388],[130.446,30.265]],[[129.96,32.244],[130.004,32.194],[130.083,32.229],[130.199,32.341],[130.197,32.491],[130.168,32.541],[130.01,32.522],[130.021,32.469],[129.979,32.346],[130.017,32.292],[129.96,32.244]]]},"properties":{"name":"East China Sea","name_en":"East China Sea","name_zh":"东海","featurecla":"sea","scalerank":2,"min_label":4,"max_label":8.5,"label":"East China Sea","wikidataid":"Q45341"}},{"type":"Feature","geometry":{"type":"MultiPolygon","coordinates":[[[[178.649,70.999],[178.792,70.822],[179.153,70.88],[179.647,70.899],[180.0,70.993],[180.0,68.983],[179.273,69.259],[178.951,69.296],[178.907,69.362],[178.848,69.387],[177.934,69.496],[177.394,69.611],[176.924,69.646],[175.922,69.896],[175.623,69.892],[178.649,70.999]]],[[[-177.504,71.208],[-156.47,71.408],[-156.783,71.319],[-157.325,71.04],[-157.91,70.86],[-158.484,70.841],[-158.621,70.799],[-158.996,70.801],[-159.251,70.749],[-159.34,70.781],[-159.183,70.832],[-159.192,70.86],[-159.314,70.879],[-159.681,70.787],[-160.082,70.635],[-159.962,70.634],[-159.746,70.531],[-159.387,70.525],[-159.683,70.477],[-159.815,70.497],[-159.866,70.279],[-159.908,70.332],[-160.095,70.333],[-160.006,70.447],[-160.107,70.472],[-159.963,70.568],[-160.117,70.591],[-160.634,70.446],[-160.996,70.305],[-162.074,70.162],[-161.761,70.258],[-161.881,70.332],[-162.952,69.758],[-163.094,69.611],[-163.162,69.388],[-163.205,69.392],[-163.536,69.17],[-164.15,68.961],[-165.044,68.882],[-166.209,68.885],[-166.182,68.797],[-166.38,68.425],[-166.57,68.361],[-166.648,68.374],[-166.546,68.424],[-166.786,68.359],[-166.236,68.278],[-165.96,68.156],[-165.386,68.046],[-164.125,67.607],[-163.943,67.478],[-163.757,67.231],[-164.081,66.61],[-164.461,66.588],[-165.064,66.438],[-165.45,66.41],[-165.776,66.319],[-165.84,66.245],[-165.56,66.167],[-165.63,66.131],[-166.009,66.122],[-166.215,66.17],[-166.399,66.144],[-166.748,66.052],[-167.074,65.877],[-167.405,65.859],[-167.58,65.759],[-167.915,65.681],[-167.93,65.748],[-168.084,65.662],[-169.733,66.056],[-169.778,66.143],[-170.244,66.169],[-170.192,66.201],[-170.301,66.294],[-170.604,66.249],[-170.473,66.32],[-170.927,66.53],[-171.36,66.677],[-171.795,66.932],[-173.008,67.065],[-173.002,67.034],[-172.52,66.952],[-172.64,66.925],[-172.963,66.942],[-173.193,66.994],[-173.228,66.969],[-173.175,66.864],[-173.259,66.84],[-173.347,66.851],[-173.324,66.955],[-173.158,67.069],[-173.68,67.145],[-173.884,67.106],[-174.55,67.09],[-174.519,67.049],[-174.342,67.04],[-174.086,66.943],[-174.006,66.779],[-174.061,66.69],[-174.232,66.632],[-174.196,66.581],[-173.921,66.522],[-173.774,66.435],[-173.9,66.31],[-174.065,66.229],[-174.018,66.382],[-174.085,66.473],[-174.206,66.452],[-174.394,66.344],[-174.504,66.538],[-174.675,66.604],[-174.925,66.623],[-174.87,66.725],[-174.771,66.785],[-174.784,66.917],[-174.885,67.0],[-174.938,67.093],[-174.93,67.204],[-174.87,67.268],[-174.85,67.349],[-175.003,67.438],[-175.155,67.366],[-175.375,67.357],[-175.232,67.447],[-175.24,67.521],[-175.345,67.678],[-177.297,68.222],[-177.408,68.245],[-177.589,68.224],[-177.64,68.241],[-177.527,68.294],[-178.373,68.566],[-177.797,68.338],[-178.056,68.265],[-178.019,68.323],[-178.097,68.425],[-178.693,68.546],[-178.751,68.66],[-178.539,68.586],[-178.874,68.754],[-179.279,68.825],[-179.471,68.912],[-179.595,68.907],[-180.0,68.983],[-180.0,70.993],[-179.507,70.923],[-179.157,70.94],[-177.822,71.068],[-177.524,71.167],[-177.504,71.208]]]]},"properties":{"name":"Chukchi Sea","name_en":"Chukchi Sea","name_zh":"楚科奇海","featurecla":"sea","scalerank":2,"min_label":4,"max_label":8.5,"label":"Chukchi Sea","wikidataid":"Q159252"}},{"type":"Feature","geometry":{"type":"Polygon","coordinates":[[[-97.195,20.8],[-90.353,21.01],[-90.484,20.557],[-90.492,19.947],[-90.693,19.73],[-90.739,19.352],[-90.955,19.152],[-91.458,18.865],[-91.469,18.833],[-91.446,18.833],[-91.343,18.901],[-91.368,18.806],[-91.279,18.721],[-91.275,18.625],[-91.44,18.542],[-91.534,18.456],[-91.6,18.447],[-91.803,18.471],[-91.913,18.528],[-91.943,18.563],[-91.881,18.6],[-91.88,18.638],[-91.974,18.716],[-92.441,18.675],[-92.71,18.612],[-92.769,18.524],[-92.885,18.468],[-93.127,18.424],[-93.552,18.43],[-94.189,18.195],[-94.392,18.166],[-94.546,18.175],[-94.798,18.515],[-95.015,18.571],[-95.182,18.701],[-95.562,18.719],[-95.72,18.769],[-95.578,18.69],[-95.627,18.691],[-95.92,18.819],[-95.928,18.85],[-95.778,18.806],[-95.913,18.897],[-95.985,19.054],[-96.073,19.106],[-96.124,19.199],[-96.29,19.344],[-96.456,19.87],[-96.709,20.188],[-97.122,20.615],[-97.186,20.717],[-97.195,20.8]]]},"properties":{"name":"Bahía de Campeche","name_en":"Bay of Campeche","name_zh":"坎佩切湾","featurecla":"bay","scalerank":2,"min_label":4,"max_label":8.5,"label":"Bahía de Campeche","wikidataid":"Q61304"}},{"type":"Feature","geometry":{"type":"Polygon","coordinates":[[[131.714,-7.162],[131.766,-7.132],[131.884,-7.168],[131.97,-7.252],[131.982,-7.202],[131.922,-7.105],[131.798,-7.114],[132.829,-5.98],[132.899,-5.846],[132.845,-5.988],[132.926,-5.902],[132.971,-5.736],[133.119,-5.576],[133.158,-5.336],[133.519,-4.263],[133.333,-4.17],[133.321,-4.111],[133.535,-4.216],[133.415,-3.732],[133.509,-3.616],[133.542,-3.516],[133.518,-3.412],[133.599,-3.416],[133.653,-3.364],[133.672,-3.132],[133.767,-3.044],[133.842,-3.055],[133.697,-3.248],[133.678,-3.479],[133.723,-3.578],[133.904,-3.72],[133.974,-3.818],[134.147,-3.797],[134.266,-3.946],[134.391,-3.91],[134.547,-3.979],[134.76,-3.922],[134.886,-3.939],[134.706,-3.955],[134.679,-4.079],[134.754,-4.195],[135.195,-4.451],[135.45,-4.443],[135.98,-4.531],[136.619,-4.819],[136.857,-4.893],[137.089,-4.924],[137.196,-4.99],[137.28,-4.946],[137.307,-5.014],[137.759,-5.256],[137.84,-5.35],[137.887,-5.349],[138.061,-5.465],[138.087,-5.709],[138.34,-5.676],[138.243,-5.724],[138.199,-5.807],[138.375,-5.844],[138.314,-5.887],[138.296,-5.949],[138.439,-6.344],[138.698,-6.626],[138.726,-6.731],[138.865,-6.858],[138.6,-6.911],[138.602,-6.936],[138.72,-7.07],[138.846,-7.136],[139.049,-7.2],[139.177,-7.19],[139.062,-7.227],[138.865,-7.201],[138.748,-7.252],[138.886,-7.373],[138.938,-7.472],[139.049,-7.528],[139.088,-7.587],[139.003,-7.837],[138.936,-7.913],[138.856,-8.145],[138.865,-8.193],[138.933,-8.262],[139.193,-8.086],[139.249,-7.982],[139.279,-8.107],[139.319,-8.166],[139.386,-8.189],[139.649,-8.125],[139.935,-8.101],[140.117,-7.924],[139.993,-8.14],[140.003,-8.196],[140.49,-8.621],[140.786,-8.974],[141.133,-9.221],[141.185,-9.217],[142.168,-10.95],[142.139,-11.273],[141.952,-11.896],[141.961,-12.054],[141.871,-11.975],[141.743,-12.226],[136.719,-12.226],[136.61,-12.134],[136.54,-11.958],[136.443,-11.952],[136.27,-12.132],[136.25,-12.173],[136.292,-12.196],[136.329,-12.306],[136.261,-12.434],[136.193,-12.435],[136.082,-12.423],[136.031,-12.331],[136.009,-12.191],[135.938,-12.152],[135.744,-12.242],[135.704,-12.21],[135.702,-12.152],[135.89,-11.993],[135.896,-11.97],[135.834,-11.951],[135.922,-11.826],[135.885,-11.822],[135.549,-12.061],[135.352,-12.129],[135.218,-12.222],[135.03,-12.194],[134.855,-12.103],[134.73,-11.985],[134.538,-12.061],[134.417,-12.053],[134.237,-12.008],[133.904,-11.832],[133.533,-11.816],[133.356,-11.728],[133.185,-11.706],[133.025,-11.453],[132.961,-11.407],[132.857,-11.391],[132.683,-11.506],[132.557,-11.367],[132.334,-11.224],[132.263,-11.204],[132.198,-11.305],[132.155,-11.311],[131.962,-11.181],[131.861,-11.242],[130.775,-8.356],[130.862,-8.319],[130.908,-8.246],[131.044,-8.212],[131.176,-8.131],[131.047,-8.105],[131.145,-7.997],[131.326,-7.999],[131.377,-7.869],[131.625,-7.626],[131.691,-7.439],[131.644,-7.267],[131.736,-7.197],[131.714,-7.162]],[[137.688,-8.412],[137.872,-8.38],[138.296,-8.405],[138.535,-8.273],[138.786,-8.059],[138.989,-7.696],[138.963,-7.588],[138.77,-7.39],[138.544,-7.38],[138.295,-7.438],[138.185,-7.495],[138.007,-7.642],[137.833,-7.932],[137.685,-8.262],[137.65,-8.386],[137.688,-8.412]],[[138.594,-8.371],[138.846,-8.402],[138.895,-8.389],[138.897,-8.337],[138.796,-8.173],[138.763,-8.173],[138.677,-8.199],[138.564,-8.309],[138.594,-8.371]],[[134.441,-6.335],[134.638,-6.365],[134.714,-6.295],[134.756,-6.171],[134.712,-5.95],[134.755,-5.883],[134.747,-5.707],[134.701,-5.603],[134.646,-5.581],[134.658,-5.539],[134.616,-5.439],[134.571,-5.427],[134.506,-5.439],[134.49,-5.525],[134.341,-5.713],[134.247,-5.682],[134.205,-5.707],[134.343,-5.833],[134.302,-6.01],[134.153,-6.02],[134.176,-6.09],[134.441,-6.335]],[[134.356,-6.815],[134.413,-6.68],[134.504,-6.591],[134.537,-6.443],[134.415,-6.387],[134.168,-6.176],[134.115,-6.191],[134.124,-6.427],[134.195,-6.46],[134.107,-6.472],[134.059,-6.77],[134.091,-6.834],[134.2,-6.909],[134.356,-6.815]]]},"properties":{"name":"Arafura Sea","name_en":"Arafura Sea","name_zh":"阿拉弗拉海","featurecla":"sea","scalerank":2,"min_label":4,"max_label":8.5,"label":"Arafura Sea","wikidataid":"Q128880"}},{"type":"Feature","geometry":{"type":"Polygon","coordinates":[[[126.899,-13.746],[122.903,-10.909],[123.215,-10.806],[123.311,-10.699],[123.418,-10.652],[123.384,-10.569],[123.669,-10.319],[123.857,-10.344],[124.176,-10.183],[124.427,-10.149],[124.963,-9.666],[124.998,-9.565],[125.408,-9.276],[125.84,-9.13],[125.946,-9.124],[126.164,-8.997],[126.487,-8.913],[126.666,-8.782],[126.915,-8.715],[127.296,-8.425],[127.256,-8.378],[127.785,-8.167],[128.024,-8.255],[128.066,-8.218],[128.985,-8.237],[130.779,-8.357],[131.861,-11.242],[131.812,-11.271],[131.822,-11.302],[131.945,-11.348],[132.134,-11.501],[132.278,-11.468],[132.475,-11.491],[132.674,-11.649],[132.63,-11.836],[132.63,-12.035],[132.712,-12.124],[132.584,-12.11],[132.51,-12.135],[132.442,-12.177],[132.411,-12.295],[132.372,-12.239],[132.253,-12.186],[132.064,-12.281],[131.888,-12.232],[131.726,-12.278],[131.438,-12.277],[131.342,-12.21],[131.292,-12.068],[131.22,-12.178],[131.046,-12.19],[131.02,-12.214],[131.023,-12.343],[130.874,-12.367],[130.898,-12.524],[130.867,-12.558],[130.736,-12.428],[130.673,-12.407],[130.623,-12.431],[130.618,-12.647],[130.4,-12.688],[130.318,-12.883],[130.168,-12.958],[130.135,-13.146],[130.26,-13.302],[130.136,-13.448],[129.938,-13.502],[129.818,-13.611],[127.038,-13.808],[126.899,-13.746]],[[130.369,-11.215],[130.423,-11.446],[130.512,-11.618],[130.645,-11.742],[130.951,-11.926],[131.292,-11.711],[131.383,-11.582],[131.458,-11.588],[131.468,-11.509],[131.539,-11.437],[131.437,-11.313],[131.268,-11.19],[131.023,-11.334],[130.913,-11.309],[130.752,-11.384],[130.619,-11.376],[130.403,-11.181],[130.369,-11.215]],[[130.459,-11.679],[130.339,-11.337],[130.295,-11.337],[130.153,-11.478],[130.197,-11.658],[130.139,-11.697],[130.072,-11.681],[130.043,-11.787],[130.077,-11.825],[130.318,-11.772],[130.503,-11.836],[130.606,-11.817],[130.58,-11.737],[130.459,-11.679]]]},"properties":{"name":"Timor Sea","name_en":"Timor Sea","name_zh":"帝汶海","featurecla":"sea","scalerank":2,"min_label":4,"max_label":8.5,"label":"Timor Sea","wikidataid":"Q131418"}},{"type":"Feature","geometry":{"type":"Polygon","coordinates":[[[104.77,8.597],[104.749,8.608],[102.349,6.158],[102.101,6.242],[101.799,6.474],[101.614,6.754],[101.498,6.865],[101.302,6.908],[101.018,6.861],[100.793,6.995],[100.586,7.176],[100.49,7.161],[100.424,7.188],[100.161,7.599],[100.158,7.728],[100.257,7.775],[100.317,7.716],[100.324,7.644],[100.284,7.552],[100.38,7.542],[100.439,7.281],[100.545,7.227],[100.453,7.442],[100.279,8.268],[100.229,8.425],[100.163,8.509],[100.13,8.428],[99.989,8.589],[99.905,9.113],[99.835,9.289],[99.724,9.314],[99.394,9.214],[99.254,9.265],[99.288,9.414],[99.161,9.734],[99.195,10.175],[99.165,10.32],[99.237,10.388],[99.285,10.569],[99.487,10.89],[99.514,11.1],[99.627,11.463],[99.799,11.749],[99.837,11.936],[99.989,12.171],[100.006,12.355],[99.964,12.69],[100.09,13.046],[100.051,13.171],[99.99,13.244],[100.017,13.353],[100.235,13.484],[100.537,13.514],[100.603,13.568],[100.656,13.521],[100.962,13.432],[100.864,12.714],[100.898,12.654],[100.954,12.621],[101.09,12.674],[101.445,12.619],[101.723,12.689],[102.035,12.532],[102.229,12.332],[102.259,12.394],[102.343,12.252],[102.54,12.109],[102.594,12.203],[102.763,12.013],[102.792,11.889],[102.912,11.704],[102.948,11.773],[103.004,11.71],[103.01,11.589],[103.126,11.461],[103.091,11.211],[103.153,10.914],[103.354,10.922],[103.533,11.146],[103.654,11.059],[103.722,10.89],[103.681,10.759],[103.541,10.669],[103.532,10.605],[103.587,10.552],[103.662,10.509],[103.841,10.581],[103.87,10.655],[103.937,10.587],[104.262,10.541],[104.516,10.34],[104.663,10.17],[104.802,10.203],[104.873,10.115],[105.028,10.067],[105.085,9.995],[105.093,9.901],[104.903,9.816],[104.845,9.606],[104.819,8.802],[104.896,8.747],[104.77,8.597]],[[104.049,10.061],[104.076,10.225],[104.064,10.391],[103.986,10.427],[103.898,10.369],[103.85,10.371],[103.952,10.243],[104.018,10.029],[104.049,10.061]]]},"properties":{"name":"Gulf of Thailand","name_en":"Gulf of Thailand","name_zh":"泰国湾","featurecla":"gulf","scalerank":2,"min_label":4,"max_label":8.5,"label":"Gulf of Thailand","wikidataid":"Q131217"}},{"type":"Feature","geometry":{"type":"Polygon","coordinates":[[[80.215,6.053],[73.123,-0.68],[72.54,0.97],[72.328,4.639],[71.835,9.402],[71.376,12.4],[71.658,13.0],[72.47,13.564],[74.346,14.556],[74.498,14.046],[74.671,13.668],[74.77,13.077],[74.945,12.565],[75.197,12.058],[75.524,11.703],[75.724,11.362],[75.922,10.784],[76.202,10.201],[76.195,10.086],[76.223,10.024],[76.347,9.922],[76.459,9.536],[76.376,9.54],[76.343,9.827],[76.242,9.927],[76.324,9.452],[76.403,9.237],[76.472,9.161],[76.554,8.903],[76.967,8.407],[77.301,8.146],[79.816,7.316],[79.859,6.829],[80.095,6.153],[80.215,6.053]]]},"properties":{"name":"Laccadive Sea","name_en":"Laccadive Sea","name_zh":"拉克代夫海","featurecla":"sea","scalerank":2,"min_label":4,"max_label":8.5,"label":"Laccadive Sea","wikidataid":"Q544914"}},{"type":"Feature","geometry":{"type":"Polygon","coordinates":[[[-95.61,-72.175],[-71.869,-68.941],[-72.058,-69.001],[-72.138,-69.114],[-72.135,-69.177],[-72.081,-69.267],[-71.743,-69.423],[-71.718,-69.524],[-71.879,-69.909],[-71.81,-70.005],[-71.696,-70.068],[-71.12,-70.197],[-70.926,-70.192],[-70.72,-70.139],[-70.328,-70.159],[-69.619,-70.398],[-69.702,-70.415],[-70.091,-70.351],[-70.328,-70.361],[-71.061,-70.537],[-71.19,-70.66],[-71.173,-70.713],[-70.917,-70.786],[-70.299,-70.836],[-69.993,-70.897],[-69.876,-70.876],[-69.83,-70.914],[-69.822,-70.973],[-69.835,-71.092],[-69.87,-71.126],[-69.917,-71.134],[-70.268,-70.965],[-70.381,-70.946],[-70.741,-70.992],[-71.194,-70.985],[-71.505,-71.111],[-71.718,-71.145],[-72.357,-71.075],[-72.711,-71.073],[-73.06,-71.127],[-72.905,-71.223],[-72.43,-71.275],[-72.212,-71.335],[-72.622,-71.388],[-73.397,-71.321],[-73.604,-71.351],[-73.592,-71.448],[-73.38,-71.528],[-73.479,-71.579],[-74.187,-71.383],[-74.375,-71.415],[-74.426,-71.457],[-74.38,-71.579],[-74.392,-71.638],[-74.636,-71.617],[-74.863,-71.543],[-75.1,-71.555],[-75.292,-71.615],[-75.353,-71.68],[-75.331,-71.752],[-75.373,-71.78],[-75.691,-72.873],[-75.731,-72.879],[-75.6,-72.952],[-75.244,-73.01],[-75.276,-73.05],[-75.417,-73.051],[-75.506,-73.109],[-75.898,-73.056],[-76.062,-73.109],[-76.096,-73.15],[-76.09,-73.203],[-76.053,-73.255],[-75.901,-73.332],[-74.575,-73.611],[-74.562,-73.711],[-74.594,-73.715],[-74.855,-73.658],[-75.293,-73.639],[-75.595,-73.711],[-76.291,-73.805],[-76.755,-73.79],[-77.049,-73.844],[-77.135,-73.818],[-77.033,-73.719],[-76.764,-73.566],[-76.851,-73.46],[-78.408,-73.556],[-78.786,-73.507],[-78.964,-73.312],[-79.522,-73.089],[-80.442,-72.945],[-80.588,-72.978],[-80.614,-73.084],[-80.439,-73.225],[-80.336,-73.414],[-81.024,-73.236],[-81.177,-73.249],[-81.262,-73.315],[-81.236,-73.474],[-81.163,-73.632],[-81.309,-73.738],[-82.184,-73.857],[-82.816,-73.732],[-83.565,-73.706],[-84.214,-73.573],[-84.981,-73.502],[-85.802,-73.192],[-86.602,-73.354],[-86.791,-73.364],[-87.038,-73.354],[-87.401,-73.192],[-87.936,-73.241],[-88.419,-73.229],[-88.561,-73.121],[-88.194,-72.859],[-88.194,-72.787],[-88.527,-72.702],[-88.78,-72.683],[-89.127,-72.693],[-89.23,-72.826],[-89.341,-72.89],[-89.817,-72.862],[-90.035,-72.96],[-90.152,-72.945],[-90.295,-72.978],[-90.274,-73.119],[-90.431,-73.243],[-90.921,-73.319],[-92.241,-73.178],[-92.828,-73.165],[-93.706,-73.215],[-93.985,-73.287],[-94.246,-73.313],[-94.586,-73.249],[-95.237,-73.22],[-95.529,-73.241],[-95.592,-72.412],[-95.531,-72.249],[-95.61,-72.175]],[[-71.551,-70.439],[-71.341,-70.318],[-71.355,-70.298],[-71.432,-70.267],[-71.795,-70.289],[-71.684,-70.442],[-71.551,-70.439]],[[-72.777,-69.645],[-72.202,-69.74],[-71.986,-69.699],[-72.331,-69.492],[-72.464,-69.452],[-72.726,-69.413],[-72.937,-69.469],[-72.957,-69.529],[-72.777,-69.645]],[[-76.176,-71.133],[-74.505,-70.973],[-73.694,-70.794],[-73.55,-70.724],[-73.706,-70.635],[-73.958,-70.561],[-74.113,-70.577],[-74.114,-70.655],[-74.401,-70.576],[-74.456,-70.587],[-74.468,-70.727],[-74.59,-70.792],[-74.791,-70.631],[-74.954,-70.59],[-75.008,-70.609],[-75.06,-70.706],[-75.21,-70.773],[-76.035,-70.836],[-76.249,-70.864],[-76.5,-70.942],[-76.512,-70.991],[-76.422,-71.09],[-76.176,-71.133]],[[-74.81,-69.753],[-74.987,-69.728],[-75.264,-69.749],[-75.34,-69.84],[-75.76,-69.916],[-75.813,-69.984],[-75.804,-70.038],[-75.727,-70.096],[-74.849,-70.179],[-74.672,-70.132],[-74.578,-69.998],[-74.438,-69.949],[-74.55,-69.861],[-74.81,-69.753]],[[-91.67,-72.624],[-91.357,-72.91],[-91.45,-72.968],[-91.511,-73.195],[-91.16,-73.182],[-90.999,-73.137],[-90.776,-72.993],[-90.751,-72.916],[-90.776,-72.854],[-90.895,-72.824],[-90.78,-72.732],[-90.764,-72.681],[-90.807,-72.611],[-90.947,-72.556],[-91.303,-72.547],[-91.67,-72.624]],[[-95.273,-72.647],[-95.027,-72.665],[-94.426,-72.613],[-94.514,-72.492],[-94.566,-72.468],[-95.215,-72.599],[-95.273,-72.647]]]},"properties":{"name":"Bellingshausen Sea","name_en":"Bellingshausen Sea","name_zh":"别林斯高晋海","featurecla":"sea","scalerank":2,"min_label":4,"max_label":8.5,"label":"Bellingshausen Sea","wikidataid":"Q183455"}},{"type":"Feature","geometry":{"type":"Polygon","coordinates":[[[-114.624,-73.903],[-102.236,-72.009],[-102.314,-72.081],[-102.276,-72.124],[-102.485,-72.736],[-103.11,-72.721],[-103.375,-72.819],[-103.307,-72.946],[-103.076,-73.185],[-102.909,-73.285],[-102.675,-73.321],[-101.189,-73.318],[-100.436,-73.353],[-98.896,-73.611],[-99.541,-73.645],[-99.781,-73.72],[-100.718,-73.758],[-100.986,-73.757],[-101.587,-73.667],[-102.411,-73.617],[-102.799,-73.646],[-102.863,-73.784],[-102.767,-73.884],[-101.715,-74.024],[-101.587,-74.097],[-101.252,-74.486],[-100.882,-74.541],[-100.531,-74.489],[-100.238,-74.484],[-100.119,-74.515],[-100.013,-74.662],[-100.265,-74.823],[-100.473,-74.872],[-100.164,-74.938],[-99.849,-74.921],[-99.652,-74.949],[-99.208,-75.079],[-98.558,-75.19],[-98.646,-75.277],[-98.752,-75.317],[-99.531,-75.309],[-100.083,-75.37],[-100.463,-75.353],[-101.039,-75.422],[-101.304,-75.366],[-101.628,-75.222],[-101.708,-75.127],[-103.121,-75.095],[-103.901,-75.153],[-104.159,-75.121],[-104.618,-75.156],[-104.902,-75.115],[-106.619,-75.344],[-106.932,-75.309],[-107.267,-75.334],[-107.805,-75.322],[-108.255,-75.253],[-109.272,-75.185],[-111.104,-75.191],[-111.359,-75.22],[-111.463,-75.134],[-110.968,-74.951],[-110.532,-74.836],[-110.3,-74.711],[-110.23,-74.536],[-110.307,-74.367],[-110.534,-74.289],[-111.18,-74.188],[-111.63,-74.182],[-111.806,-74.27],[-111.722,-74.387],[-111.696,-74.504],[-111.789,-74.572],[-111.739,-74.653],[-111.584,-74.751],[-111.696,-74.792],[-114.11,-74.982],[-114.097,-74.909],[-113.985,-74.843],[-113.904,-74.644],[-113.333,-74.454],[-113.454,-74.394],[-113.641,-74.407],[-113.753,-74.367],[-113.714,-74.228],[-113.575,-74.208],[-113.489,-74.158],[-113.509,-74.089],[-114.346,-73.925],[-114.624,-73.903]],[[-104.881,-73.201],[-104.659,-73.212],[-104.538,-73.166],[-104.972,-72.941],[-105.132,-72.992],[-105.053,-73.126],[-104.881,-73.201]]]},"properties":{"name":"Amundsen Sea","name_en":"Amundsen Sea","name_zh":"阿蒙森海","featurecla":"sea","scalerank":2,"min_label":4,"max_label":8.5,"label":"Amundsen Sea","wikidataid":"Q72154"}},{"type":"Feature","geometry":{"type":"Polygon","coordinates":[[[-45.379,60.203],[-45.411,60.166],[-64.428,60.325],[-64.407,60.367],[-64.5,60.43],[-64.647,60.514],[-64.727,60.512],[-64.868,61.356],[-64.696,61.472],[-64.67,61.593],[-64.789,61.662],[-64.935,61.682],[-64.948,61.738],[-64.897,61.733],[-64.846,61.78],[-64.926,61.826],[-65.059,62.643],[-65.047,62.702],[-65.163,62.933],[-65.133,62.952],[-64.869,62.88],[-64.673,62.922],[-65.069,63.264],[-65.005,63.333],[-65.089,63.606],[-65.192,63.764],[-64.933,63.6],[-64.665,63.246],[-64.514,63.264],[-64.498,63.463],[-64.561,63.68],[-64.411,63.706],[-64.433,63.728],[-63.631,64.939],[-63.607,64.928],[-63.486,65.021],[-63.402,65.118],[-63.363,65.23],[-63.364,65.543],[-63.337,65.617],[-63.652,65.674],[-63.421,65.709],[-63.41,65.756],[-63.459,65.853],[-63.169,65.657],[-62.969,65.623],[-62.659,65.64],[-62.61,65.724],[-62.382,65.833],[-62.448,65.945],[-62.624,66.016],[-62.244,66.006],[-61.992,66.035],[-62.242,66.148],[-62.534,66.227],[-62.406,66.316],[-62.553,66.407],[-62.374,66.411],[-62.158,66.338],[-61.863,66.313],[-61.571,66.373],[-61.576,66.413],[-61.653,66.503],[-62.123,66.643],[-61.904,66.678],[-61.528,66.558],[-61.307,66.609],[-61.3,66.649],[-61.968,67.019],[-62.123,67.047],[-62.38,66.905],[-62.71,66.954],[-62.768,66.932],[-62.962,66.949],[-63.701,66.822],[-63.307,66.995],[-63.162,67.175],[-63.04,67.235],[-63.316,67.337],[-63.591,67.378],[-63.824,67.316],[-63.836,67.264],[-64.357,67.256],[-64.376,67.301],[-64.589,67.315],[-64.7,67.351],[-64.008,67.347],[-64.078,67.496],[-63.85,67.566],[-64.019,67.655],[-64.156,67.623],[-64.528,67.813],[-64.638,67.84],[-64.83,67.784],[-65.021,67.787],[-65.071,67.824],[-65.026,67.892],[-64.835,67.99],[-64.977,68.043],[-65.415,67.879],[-65.442,67.832],[-65.401,67.675],[-65.541,67.766],[-65.552,67.8],[-65.491,67.936],[-65.509,67.968],[-65.702,67.987],[-65.864,67.923],[-65.975,67.957],[-65.943,68.071],[-66.225,67.959],[-66.392,67.832],[-66.527,67.851],[-66.414,67.904],[-66.275,68.041],[-66.212,68.281],[-66.531,68.25],[-66.631,68.211],[-66.606,68.11],[-66.663,68.034],[-66.684,68.029],[-66.702,68.121],[-66.729,68.129],[-66.923,68.066],[-66.831,68.215],[-67.033,68.326],[-66.997,68.374],[-66.714,68.446],[-66.854,68.472],[-67.202,68.466],[-67.656,68.551],[-67.939,68.524],[-68.148,68.616],[-68.152,68.681],[-68.211,68.703],[-68.871,68.76],[-69.343,68.87],[-68.725,68.81],[-68.324,68.844],[-67.883,68.784],[-67.751,68.934],[-67.752,69.039],[-68.415,69.172],[-68.994,69.08],[-69.041,69.098],[-68.619,69.206],[-68.406,69.232],[-68.198,69.203],[-67.939,69.248],[-67.607,69.173],[-66.707,69.168],[-66.679,69.191],[-66.685,69.286],[-66.771,69.337],[-67.237,69.46],[-67.908,69.46],[-68.513,69.578],[-69.251,69.512],[-69.228,69.547],[-68.837,69.624],[-68.372,69.644],[-68.021,69.77],[-67.806,69.778],[-67.259,69.721],[-67.173,69.799],[-67.294,69.971],[-54.821,69.92],[-54.919,69.714],[-54.804,69.63],[-54.497,69.577],[-53.825,69.54],[-53.658,69.465],[-54.158,69.428],[-54.183,69.403],[-53.793,69.264],[-53.579,69.257],[-53.32,69.295],[-53.042,68.608],[-53.213,68.413],[-53.383,68.297],[-52.78,68.31],[-52.699,68.261],[-52.198,68.221],[-51.632,68.273],[-51.456,68.393],[-51.21,68.42],[-51.169,68.385],[-51.207,68.326],[-51.415,68.198],[-51.457,68.116],[-51.597,68.055],[-52.059,68.075],[-52.89,68.204],[-53.151,68.208],[-53.353,67.97],[-53.578,67.837],[-53.616,67.715],[-53.735,67.549],[-53.603,67.537],[-53.419,67.575],[-52.98,67.758],[-52.345,67.837],[-51.765,67.738],[-50.969,67.806],[-50.887,67.784],[-51.168,67.734],[-51.171,67.694],[-50.64,67.559],[-50.614,67.528],[-50.705,67.509],[-51.181,67.637],[-51.451,67.668],[-51.665,67.647],[-52.384,67.752],[-52.666,67.75],[-52.969,67.687],[-53.799,67.418],[-53.884,67.135],[-53.687,66.986],[-53.444,66.925],[-52.56,66.909],[-52.387,66.881],[-52.491,66.85],[-53.038,66.827],[-53.114,66.754],[-53.419,66.649],[-53.571,66.513],[-53.635,66.414],[-53.648,66.273],[-53.614,66.154],[-53.539,66.14],[-53.036,66.201],[-51.823,66.698],[-51.402,66.854],[-51.225,66.881],[-51.259,66.841],[-51.517,66.732],[-51.891,66.623],[-52.056,66.507],[-53.392,66.049],[-53.244,65.979],[-53.106,65.977],[-53.233,65.771],[-53.199,65.594],[-52.995,65.566],[-52.761,65.591],[-52.551,65.461],[-52.348,65.461],[-52.035,65.57],[-51.723,65.724],[-51.394,65.779],[-51.092,65.776],[-51.09,65.751],[-51.619,65.713],[-52.179,65.442],[-52.538,65.329],[-52.448,65.205],[-52.259,65.155],[-52.089,64.682],[-52.093,64.416],[-51.998,64.257],[-51.923,64.219],[-51.758,64.28],[-51.401,64.623],[-51.363,64.702],[-51.255,64.758],[-51.139,64.786],[-51.221,64.628],[-50.891,64.695],[-50.722,64.798],[-50.961,65.201],[-50.924,65.197],[-50.681,64.928],[-50.648,64.853],[-50.517,64.766],[-50.299,64.779],[-50.121,64.704],[-50.093,64.585],[-50.016,64.508],[-50.009,64.447],[-50.158,64.49],[-50.355,64.683],[-50.492,64.693],[-50.849,64.645],[-50.835,64.559],[-51.232,64.561],[-51.404,64.463],[-51.534,64.314],[-51.708,64.205],[-51.682,64.165],[-51.585,64.103],[-51.487,64.103],[-50.721,64.223],[-50.437,64.313],[-50.487,64.209],[-50.261,64.214],[-50.342,64.171],[-50.699,64.149],[-51.548,64.006],[-51.451,63.905],[-51.538,63.758],[-51.469,63.642],[-51.188,63.437],[-50.804,63.091],[-50.501,62.945],[-50.39,62.822],[-50.092,62.977],[-49.793,63.044],[-50.076,62.904],[-50.299,62.722],[-50.256,62.68],[-50.26,62.578],[-50.319,62.473],[-49.943,62.324],[-49.554,62.233],[-49.668,62.151],[-49.664,62.017],[-49.624,61.999],[-49.348,62.01],[-49.202,62.099],[-49.12,62.113],[-48.829,62.08],[-49.04,62.04],[-49.38,61.89],[-49.311,61.748],[-49.193,61.686],[-49.289,61.59],[-49.049,61.524],[-48.922,61.278],[-48.597,61.247],[-48.428,61.188],[-48.378,61.138],[-48.386,61.004],[-47.77,60.998],[-48.205,60.856],[-48.242,60.807],[-48.181,60.769],[-48.014,60.722],[-47.828,60.725],[-47.73,60.729],[-47.796,60.829],[-47.465,60.843],[-47.224,60.783],[-46.874,60.817],[-46.582,60.962],[-46.012,61.097],[-45.942,61.206],[-45.87,61.218],[-45.849,61.181],[-45.88,61.094],[-46.019,60.972],[-46.142,60.776],[-46.046,60.616],[-45.381,60.445],[-45.083,60.507],[-44.742,60.655],[-44.854,60.532],[-44.975,60.457],[-45.202,60.383],[-45.368,60.373],[-45.379,60.203]],[[-46.496,60.686],[-46.381,60.661],[-46.266,60.781],[-46.205,60.944],[-46.79,60.78],[-46.788,60.758],[-46.553,60.741],[-46.496,60.686]],[[-64.837,62.406],[-64.547,62.391],[-64.418,62.487],[-64.515,62.552],[-64.824,62.559],[-64.849,62.543],[-64.827,62.505],[-64.957,62.458],[-64.837,62.406]],[[-68.203,69.58],[-67.94,69.535],[-67.754,69.632],[-67.829,69.675],[-67.989,69.679],[-68.222,69.617],[-68.203,69.58]]]},"properties":{"name":"Davis Strait","name_en":"Davis Strait","name_zh":"戴维斯海峡","featurecla":"strait","scalerank":2,"min_label":4,"max_label":8.5,"label":"Davis Strait","wikidataid":"Q189262"}},{"type":"Feature","geometry":{"type":"Polygon","coordinates":[[[91.39,81.187],[95.16,81.281],[95.061,81.188],[94.838,81.139],[93.065,80.988],[92.71,80.872],[92.593,80.781],[93.263,80.791],[92.578,80.533],[91.897,80.477],[91.524,80.359],[91.638,80.27],[93.655,80.01],[93.872,80.01],[94.565,80.126],[97.263,80.264],[97.446,80.164],[96.416,80.104],[95.498,80.106],[95.281,80.031],[94.987,80.097],[94.719,80.011],[94.347,79.942],[94.257,79.83],[93.847,79.702],[93.404,79.632],[93.071,79.495],[93.272,79.458],[93.758,79.451],[94.219,79.403],[94.313,79.307],[94.482,79.218],[94.62,79.192],[94.652,79.127],[94.791,79.087],[95.133,79.05],[95.531,79.098],[95.703,79.012],[95.796,79.001],[96.347,79.016],[96.808,78.985],[96.933,78.934],[97.556,78.826],[98.411,78.788],[99.44,78.834],[99.93,78.961],[99.815,79.096],[99.517,79.13],[99.317,79.227],[99.042,79.293],[99.537,79.277],[99.681,79.323],[99.722,79.385],[99.706,79.463],[102.315,79.463],[102.316,79.431],[102.181,79.373],[102.177,79.313],[102.251,79.256],[102.005,79.264],[101.824,79.37],[101.762,79.372],[101.591,79.351],[101.543,79.254],[101.196,79.205],[101.052,79.123],[101.068,79.096],[101.031,79.023],[100.901,78.98],[100.865,78.926],[100.898,78.813],[100.956,78.789],[100.62,78.797],[100.416,78.753],[100.284,78.679],[100.257,78.574],[100.124,78.471],[100.019,78.339],[99.678,78.234],[99.545,78.179],[99.439,78.084],[99.287,78.038],[99.5,77.976],[100.005,77.969],[100.958,76.956],[100.906,76.901],[100.92,76.822],[101.1,76.704],[100.928,76.557],[101.684,76.485],[101.597,76.439],[101.061,76.477],[100.844,76.525],[100.322,76.479],[99.576,76.472],[98.87,76.51],[98.806,76.481],[99.617,76.24],[99.825,76.136],[99.851,75.93],[99.541,75.798],[99.442,75.803],[99.603,75.852],[99.77,76.029],[99.563,76.11],[98.662,76.243],[98.02,76.134],[97.918,76.089],[97.67,76.078],[97.638,76.029],[97.499,75.98],[97.351,76.033],[96.879,75.931],[96.497,75.891],[96.601,75.99],[96.509,76.005],[95.744,75.872],[95.653,75.892],[95.986,76.01],[96.076,76.082],[95.579,76.137],[95.038,76.114],[94.575,76.152],[94.507,76.108],[94.102,76.124],[93.648,76.054],[93.259,76.099],[93.105,76.026],[92.972,76.075],[92.859,75.979],[92.891,75.91],[92.986,75.903],[93.178,75.959],[93.406,75.901],[93.574,75.956],[93.687,75.922],[94.156,75.959],[94.075,75.913],[92.407,75.75],[91.845,75.724],[91.479,75.65],[91.005,75.65],[90.185,75.591],[89.595,75.458],[89.31,75.47],[88.733,75.369],[88.504,75.29],[87.671,75.13],[87.171,75.192],[87.006,75.17],[86.922,75.113],[86.939,75.068],[87.141,75.072],[87.468,75.013],[87.42,74.941],[86.863,74.718],[86.652,74.682],[86.201,74.816],[86.059,74.728],[85.881,74.74],[85.791,74.645],[86.426,74.586],[87.23,74.364],[86.898,74.325],[86.665,74.414],[86.396,74.45],[86.183,74.423],[86.001,74.316],[86.571,74.244],[86.697,74.196],[87.209,73.879],[87.571,73.811],[87.369,73.756],[87.12,73.615],[86.376,73.569],[86.092,73.519],[85.939,73.456],[85.91,73.39],[85.971,73.347],[86.715,73.126],[86.677,73.107],[85.818,73.327],[85.793,73.438],[85.827,73.493],[86.094,73.579],[86.366,73.62],[87.03,73.824],[86.893,73.887],[86.591,73.894],[85.611,73.821],[85.448,73.735],[85.201,73.721],[84.738,73.763],[83.544,73.666],[81.817,73.659],[80.583,73.569],[80.562,73.515],[80.596,73.474],[80.398,73.357],[79.19,73.131],[78.657,72.892],[78.341,72.512],[78.279,72.553],[77.579,72.631],[77.378,72.565],[77.149,72.439],[76.903,72.366],[76.871,72.317],[77.146,72.282],[77.633,72.291],[78.177,72.424],[78.114,72.39],[78.114,72.356],[77.733,72.229],[77.472,72.192],[77.411,72.108],[77.493,72.071],[77.781,72.114],[78.016,72.092],[78.141,72.045],[78.232,71.952],[78.187,71.907],[77.778,71.837],[77.551,71.842],[77.061,72.004],[76.872,72.033],[76.422,72.006],[76.032,71.911],[76.312,71.595],[76.434,71.552],[77.481,71.312],[77.908,71.324],[78.213,71.266],[78.387,71.087],[78.588,70.994],[78.804,70.973],[79.084,71.002],[78.942,70.934],[78.526,70.912],[78.321,70.931],[78.068,70.986],[77.59,71.168],[76.995,71.181],[76.929,71.128],[76.742,71.202],[76.11,71.218],[75.332,71.342],[75.28,71.43],[75.469,71.534],[75.503,71.654],[75.248,71.813],[75.274,71.959],[75.395,71.983],[75.55,72.171],[75.741,72.296],[75.592,72.457],[75.603,72.581],[75.369,72.796],[75.152,72.853],[74.942,72.854],[74.787,72.812],[74.676,72.887],[74.697,72.908],[74.647,72.969],[74.742,73.032],[74.961,73.063],[74.6,73.122],[74.198,73.109],[74.1,73.021],[74.309,72.941],[74.104,72.971],[72.766,72.729],[72.76,72.708],[72.446,72.79],[71.93,72.82],[71.5,72.914],[69.738,72.885],[69.645,72.898],[69.709,72.956],[69.694,72.977],[69.391,72.956],[69.039,72.67],[68.83,72.392],[68.608,72.013],[68.269,71.683],[67.542,71.412],[66.917,71.282],[66.768,71.14],[66.64,71.081],[66.693,71.042],[66.847,71.064],[66.666,70.9],[66.702,70.818],[66.823,70.797],[67.143,70.837],[67.285,70.739],[67.247,70.5],[67.147,70.22],[67.239,70.108],[67.069,70.006],[66.926,70.014],[66.803,69.74],[66.804,69.659],[66.897,69.554],[66.964,69.655],[67.065,69.693],[67.624,69.584],[68.006,69.48],[68.073,69.421],[68.118,69.236],[68.543,68.967],[68.763,68.918],[68.925,68.956],[69.141,68.95],[68.829,68.567],[68.504,68.348],[68.371,68.314],[68.157,68.404],[67.731,68.514],[67.64,68.58],[67.149,68.754],[67.003,68.874],[66.416,68.948],[65.813,69.077],[65.736,69.132],[65.032,69.27],[64.896,69.248],[64.928,69.325],[64.592,69.436],[64.19,69.535],[63.361,69.675],[62.631,69.743],[61.77,69.763],[61.016,69.852],[60.813,69.821],[60.559,69.692],[60.276,69.653],[60.265,69.7],[60.44,69.726],[60.477,69.794],[60.481,69.886],[60.451,69.935],[59.636,70.197],[59.048,70.461],[58.794,70.433],[58.678,70.36],[58.52,70.318],[58.477,70.271],[57.557,70.766],[56.895,70.927],[56.454,71.107],[55.819,71.507],[55.613,71.69],[55.471,71.869],[55.298,71.936],[55.375,72.015],[55.403,72.107],[55.518,72.221],[55.399,72.314],[55.359,72.409],[55.356,72.465],[55.417,72.501],[55.403,72.549],[55.617,72.599],[55.701,72.672],[55.724,72.766],[56.121,72.807],[56.193,72.905],[56.167,72.983],[56.189,73.033],[56.398,73.139],[56.429,73.201],[56.4,73.21],[56.489,73.299],[56.964,73.366],[57.134,73.504],[57.543,73.658],[57.464,73.746],[57.291,73.815],[57.313,73.838],[57.756,73.769],[57.845,73.805],[57.872,73.851],[57.767,74.014],[58.441,74.129],[58.618,74.227],[58.665,74.289],[58.502,74.464],[58.534,74.499],[58.928,74.463],[59.04,74.486],[59.146,74.552],[59.182,74.666],[59.24,74.693],[59.674,74.61],[59.772,74.664],[59.735,74.696],[59.747,74.746],[60.08,74.756],[60.501,74.905],[60.455,74.946],[60.241,74.971],[60.277,75.007],[60.719,75.069],[61.356,75.315],[61.616,75.32],[62.066,75.428],[63.659,75.669],[64.263,75.72],[67.127,76.108],[67.765,76.238],[68.165,76.285],[68.9,76.573],[68.858,76.611],[68.942,76.708],[68.92,76.767],[65.449,80.963],[65.363,81.014],[65.382,81.057],[65.361,81.068],[89.919,81.149],[89.976,81.113],[91.223,81.064],[91.567,81.141],[91.39,81.187]],[[96.878,76.355],[96.74,76.258],[96.755,76.196],[96.974,76.237],[97.053,76.303],[96.99,76.343],[96.878,76.355]],[[96.351,76.212],[96.589,76.221],[96.614,76.264],[96.271,76.305],[96.151,76.272],[95.786,76.294],[95.595,76.25],[95.38,76.289],[95.322,76.261],[95.311,76.215],[96.301,76.122],[96.351,76.212]],[[96.529,77.205],[95.421,77.056],[95.27,77.019],[95.681,77.021],[95.854,76.975],[96.21,76.992],[96.561,77.13],[96.529,77.205]],[[92.153,79.685],[92.926,79.705],[93.603,79.817],[93.803,79.905],[92.174,80.046],[91.426,80.049],[91.07,79.981],[91.126,79.905],[91.376,79.835],[92.153,79.685]],[[89.141,77.227],[89.515,77.189],[89.68,77.28],[89.616,77.311],[89.282,77.301],[89.141,77.227]],[[86.39,74.851],[86.927,74.831],[87.124,74.94],[87.0,74.992],[86.737,74.963],[86.606,74.993],[86.331,74.939],[86.259,74.894],[86.39,74.851]],[[82.818,74.092],[83.411,74.039],[83.619,74.089],[83.15,74.152],[82.903,74.129],[82.818,74.092]],[[81.912,75.498],[81.927,75.41],[81.712,75.451],[81.501,75.368],[81.655,75.289],[81.861,75.316],[81.905,75.263],[81.979,75.247],[82.05,75.341],[82.222,75.351],[82.172,75.42],[82.165,75.516],[81.912,75.498]],[[78.978,80.848],[79.098,80.812],[80.345,80.868],[80.428,80.928],[79.806,80.975],[79.217,80.96],[78.978,80.848]],[[76.649,79.494],[76.81,79.489],[77.589,79.502],[77.36,79.557],[76.467,79.643],[76.373,79.615],[76.148,79.665],[76.051,79.645],[76.154,79.579],[76.637,79.544],[76.649,79.494]],[[76.235,73.476],[76.659,73.439],[76.756,73.446],[76.25,73.555],[76.083,73.524],[76.235,73.476]],[[75.57,73.54],[75.375,73.477],[75.344,73.433],[75.827,73.459],[76.051,73.549],[75.93,73.574],[75.57,73.54]],[[71.023,73.504],[70.15,73.445],[69.996,73.359],[70.019,73.225],[69.92,73.084],[70.041,73.037],[70.38,73.048],[70.887,73.12],[71.626,73.174],[71.63,73.225],[71.59,73.283],[71.232,73.448],[71.023,73.504]]]},"properties":{"name":"Kara Sea","name_en":"Kara Sea","name_zh":"喀拉海","featurecla":"sea","scalerank":2,"min_label":4,"max_label":8.5,"label":"Kara Sea","wikidataid":"Q33629"}},{"type":"Feature","geometry":{"type":"Polygon","coordinates":[[[96.187,81.184],[96.197,81.267],[138.844,76.253],[138.843,76.199],[138.207,76.115],[137.977,76.028],[137.625,75.988],[137.501,75.91],[137.707,75.76],[137.359,75.781],[137.269,75.749],[137.215,75.554],[137.29,75.349],[136.982,75.366],[136.947,75.325],[136.962,75.27],[136.914,75.261],[136.245,73.992],[136.037,74.09],[135.628,74.22],[135.387,74.253],[135.402,74.202],[136.097,73.9],[132.662,71.919],[132.562,71.895],[132.228,71.643],[132.099,71.484],[132.003,71.35],[131.991,71.293],[132.035,71.244],[131.907,71.203],[131.562,70.901],[131.432,70.828],[131.157,70.742],[131.022,70.746],[130.898,70.804],[130.832,70.936],[130.757,70.962],[130.668,70.888],[130.537,70.893],[130.281,70.948],[130.026,71.066],[129.762,71.12],[129.134,71.593],[128.923,71.602],[128.843,71.664],[128.949,71.707],[129.234,71.745],[129.461,71.739],[129.21,71.917],[129.122,71.953],[129.154,71.879],[129.117,71.824],[128.911,71.755],[128.359,72.088],[127.842,72.308],[127.726,72.413],[127.803,72.434],[128.475,72.246],[128.935,72.079],[129.284,72.092],[129.41,72.166],[129.412,72.315],[129.281,72.438],[129.117,72.486],[128.55,72.496],[128.418,72.535],[128.815,72.586],[129.251,72.705],[129.229,72.776],[129.017,72.873],[128.599,72.895],[129.054,73.045],[129.1,73.112],[128.914,73.111],[128.872,73.139],[128.889,73.19],[128.587,73.263],[128.258,73.267],[128.281,73.33],[128.026,73.391],[127.955,73.446],[127.74,73.482],[127.031,73.547],[126.955,73.528],[126.839,73.434],[126.552,73.335],[126.293,73.394],[126.257,73.42],[126.345,73.506],[126.255,73.548],[125.598,73.447],[125.617,73.521],[124.796,73.712],[124.388,73.755],[124.019,73.712],[123.797,73.627],[123.491,73.666],[123.331,73.557],[118.937,73.475],[118.871,73.538],[118.45,73.59],[117.308,73.599],[116.496,73.676],[115.338,73.702],[114.816,73.607],[114.06,73.585],[113.857,73.534],[113.51,73.505],[113.539,73.434],[113.886,73.346],[113.559,73.232],[113.582,73.142],[113.543,73.054],[113.418,72.932],[113.215,72.806],[113.298,72.739],[113.712,72.654],[113.312,72.657],[113.186,72.73],[113.128,72.831],[113.369,72.942],[113.475,73.048],[113.491,73.346],[113.277,73.391],[113.157,73.459],[113.365,73.583],[113.416,73.647],[113.181,73.837],[113.033,73.914],[112.84,73.962],[112.775,74.096],[112.978,74.197],[113.19,74.24],[113.42,74.408],[113.611,75.292],[113.726,75.451],[113.356,75.534],[113.243,75.612],[113.161,75.621],[112.956,75.572],[112.73,75.738],[112.453,75.83],[112.629,75.835],[113.126,75.699],[113.392,75.678],[113.517,75.622],[113.486,75.564],[113.62,75.593],[113.871,75.856],[113.857,75.921],[113.564,75.892],[113.428,76.112],[113.272,76.252],[112.988,76.24],[113.15,76.175],[113.047,76.114],[112.656,76.053],[112.798,76.13],[112.684,76.219],[112.62,76.384],[112.297,76.434],[111.943,76.381],[112.094,76.481],[111.786,76.603],[111.392,76.687],[110.472,76.758],[109.981,76.712],[109.369,76.749],[108.639,76.72],[108.181,76.738],[108.028,76.719],[107.95,76.66],[107.902,76.57],[107.722,76.522],[107.158,76.524],[106.825,76.48],[106.683,76.515],[106.413,76.512],[106.385,76.59],[106.639,76.574],[107.43,76.927],[107.279,76.991],[106.942,77.035],[106.705,77.014],[106.145,77.045],[105.822,76.997],[105.712,77.001],[105.646,77.101],[104.203,77.102],[105.385,77.238],[105.734,77.352],[106.059,77.391],[105.815,77.504],[105.824,77.549],[105.401,78.555],[105.337,78.575],[105.31,78.666],[105.146,78.819],[104.881,78.855],[104.633,78.835],[104.452,78.88],[104.477,78.923],[104.449,78.964],[104.091,79.013],[103.926,79.123],[103.673,79.15],[102.951,79.056],[102.587,78.871],[102.412,78.835],[102.885,79.254],[103.098,79.299],[102.79,79.392],[102.316,79.431],[102.315,79.463],[99.706,79.463],[99.806,79.653],[99.916,79.739],[100.061,79.777],[99.818,79.898],[99.536,79.941],[99.295,80.016],[98.532,80.043],[98.472,80.009],[98.499,79.953],[98.353,79.884],[98.065,79.901],[97.651,79.761],[97.591,79.775],[97.627,79.85],[97.76,79.896],[97.808,79.956],[98.018,80.023],[97.903,80.095],[97.674,80.158],[97.446,80.164],[97.269,80.239],[97.263,80.264],[97.417,80.323],[97.287,80.342],[97.115,80.496],[97.025,80.536],[97.113,80.614],[97.221,80.652],[97.856,80.698],[97.87,80.763],[97.703,80.827],[97.414,80.842],[96.755,80.958],[96.563,81.03],[96.471,81.099],[96.187,81.184]],[[135.593,75.577],[135.473,75.463],[135.452,75.389],[135.949,75.409],[136.02,75.439],[135.965,75.486],[135.983,75.522],[136.169,75.606],[135.905,75.694],[135.699,75.845],[135.578,75.71],[135.562,75.636],[135.593,75.577]],[[112.633,76.553],[112.394,76.644],[112.281,76.618],[111.969,76.626],[112.532,76.45],[112.661,76.51],[112.633,76.553]],[[107.573,78.185],[106.583,78.168],[106.416,78.14],[107.344,78.099],[107.482,78.058],[107.696,78.131],[107.573,78.185]],[[107.593,77.33],[107.366,77.347],[107.27,77.289],[107.302,77.241],[107.679,77.268],[107.593,77.33]],[[106.64,78.336],[106.457,78.34],[106.35,78.273],[106.058,78.265],[106.023,78.22],[106.271,78.206],[106.505,78.262],[106.719,78.265],[106.72,78.294],[106.64,78.336]]]},"properties":{"name":"Laptev Sea","name_en":"Laptev Sea","name_zh":"拉普捷夫海","featurecla":"sea","scalerank":2,"min_label":4,"max_label":8.5,"label":"Laptev Sea","wikidataid":"Q7988"}},{"type":"Feature","geometry":{"type":"MultiPolygon","coordinates":[[[[-59.661,-62.354],[-59.62,-62.394],[-59.62,-62.394],[-59.661,-62.354]]],[[[-63.676,-64.362],[-63.683,-64.343],[-63.676,-64.362],[-63.676,-64.362]]],[[[-63.916,-64.457],[-63.786,-64.438],[-63.786,-64.438],[-63.916,-64.457]]],[[[-64.171,-64.582],[-63.904,-64.518],[-63.904,-64.518],[-64.171,-64.582]]],[[[-65.637,-65.548],[-65.654,-65.59],[-65.654,-65.59],[-65.637,-65.548]]],[[[-67.262,-55.744],[-67.303,-55.697],[-67.303,-55.697],[-67.262,-55.744]]],[[[-68.049,-66.697],[-67.937,-66.657],[-68.049,-66.697],[-68.049,-66.697]]]]},"properties":{"name":"Drake Passage","name_en":"Drake Passage","name_zh":"德雷克海峡","featurecla":"channel","scalerank":2,"min_label":4,"max_label":8.5,"label":null,"wikidataid":"Q143650"}},{"type":"Feature","geometry":{"type":"Polygon","coordinates":[[[145.989,-43.417],[118.047,-35.06],[118.036,-35.007],[118.136,-34.987],[118.895,-34.48],[119.248,-34.457],[119.451,-34.368],[119.635,-34.101],[119.854,-33.975],[120.209,-33.935],[120.418,-33.963],[120.815,-33.871],[121.405,-33.827],[122.061,-33.875],[122.151,-33.992],[122.777,-33.891],[123.067,-33.9],[123.208,-33.988],[123.365,-33.905],[123.507,-33.916],[123.651,-33.836],[123.869,-33.596],[124.126,-33.13],[124.244,-33.015],[124.373,-32.959],[124.759,-32.883],[125.267,-32.615],[125.568,-32.506],[125.917,-32.297],[126.137,-32.257],[126.779,-32.311],[127.32,-32.264],[128.067,-32.066],[128.946,-31.703],[130.13,-31.579],[130.783,-31.604],[131.143,-31.496],[131.393,-31.548],[131.721,-31.697],[132.215,-32.007],[132.324,-32.02],[132.648,-31.949],[132.757,-31.956],[133.212,-32.184],[133.666,-32.207],[133.787,-32.269],[133.93,-32.412],[134.234,-32.548],[134.227,-32.731],[134.1,-32.748],[134.174,-32.979],[134.301,-33.165],[134.608,-33.19],[134.719,-33.255],[134.847,-33.445],[134.889,-33.626],[135.219,-33.96],[135.45,-34.581],[135.379,-34.597],[135.217,-34.487],[135.13,-34.537],[135.123,-34.586],[135.231,-34.58],[135.481,-34.758],[135.648,-34.94],[135.669,-34.927],[136.589,-35.935],[136.755,-36.033],[137.148,-36.039],[137.209,-35.982],[137.382,-36.021],[137.448,-36.075],[137.59,-36.027],[137.622,-35.938],[137.671,-35.898],[137.835,-35.868],[138.067,-35.901],[138.124,-35.853],[138.054,-35.764],[138.218,-35.618],[138.522,-35.642],[138.771,-35.538],[138.875,-35.537],[138.915,-35.489],[139.193,-35.347],[139.283,-35.375],[139.325,-35.427],[139.292,-35.486],[139.29,-35.611],[139.231,-35.598],[139.178,-35.523],[139.112,-35.542],[139.067,-35.599],[138.969,-35.581],[139.038,-35.689],[139.245,-35.827],[139.549,-36.097],[139.729,-36.371],[139.857,-36.662],[139.738,-37.06],[139.784,-37.246],[140.212,-37.642],[140.39,-37.897],[140.627,-38.029],[141.011,-38.077],[141.214,-38.172],[141.424,-38.363],[141.594,-38.388],[141.725,-38.271],[141.925,-38.284],[142.188,-38.399],[142.456,-38.386],[142.84,-38.581],[143.083,-38.646],[143.226,-38.743],[143.554,-38.815],[143.95,-39.584],[143.939,-39.658],[143.862,-39.738],[143.839,-39.904],[143.887,-39.984],[143.899,-40.12],[143.987,-40.095],[144.708,-40.636],[144.71,-40.783],[144.646,-40.981],[144.778,-41.419],[145.055,-41.827],[145.238,-42.02],[145.259,-42.107],[145.235,-42.197],[145.294,-42.191],[145.331,-42.147],[145.36,-42.227],[145.527,-42.388],[145.468,-42.493],[145.373,-42.339],[145.199,-42.231],[145.268,-42.544],[145.488,-42.926],[145.61,-42.998],[145.803,-43.244],[145.873,-43.292],[146.177,-43.302],[146.226,-43.355],[145.995,-43.376],[145.989,-43.417]]]},"properties":{"name":"Great Australian Bight","name_en":"Great Australian Bight","name_zh":"大澳洲湾","featurecla":"gulf","scalerank":3,"min_label":5,"max_label":9.5,"label":"Great Australian Bight","wikidataid":"Q186733"}},{"type":"Feature","geometry":{"type":"Polygon","coordinates":[[[51.261,15.209],[51.267,11.831],[50.792,11.984],[50.636,11.944],[50.466,11.727],[50.11,11.53],[49.642,11.451],[49.388,11.343],[49.062,11.271],[48.903,11.255],[48.674,11.323],[48.572,11.321],[48.019,11.14],[47.712,11.112],[47.405,11.174],[47.23,11.1],[46.973,10.925],[46.565,10.746],[46.46,10.734],[45.816,10.836],[45.338,10.65],[44.943,10.437],[44.387,10.43],[44.279,10.472],[43.853,10.784],[43.631,11.035],[43.441,11.346],[43.162,11.566],[42.911,11.587],[42.54,11.504],[42.522,11.572],[42.64,11.56],[42.799,11.74],[43.048,11.829],[43.337,12.027],[43.41,12.19],[43.3,12.461],[43.489,12.7],[43.634,12.744],[44.006,12.607],[44.359,12.669],[44.618,12.817],[44.755,12.764],[45.039,12.816],[45.164,12.999],[45.394,13.067],[45.657,13.339],[45.92,13.394],[46.502,13.415],[46.789,13.466],[46.976,13.547],[47.408,13.662],[47.634,13.858],[47.99,14.048],[48.278,13.998],[48.668,14.05],[48.928,14.267],[49.048,14.456],[49.35,14.638],[49.906,14.828],[50.167,14.851],[50.527,15.038],[51.261,15.209]]]},"properties":{"name":"Gulf of Aden","name_en":"Gulf of Aden","name_zh":"亚丁湾","featurecla":"gulf","scalerank":3,"min_label":5,"max_label":9.5,"label":"Gulf of Aden","wikidataid":"Q41837"}},{"type":"Feature","geometry":{"type":"Polygon","coordinates":[[[61.406,25.104],[59.831,22.462],[59.824,22.509],[59.535,22.579],[59.429,22.661],[59.195,22.972],[59.03,23.13],[58.773,23.517],[58.578,23.643],[58.324,23.624],[58.121,23.717],[57.611,23.804],[57.22,23.923],[56.913,24.15],[56.641,24.47],[56.49,24.716],[56.373,25.019],[56.363,25.569],[56.298,25.651],[56.374,25.804],[56.425,26.278],[57.204,26.1],[57.206,26.037],[57.335,25.792],[57.733,25.725],[57.796,25.653],[57.936,25.692],[58.203,25.592],[58.531,25.593],[58.798,25.555],[59.046,25.418],[59.456,25.482],[59.616,25.403],[59.818,25.401],[59.897,25.362],[60.025,25.384],[60.4,25.312],[60.51,25.437],[60.588,25.413],[60.664,25.282],[61.406,25.104]]]},"properties":{"name":"Gulf of Oman","name_en":"Gulf of Oman","name_zh":"阿曼灣","featurecla":"gulf","scalerank":3,"min_label":5,"max_label":9.5,"label":"Gulf of Oman","wikidataid":"Q79948"}},{"type":"Feature","geometry":{"type":"Polygon","coordinates":[[[12.475,37.744],[12.453,37.73],[8.902,38.926],[9.022,39.043],[9.056,39.239],[9.149,39.197],[9.264,39.217],[9.487,39.139],[9.563,39.166],[9.617,39.354],[9.707,40.017],[9.643,40.269],[9.783,40.442],[9.794,40.556],[9.682,40.818],[9.554,40.932],[9.616,41.017],[9.539,41.054],[9.455,41.15],[9.202,41.249],[9.187,41.387],[9.374,41.679],[9.401,41.926],[9.551,42.13],[9.526,42.552],[9.454,42.659],[9.48,42.805],[9.463,42.981],[9.384,43.021],[9.765,44.093],[10.047,44.02],[10.188,43.947],[10.246,43.852],[10.32,43.513],[10.447,43.371],[10.521,43.204],[10.515,42.967],[10.708,42.936],[10.803,42.804],[10.938,42.739],[11.168,42.535],[11.185,42.457],[11.103,42.416],[11.141,42.39],[11.296,42.423],[11.638,42.287],[11.807,42.082],[12.075,41.941],[12.631,41.47],[12.849,41.409],[13.089,41.244],[13.247,41.289],[13.555,41.232],[13.67,41.254],[13.734,41.235],[13.86,41.13],[14.047,40.87],[14.044,40.812],[14.309,40.813],[14.461,40.729],[14.34,40.599],[14.766,40.669],[14.84,40.63],[14.947,40.469],[14.986,40.378],[14.929,40.309],[14.951,40.239],[15.295,40.07],[15.585,40.053],[15.693,39.99],[15.855,39.627],[16.024,39.354],[16.107,39.024],[16.21,38.941],[16.197,38.759],[15.972,38.713],[15.927,38.672],[15.879,38.614],[15.905,38.484],[15.822,38.303],[15.69,38.248],[15.499,38.291],[15.119,38.153],[14.79,38.167],[14.506,38.046],[14.288,38.017],[14.05,38.041],[13.789,37.981],[13.682,38.001],[13.291,38.192],[13.16,38.191],[13.057,38.131],[13.049,38.084],[12.903,38.035],[12.735,38.183],[12.664,38.108],[12.548,38.053],[12.436,37.82],[12.475,37.744]]]},"properties":{"name":"Tyrrhenian Sea","name_en":"Tyrrhenian Sea","name_zh":"第勒尼安海","featurecla":"sea","scalerank":3,"min_label":5,"max_label":9.5,"label":"Tyrrhenian Sea","wikidataid":"Q38882"}},{"type":"Feature","geometry":{"type":"Polygon","coordinates":[[[38.977,68.275],[38.991,68.315],[43.277,68.633],[43.333,68.673],[43.404,68.609],[44.169,68.327],[44.226,68.155],[44.225,67.996],[44.036,67.67],[43.856,67.439],[43.782,67.254],[43.855,67.189],[44.074,67.167],[44.292,67.099],[44.404,67.004],[44.489,66.672],[44.22,66.407],[44.097,66.235],[44.145,66.113],[44.105,66.009],[43.844,66.142],[43.737,66.159],[43.542,66.124],[43.551,66.173],[43.653,66.251],[43.551,66.321],[43.233,66.416],[42.602,66.423],[42.451,66.482],[42.211,66.519],[42.084,66.466],[41.781,66.259],[41.476,66.124],[41.076,66.021],[40.691,65.963],[40.328,65.752],[39.817,65.598],[39.749,65.448],[39.798,65.35],[40.143,65.063],[40.281,64.998],[40.445,64.779],[40.408,64.755],[40.058,64.771],[39.849,64.691],[39.758,64.577],[39.568,64.571],[39.054,64.714],[38.541,64.791],[38.412,64.857],[38.01,64.879],[37.528,65.108],[37.141,65.194],[36.883,65.172],[36.786,64.987],[36.653,64.936],[36.534,64.939],[36.528,64.847],[36.579,64.791],[37.184,64.409],[37.43,64.374],[37.741,64.397],[37.954,64.32],[37.977,64.207],[38.062,64.091],[38.071,64.026],[37.968,63.949],[37.636,63.893],[37.442,63.813],[36.365,64.003],[36.146,64.189],[35.647,64.378],[35.432,64.347],[35.035,64.44],[34.87,64.56],[34.858,64.707],[34.952,64.756],[34.833,64.8],[34.803,64.986],[34.671,65.168],[34.407,65.396],[34.616,65.51],[34.777,65.768],[34.786,65.864],[34.692,65.952],[34.4,66.128],[34.113,66.225],[33.36,66.33],[33.593,66.385],[33.656,66.443],[33.218,66.532],[33.183,66.574],[33.224,66.604],[33.18,66.68],[32.862,66.722],[32.857,66.747],[32.463,66.916],[32.501,67.004],[32.202,67.113],[31.895,67.161],[32.4,67.153],[32.93,67.087],[32.848,67.022],[33.15,66.844],[33.482,66.764],[33.595,66.785],[33.894,66.707],[34.146,66.703],[34.452,66.651],[34.396,66.613],[34.483,66.55],[34.825,66.611],[35.514,66.396],[36.373,66.303],[36.984,66.272],[37.295,66.225],[37.628,66.129],[38.398,66.064],[39.289,66.132],[40.104,66.3],[40.522,66.446],[41.189,66.826],[41.276,66.914],[41.359,67.209],[41.134,67.267],[41.134,67.386],[41.061,67.444],[40.967,67.713],[40.381,67.832],[39.809,68.151],[39.746,68.162],[39.823,68.059],[39.569,68.072],[38.977,68.275]],[[35.729,65.198],[35.529,65.151],[35.559,65.093],[35.68,65.057],[35.779,64.976],[35.842,65.001],[35.849,65.143],[35.816,65.182],[35.729,65.198]]]},"properties":{"name":"White Sea","name_en":"White Sea","name_zh":"白海","featurecla":"sea","scalerank":3,"min_label":5,"max_label":9.5,"label":"White Sea","wikidataid":"Q44133"}},{"type":"Feature","geometry":{"type":"Polygon","coordinates":[[[36.721,45.372],[36.29,45.457],[36.171,45.453],[36.013,45.372],[35.834,45.401],[35.558,45.311],[35.458,45.316],[35.26,45.447],[35.023,45.701],[34.857,45.987],[34.849,46.19],[35.064,46.267],[35.23,46.441],[35.292,46.371],[35.28,46.279],[35.015,46.106],[35.133,46.126],[35.257,46.204],[35.4,46.382],[35.827,46.624],[36.025,46.667],[36.279,46.659],[36.559,46.763],[36.689,46.764],[36.795,46.714],[37.048,46.876],[37.34,46.917],[37.543,47.075],[38.178,47.08],[38.485,47.175],[38.577,47.239],[38.762,47.262],[38.553,47.15],[38.668,47.144],[38.928,47.176],[39.024,47.272],[39.196,47.269],[39.293,47.106],[39.271,47.044],[38.439,46.813],[38.501,46.664],[38.23,46.701],[37.968,46.618],[37.767,46.636],[37.914,46.406],[38.078,46.394],[38.492,46.09],[38.184,46.095],[38.08,45.935],[38.074,46.017],[38.014,46.048],[37.933,46.002],[37.841,45.799],[37.669,45.654],[37.612,45.564],[37.61,45.499],[37.672,45.488],[37.647,45.377],[37.264,45.311],[37.214,45.272],[36.866,45.427],[36.721,45.372]]]},"properties":{"name":"Sea of Azov","name_en":"Sea of Azov","name_zh":"亞速海","featurecla":"sea","scalerank":5,"min_label":6,"max_label":10,"label":"Sea of Azov","wikidataid":"Q35000"}},{"type":"Feature","geometry":{"type":"Polygon","coordinates":[[[-82.223,54.833],[-79.652,54.701],[-79.714,54.655],[-79.598,54.602],[-79.43,54.336],[-79.295,54.217],[-79.139,54.157],[-79.242,54.099],[-79.01,54.024],[-78.996,54.003],[-79.075,53.932],[-78.946,53.832],[-79.04,53.818],[-79.113,53.717],[-79.1,53.656],[-78.992,53.41],[-78.898,53.043],[-78.722,52.856],[-78.766,52.76],[-78.744,52.655],[-78.557,52.492],[-78.526,52.311],[-78.448,52.262],[-78.537,52.213],[-78.702,52.032],[-78.828,51.963],[-78.928,51.799],[-78.982,51.775],[-78.978,51.734],[-78.731,51.498],[-78.858,51.384],[-78.903,51.2],[-79.04,51.464],[-79.264,51.552],[-79.297,51.623],[-79.498,51.57],[-79.689,51.347],[-79.737,51.186],[-79.715,51.118],[-79.453,50.918],[-79.348,50.762],[-79.836,51.173],[-80.104,51.283],[-80.368,51.33],[-80.478,51.308],[-80.851,51.125],[-80.673,51.265],[-80.443,51.388],[-80.496,51.525],[-80.658,51.758],[-80.969,51.972],[-81.285,52.089],[-81.466,52.204],[-81.55,52.237],[-81.828,52.224],[-81.612,52.324],[-81.571,52.367],[-81.599,52.433],[-82.02,52.811],[-82.26,52.961],[-82.292,53.03],[-82.26,53.16],[-82.159,53.264],[-82.146,53.364],[-82.191,53.611],[-82.141,53.818],[-82.24,54.045],[-82.394,54.18],[-82.424,54.244],[-82.418,54.356],[-82.223,54.833]],[[-79.52,51.953],[-79.352,51.968],[-79.271,52.087],[-79.335,52.098],[-79.644,52.01],[-79.52,51.953]],[[-81.01,52.761],[-80.732,52.747],[-80.71,52.832],[-80.766,52.923],[-81.135,53.206],[-81.335,53.224],[-81.847,53.186],[-82.039,53.05],[-82.005,53.01],[-81.839,52.958],[-81.01,52.761]]]},"properties":{"name":"James Bay","name_en":"James Bay","name_zh":"詹姆斯湾","featurecla":"bay","scalerank":3,"min_label":5,"max_label":9.5,"label":"James Bay","wikidataid":"Q223810"}},{"type":"Feature","geometry":{"type":"Polygon","coordinates":[[[136.855,-12.226],[141.743,-12.226],[141.689,-12.351],[141.678,-12.491],[141.852,-12.579],[141.93,-12.74],[141.921,-12.803],[141.782,-12.779],[141.614,-12.943],[141.645,-13.259],[141.472,-13.797],[141.481,-13.927],[141.594,-14.153],[141.523,-14.47],[141.625,-15.057],[141.452,-15.605],[141.393,-15.905],[141.412,-16.07],[141.291,-16.463],[141.219,-16.646],[140.966,-17.015],[140.83,-17.414],[140.511,-17.624],[140.21,-17.704],[140.036,-17.703],[139.894,-17.611],[139.689,-17.541],[139.44,-17.38],[139.248,-17.329],[139.154,-17.168],[139.111,-17.014],[139.01,-16.899],[138.82,-16.861],[138.626,-16.778],[138.506,-16.789],[138.245,-16.718],[137.913,-16.477],[137.704,-16.233],[137.299,-16.067],[137.002,-15.878],[136.784,-15.894],[136.698,-15.835],[136.705,-15.686],[136.644,-15.675],[136.584,-15.707],[136.291,-15.57],[136.206,-15.403],[135.531,-15.0],[135.453,-14.923],[135.405,-14.758],[135.745,-14.286],[135.883,-14.153],[135.955,-13.935],[135.99,-13.81],[135.929,-13.622],[135.927,-13.304],[136.294,-13.138],[136.412,-13.236],[136.461,-13.225],[136.594,-13.004],[136.518,-12.833],[136.537,-12.784],[136.947,-12.35],[136.898,-12.244],[136.855,-12.226]],[[139.162,-16.626],[139.16,-16.742],[139.354,-16.697],[139.392,-16.649],[139.431,-16.661],[139.56,-16.53],[139.697,-16.515],[139.588,-16.395],[139.293,-16.467],[139.162,-16.626]],[[136.656,-13.676],[136.425,-13.865],[136.428,-14.127],[136.336,-14.212],[136.649,-14.281],[136.895,-14.293],[136.951,-14.184],[136.886,-14.197],[136.787,-14.158],[136.745,-14.073],[136.788,-13.946],[136.906,-13.827],[136.891,-13.787],[136.845,-13.751],[136.805,-13.842],[136.758,-13.846],[136.715,-13.804],[136.702,-13.682],[136.656,-13.676]]]},"properties":{"name":"Gulf of Carpentaria","name_en":"Gulf of Carpentaria","name_zh":"卡奔塔利亚湾","featurecla":"gulf","scalerank":3,"min_label":5,"max_label":9.5,"label":"Gulf of Carpentaria","wikidataid":"Q180844"}},{"type":"Feature","geometry":{"type":"Polygon","coordinates":[[[-106.922,23.864],[-106.98,23.82],[-109.447,23.265],[-109.421,23.48],[-109.51,23.598],[-109.677,23.662],[-109.71,23.804],[-110.023,24.174],[-110.263,24.344],[-110.325,24.306],[-110.297,24.195],[-110.368,24.1],[-110.422,24.183],[-110.547,24.214],[-110.659,24.342],[-110.734,24.59],[-110.677,24.788],[-110.687,24.868],[-110.756,24.995],[-110.894,25.144],[-111.034,25.527],[-111.15,25.573],[-111.292,25.79],[-111.33,25.931],[-111.332,26.126],[-111.465,26.409],[-111.47,26.507],[-111.546,26.579],[-111.57,26.708],[-111.795,26.88],[-111.822,26.865],[-111.817,26.756],[-111.7,26.581],[-111.754,26.573],[-111.863,26.679],[-111.883,26.84],[-112.009,26.967],[-112.004,27.079],[-112.192,27.187],[-112.283,27.347],[-112.329,27.524],[-112.553,27.657],[-112.734,27.826],[-112.749,27.995],[-112.808,28.092],[-112.795,28.207],[-112.868,28.292],[-112.871,28.424],[-113.094,28.512],[-113.206,28.799],[-113.321,28.813],[-113.382,28.947],[-113.5,28.927],[-113.545,29.102],[-113.755,29.367],[-114.179,29.734],[-114.372,29.83],[-114.404,29.896],[-114.551,30.022],[-114.63,30.156],[-114.633,30.507],[-114.761,30.959],[-114.882,31.156],[-114.848,31.538],[-114.79,31.647],[-114.84,31.799],[-114.934,31.901],[-114.549,31.734],[-114.149,31.507],[-114.002,31.525],[-113.948,31.629],[-113.76,31.558],[-113.633,31.467],[-113.624,31.346],[-113.231,31.256],[-113.047,31.179],[-113.043,31.087],[-113.073,31.061],[-113.108,31.077],[-113.119,31.048],[-113.087,30.938],[-113.11,30.793],[-113.058,30.651],[-112.825,30.3],[-112.738,29.985],[-112.573,29.72],[-112.414,29.537],[-112.378,29.348],[-112.223,29.269],[-112.162,29.019],[-111.941,28.823],[-111.68,28.47],[-111.471,28.384],[-111.283,28.115],[-111.121,27.967],[-110.921,27.889],[-110.759,27.915],[-110.53,27.864],[-110.615,27.654],[-110.561,27.45],[-110.478,27.323],[-110.277,27.162],[-109.944,27.079],[-109.891,26.883],[-109.755,26.703],[-109.483,26.71],[-109.276,26.534],[-109.216,26.355],[-109.117,26.253],[-109.2,26.305],[-109.426,26.032],[-109.385,25.727],[-109.305,25.633],[-109.197,25.593],[-109.084,25.615],[-108.886,25.733],[-108.885,25.696],[-108.973,25.588],[-109.069,25.551],[-109.029,25.48],[-108.787,25.538],[-108.751,25.424],[-108.697,25.383],[-108.374,25.194],[-108.051,25.067],[-108.036,25.035],[-108.14,25.019],[-108.281,25.081],[-108.015,24.784],[-108.009,24.694],[-107.951,24.615],[-107.817,24.539],[-107.512,24.489],[-107.494,24.369],[-107.527,24.36],[-107.765,24.472],[-107.085,24.016],[-106.922,23.864]],[[-112.203,29.005],[-112.285,29.24],[-112.47,29.168],[-112.531,28.894],[-112.514,28.848],[-112.355,28.773],[-112.278,28.769],[-112.203,29.005]],[[-113.163,29.035],[-113.202,29.302],[-113.374,29.339],[-113.416,29.486],[-113.508,29.56],[-113.587,29.573],[-113.581,29.413],[-113.497,29.307],[-113.163,29.035]]]},"properties":{"name":"Golfo de California","name_en":"Gulf of California","name_zh":"加利福尼亚湾","featurecla":"gulf","scalerank":3,"min_label":5,"max_label":9.5,"label":"Golfo de California","wikidataid":"Q132811"}},{"type":"Feature","geometry":{"type":"Polygon","coordinates":[[[-78.129,62.289],[-80.971,63.447],[-80.979,63.473],[-78.167,64.611],[-78.045,64.499],[-77.791,64.367],[-76.856,64.238],[-76.724,64.242],[-76.562,64.302],[-76.407,64.303],[-76.118,64.376],[-75.766,64.392],[-75.715,64.525],[-75.488,64.541],[-75.067,64.457],[-74.695,64.496],[-74.64,64.557],[-74.919,64.765],[-74.916,64.792],[-74.681,64.831],[-74.634,64.824],[-74.461,64.645],[-74.13,64.608],[-74.099,64.444],[-74.065,64.425],[-73.95,64.466],[-73.91,64.578],[-73.729,64.568],[-73.627,64.602],[-73.271,64.583],[-73.455,64.399],[-73.27,64.333],[-72.913,64.117],[-72.678,64.02],[-72.498,63.823],[-72.159,63.89],[-72.29,63.728],[-71.837,63.725],[-71.725,63.706],[-71.514,63.586],[-71.381,63.58],[-71.456,63.512],[-71.614,63.444],[-71.992,63.416],[-71.501,63.126],[-71.254,63.042],[-70.946,63.121],[-71.106,63.002],[-70.236,62.763],[-69.8,62.79],[-69.605,62.768],[-69.366,62.572],[-69.125,62.424],[-68.536,62.255],[-67.44,62.151],[-66.257,61.868],[-66.059,61.914],[-66.056,61.968],[-66.133,62.103],[-66.004,62.158],[-65.5,62.835],[-65.18,62.65],[-65.059,62.643],[-64.926,61.826],[-64.96,61.872],[-65.031,61.879],[-65.125,61.942],[-65.236,61.898],[-65.166,61.798],[-64.948,61.738],[-64.935,61.682],[-65.332,61.668],[-65.432,61.65],[-65.427,61.611],[-65.394,61.563],[-64.868,61.356],[-64.727,60.512],[-64.837,60.501],[-64.81,60.411],[-64.825,60.325],[-64.885,60.289],[-67.835,60.412],[-67.819,60.449],[-67.848,60.489],[-67.978,60.571],[-68.088,60.588],[-68.205,60.49],[-69.412,60.839],[-69.398,60.883],[-69.472,61.011],[-69.557,61.06],[-69.624,61.049],[-69.709,60.915],[-69.992,60.856],[-70.095,60.88],[-70.146,60.922],[-70.158,61.021],[-70.279,61.069],[-70.723,61.055],[-71.035,61.126],[-71.423,61.159],[-71.743,61.337],[-71.732,61.372],[-71.645,61.413],[-71.854,61.44],[-71.756,61.527],[-71.619,61.573],[-71.605,61.592],[-71.638,61.617],[-71.866,61.689],[-72.023,61.612],[-72.216,61.587],[-72.247,61.602],[-72.082,61.642],[-72.04,61.68],[-72.226,61.832],[-72.506,61.923],[-72.771,61.841],[-72.632,62.027],[-72.687,62.125],[-72.882,62.125],[-73.299,62.325],[-73.705,62.473],[-74.646,62.211],[-74.69,62.183],[-74.613,62.125],[-74.632,62.116],[-75.023,62.264],[-75.341,62.312],[-75.79,62.18],[-75.809,62.194],[-75.675,62.25],[-75.817,62.316],[-76.879,62.525],[-77.373,62.572],[-77.604,62.531],[-77.9,62.426],[-78.068,62.355],[-78.129,62.289]],[[-70.443,62.734],[-70.835,62.84],[-71.22,62.874],[-71.137,62.816],[-70.986,62.788],[-70.851,62.704],[-70.838,62.648],[-70.766,62.597],[-70.407,62.545],[-70.269,62.578],[-70.443,62.734]],[[-74.501,62.726],[-74.627,62.713],[-74.254,62.622],[-74.054,62.609],[-73.988,62.636],[-74.109,62.68],[-74.501,62.726]],[[-77.057,63.45],[-76.783,63.384],[-76.678,63.394],[-76.652,63.504],[-76.763,63.574],[-77.134,63.682],[-77.365,63.588],[-77.057,63.45]],[[-77.539,63.287],[-77.704,63.431],[-77.792,63.428],[-77.934,63.479],[-78.235,63.489],[-78.508,63.451],[-78.537,63.424],[-78.256,63.24],[-77.942,63.114],[-77.594,63.188],[-77.533,63.234],[-77.539,63.287]]]},"properties":{"name":"Hudson Strait","name_en":"Hudson Strait","name_zh":"哈得逊海峡","featurecla":"strait","scalerank":3,"min_label":5,"max_label":9.5,"label":"Hudson Strait","wikidataid":"Q207702"}},{"type":"Feature","geometry":{"type":"Polygon","coordinates":[[[23.481,59.071],[22.94,59.809],[22.964,59.827],[23.181,59.845],[23.463,59.986],[23.722,59.966],[24.343,60.042],[24.446,60.021],[24.601,60.114],[25.156,60.194],[25.268,60.248],[25.456,60.261],[25.656,60.333],[25.716,60.267],[25.758,60.267],[25.946,60.347],[26.036,60.341],[25.956,60.474],[26.036,60.475],[26.204,60.407],[26.377,60.424],[26.456,60.467],[26.57,60.625],[26.607,60.628],[26.52,60.472],[26.535,60.413],[26.951,60.472],[27.205,60.544],[27.462,60.465],[27.762,60.533],[28.179,60.571],[28.513,60.677],[28.651,60.611],[28.622,60.492],[28.492,60.54],[28.643,60.375],[28.813,60.331],[29.069,60.192],[29.721,60.195],[29.872,60.121],[29.977,60.027],[30.173,59.957],[30.122,59.874],[29.67,59.956],[29.147,60.0],[28.947,59.829],[28.748,59.806],[28.518,59.849],[28.454,59.814],[28.424,59.734],[28.334,59.693],[28.213,59.724],[28.131,59.786],[28.058,59.782],[28.014,59.725],[28.064,59.554],[28.002,59.47],[27.892,59.414],[26.975,59.451],[26.625,59.554],[25.509,59.639],[25.521,59.559],[25.444,59.521],[24.877,59.522],[24.584,59.456],[24.38,59.473],[24.176,59.376],[24.053,59.373],[24.084,59.292],[23.782,59.275],[23.495,59.196],[23.517,59.107],[23.481,59.071]]]},"properties":{"name":"Gulf of Finland","name_en":"Gulf of Finland","name_zh":"芬蘭灣","featurecla":"gulf","scalerank":4,"min_label":5.7,"max_label":10,"label":"Gulf of Finland","wikidataid":"Q14686"}},{"type":"Feature","geometry":{"type":"Polygon","coordinates":[[[-5.883,48.472],[-6.571,49.742],[-5.706,50.112],[-5.656,50.113],[-5.622,50.051],[-5.434,50.104],[-5.323,50.083],[-5.225,50.022],[-5.118,50.039],[-5.009,50.161],[-4.728,50.29],[-4.195,50.393],[-3.793,50.229],[-3.68,50.24],[-3.584,50.322],[-3.485,50.548],[-3.405,50.632],[-2.901,50.722],[-2.433,50.599],[-2.35,50.638],[-1.998,50.608],[-1.962,50.628],[-2.031,50.725],[-1.517,50.748],[-1.334,50.821],[-1.416,50.897],[-0.785,50.766],[-0.204,50.814],[0.205,50.763],[0.684,50.886],[0.772,50.934],[0.96,50.926],[1.044,51.047],[1.376,51.165],[1.684,50.959],[1.712,50.906],[1.609,50.82],[1.58,50.739],[1.552,50.294],[1.593,50.252],[1.407,50.088],[1.246,49.998],[0.616,49.863],[0.187,49.703],[0.109,49.558],[0.129,49.508],[0.277,49.463],[0.439,49.473],[0.417,49.449],[0.136,49.401],[-0.163,49.297],[-0.521,49.354],[-1.139,49.388],[-1.232,49.495],[-1.259,49.68],[-1.366,49.707],[-1.588,49.668],[-1.856,49.684],[-1.87,49.595],[-1.813,49.49],[-1.583,49.203],[-1.566,48.806],[-1.48,48.698],[-1.376,48.653],[-1.824,48.63],[-1.906,48.697],[-2.004,48.582],[-2.079,48.645],[-2.446,48.648],[-2.692,48.537],[-3.003,48.791],[-3.232,48.841],[-3.472,48.813],[-3.715,48.71],[-4.059,48.708],[-4.531,48.62],[-4.721,48.54],[-4.759,48.441],[-4.824,48.419],[-5.883,48.472]],[[-1.066,50.69],[-1.313,50.774],[-1.564,50.666],[-1.251,50.589],[-1.066,50.69]]]},"properties":{"name":"English Channel","name_en":"English Channel","name_zh":"英吉利海峡","featurecla":"channel","scalerank":3,"min_label":5,"max_label":9.5,"label":"English Channel","wikidataid":"Q34640"}},{"type":"Feature","geometry":{"type":"Polygon","coordinates":[[[-88.289,17.313],[-86.907,15.762],[-87.286,15.834],[-87.487,15.79],[-87.618,15.91],[-87.702,15.911],[-87.875,15.879],[-88.131,15.701],[-88.228,15.729],[-88.594,15.95],[-88.536,15.85],[-88.604,15.764],[-88.894,15.89],[-88.911,15.956],[-88.879,16.017],[-88.695,16.248],[-88.562,16.29],[-88.314,16.633],[-88.262,16.963],[-88.289,17.313]]]},"properties":{"name":"Gulf of Honduras","name_en":"Gulf of Honduras","name_zh":"洪都拉斯湾","featurecla":"gulf","scalerank":3,"min_label":5,"max_label":9.5,"label":"Gulf of Honduras","wikidataid":"Q795608"}},{"type":"Feature","geometry":{"type":"Polygon","coordinates":[[[5.406,43.23],[3.263,41.962],[3.247,41.961],[3.225,42.111],[3.15,42.162],[3.167,42.257],[3.307,42.289],[3.091,42.591],[3.043,42.838],[3.052,42.915],[3.259,43.193],[3.785,43.462],[3.911,43.563],[4.052,43.593],[4.224,43.48],[4.712,43.373],[5.06,43.445],[5.073,43.367],[5.32,43.345],[5.406,43.23]]]},"properties":{"name":"Golfe du Lion","name_en":"Gulf of Lion","name_zh":"利翁湾","featurecla":"gulf","scalerank":4,"min_label":5.7,"max_label":10,"label":"Golfe du Lion","wikidataid":"Q210118"}},{"type":"Feature","geometry":{"type":"Polygon","coordinates":[[[22.94,59.809],[22.375,59.822],[20.787,59.664],[20.205,59.822],[18.971,59.757],[18.99,59.828],[18.853,60.026],[18.787,60.08],[18.535,60.153],[18.558,60.254],[18.4,60.337],[18.163,60.408],[18.011,60.511],[17.956,60.59],[17.661,60.535],[17.593,60.628],[17.36,60.641],[17.251,60.701],[17.279,60.812],[17.203,60.952],[17.164,61.278],[17.2,61.312],[17.138,61.382],[17.164,61.459],[17.131,61.575],[17.216,61.656],[17.196,61.725],[17.465,61.684],[17.374,61.867],[17.51,62.166],[17.634,62.233],[17.429,62.335],[17.373,62.426],[17.41,62.508],[17.646,62.451],[17.718,62.501],[17.835,62.503],[18.037,62.6],[17.903,62.66],[17.974,62.721],[17.88,62.873],[17.907,62.887],[17.951,62.834],[18.093,62.836],[18.074,62.79],[18.17,62.789],[18.248,62.849],[18.463,62.896],[18.502,62.989],[18.313,62.996],[18.344,63.032],[18.53,63.063],[18.607,63.178],[18.859,63.206],[18.792,63.238],[18.817,63.258],[19.034,63.238],[19.236,63.347],[19.354,63.477],[19.495,63.424],[19.502,63.509],[19.722,63.464],[19.781,63.538],[19.914,63.611],[20.205,63.662],[20.454,63.774],[20.678,63.827],[20.763,63.868],[21.019,64.178],[21.465,64.38],[21.52,64.463],[21.394,64.544],[21.279,64.725],[21.138,64.809],[21.196,64.877],[21.574,65.126],[21.546,65.207],[21.41,65.317],[21.609,65.262],[21.613,65.299],[21.523,65.358],[21.566,65.408],[21.88,65.424],[21.95,65.47],[21.903,65.508],[21.92,65.533],[22.147,65.553],[22.086,65.611],[22.254,65.598],[22.288,65.751],[22.401,65.862],[22.538,65.795],[22.746,65.871],[23.102,65.735],[23.221,65.786],[23.691,65.828],[23.89,65.782],[24.238,65.813],[24.404,65.78],[24.628,65.859],[24.582,65.757],[24.675,65.671],[24.839,65.66],[25.242,65.546],[25.348,65.479],[25.256,65.143],[25.34,65.099],[25.373,65.009],[25.228,64.951],[25.281,64.917],[25.288,64.861],[24.942,64.884],[24.558,64.801],[24.53,64.739],[24.278,64.516],[24.022,64.386],[23.925,64.274],[23.653,64.134],[23.599,64.041],[23.494,64.034],[22.756,63.683],[22.532,63.648],[22.528,63.58],[22.398,63.491],[22.319,63.504],[22.346,63.442],[22.243,63.438],[22.32,63.311],[21.896,63.21],[21.8,63.238],[21.545,63.204],[21.568,63.114],[21.651,63.039],[21.474,63.033],[21.457,62.95],[21.196,62.79],[21.118,62.689],[21.104,62.623],[21.166,62.414],[21.323,62.343],[21.344,62.278],[21.354,62.224],[21.256,61.99],[21.385,61.915],[21.606,61.591],[21.498,61.552],[21.565,61.484],[21.507,61.484],[21.513,61.281],[21.479,61.171],[21.378,61.059],[21.36,60.967],[21.436,60.597],[21.613,60.531],[21.806,60.594],[21.854,60.506],[22.258,60.401],[22.585,60.381],[22.512,60.281],[22.588,60.256],[22.59,60.228],[22.47,60.201],[22.443,60.157],[22.471,60.147],[22.438,60.09],[22.463,60.029],[22.75,60.057],[22.819,60.101],[22.867,60.216],[22.911,60.21],[22.994,60.099],[23.198,60.022],[23.189,59.972],[22.94,59.809]],[[24.997,65.039],[24.786,65.086],[24.651,65.074],[24.577,65.043],[24.578,64.979],[24.699,64.958],[24.997,65.039]],[[22.126,60.356],[22.077,60.286],[22.188,60.237],[22.258,60.166],[22.361,60.166],[22.306,60.229],[22.313,60.27],[22.416,60.303],[22.355,60.356],[22.126,60.356]],[[20.034,60.093],[20.042,60.181],[20.195,60.194],[20.259,60.261],[20.087,60.354],[19.944,60.357],[19.888,60.406],[19.788,60.354],[19.871,60.302],[19.848,60.221],[19.785,60.213],[19.779,60.285],[19.687,60.268],[19.672,60.233],[19.746,60.099],[20.034,60.093]]]},"properties":{"name":"Gulf of Bothnia","name_en":"Gulf of Bothnia","name_zh":"波的尼亞灣","featurecla":"gulf","scalerank":3,"min_label":5,"max_label":9.5,"label":"Gulf of Bothnia","wikidataid":"Q122574"}},{"type":"Feature","geometry":{"type":"Polygon","coordinates":[[[19.998,39.757],[19.931,39.761],[19.839,39.82],[19.707,39.798],[19.627,39.743],[18.369,39.801],[18.344,39.821],[18.486,40.105],[18.461,40.221],[18.328,40.371],[18.036,40.565],[17.955,40.655],[17.474,40.841],[17.103,41.062],[16.552,41.232],[16.013,41.435],[15.901,41.512],[15.914,41.621],[16.151,41.759],[16.189,41.814],[16.165,41.896],[15.964,41.94],[15.405,41.913],[15.169,41.934],[14.866,42.052],[14.541,42.244],[14.183,42.506],[14.01,42.69],[13.805,43.181],[13.564,43.571],[13.295,43.686],[12.907,43.921],[12.691,43.995],[12.396,44.224],[12.305,44.429],[12.248,44.723],[12.279,44.832],[12.385,44.798],[12.464,44.845],[12.523,44.968],[12.393,45.04],[12.286,45.208],[12.225,45.242],[12.274,45.446],[12.492,45.546],[12.536,45.545],[12.432,45.468],[12.497,45.462],[13.03,45.637],[13.207,45.771],[13.465,45.71],[13.558,45.771],[13.628,45.771],[13.783,45.627],[13.517,45.482],[13.629,45.108],[13.861,44.837],[13.966,44.836],[14.236,45.16],[14.312,45.338],[14.551,45.298],[14.854,45.081],[14.907,44.971],[14.895,44.707],[14.981,44.603],[15.27,44.383],[15.471,44.272],[15.284,44.289],[15.123,44.257],[15.186,44.172],[15.499,43.909],[15.941,43.657],[15.943,43.569],[15.986,43.52],[16.131,43.507],[16.394,43.544],[16.903,43.392],[17.129,43.211],[17.33,43.115],[17.723,42.851],[17.22,43.026],[17.046,43.015],[17.258,42.968],[17.585,42.837],[17.824,42.797],[18.517,42.433],[18.646,42.443],[18.633,42.378],[18.894,42.249],[19.122,42.06],[19.187,41.949],[19.342,41.869],[19.468,41.856],[19.578,41.787],[19.576,41.64],[19.497,41.563],[19.441,41.425],[19.48,41.236],[19.461,40.933],[19.337,40.664],[19.459,40.406],[19.441,40.375],[19.322,40.407],[19.485,40.21],[19.852,40.044],[19.965,39.872],[19.998,39.757]],[[16.656,43.214],[16.376,43.214],[16.679,43.123],[17.194,43.126],[16.697,43.175],[16.656,43.214]],[[16.835,43.351],[16.449,43.387],[16.423,43.317],[16.628,43.268],[16.785,43.271],[16.891,43.314],[16.835,43.351]],[[14.898,44.611],[14.742,44.697],[14.913,44.486],[15.039,44.393],[15.163,44.309],[15.24,44.35],[14.898,44.611]],[[14.613,45.025],[14.687,44.955],[14.81,44.977],[14.571,45.225],[14.525,45.147],[14.438,45.099],[14.511,45.035],[14.613,45.025]],[[14.48,44.622],[14.453,44.869],[14.468,44.97],[14.394,45.031],[14.358,45.168],[14.331,45.165],[14.286,45.145],[14.34,45.02],[14.312,44.9],[14.419,44.67],[14.48,44.622]]]},"properties":{"name":"Adriatic Sea","name_en":"Adriatic Sea","name_zh":"亚得里亚海","featurecla":"sea","scalerank":3,"min_label":5,"max_label":9.5,"label":"Adriatic Sea","wikidataid":"Q13924"}},{"type":"Feature","geometry":{"type":"Polygon","coordinates":[[[-78.435,24.627],[-80.641,23.098],[-81.008,23.09],[-81.144,23.055],[-81.271,23.129],[-81.262,23.157],[-81.576,23.117],[-82.101,23.19],[-82.35,23.154],[-82.666,23.044],[-83.033,23.0],[-83.0,24.218],[-81.801,24.077],[-80.425,24.465],[-79.896,24.959],[-80.33,25.422],[-80.301,25.619],[-80.159,25.878],[-80.126,25.833],[-80.043,26.618],[-78.961,26.668],[-78.799,26.528],[-78.163,25.202],[-78.211,25.191],[-78.159,25.022],[-78.184,24.917],[-78.299,24.754],[-78.243,24.654],[-78.319,24.59],[-78.339,24.642],[-78.435,24.627]]]},"properties":{"name":"Straits of Florida","name_en":"Florida Strait","name_zh":"佛罗里达海峡","featurecla":"strait","scalerank":4,"min_label":5.7,"max_label":10,"label":"Straits of Florida","wikidataid":"Q232912"}},{"type":"Feature","geometry":{"type":"Polygon","coordinates":[[[175.772,-36.735],[178.272,-37.567],[178.009,-37.555],[177.727,-37.706],[177.558,-37.897],[177.336,-37.991],[177.162,-37.986],[176.77,-37.89],[176.038,-37.6],[176.053,-37.562],[176.129,-37.587],[176.115,-37.538],[175.99,-37.437],[175.876,-36.958],[175.781,-36.805],[175.772,-36.735]]]},"properties":{"name":"Bay of Plenty","name_en":"Bay of Plenty","name_zh":"丰盛湾","featurecla":"bay","scalerank":4,"min_label":5.7,"max_label":10,"label":"Bay of Plenty","wikidataid":"Q140290"}},{"type":"Feature","geometry":{"type":"Polygon","coordinates":[[[-85.679,79.615],[-85.674,79.702],[-85.269,79.664],[-84.197,79.225],[-83.576,79.054],[-83.825,79.059],[-84.256,79.122],[-84.531,79.101],[-84.568,79.071],[-84.316,78.976],[-82.439,78.904],[-81.75,78.976],[-82.151,78.864],[-82.99,78.844],[-83.272,78.77],[-85.004,78.912],[-86.808,78.774],[-86.953,78.664],[-87.491,78.417],[-87.491,78.284],[-87.552,78.176],[-87.339,78.133],[-86.913,78.127],[-86.427,78.197],[-85.92,78.343],[-86.062,78.187],[-86.218,78.081],[-85.586,78.109],[-85.419,78.143],[-85.024,78.312],[-84.783,78.528],[-84.91,78.239],[-84.55,78.251],[-84.223,78.176],[-84.615,78.196],[-85.548,77.928],[-85.292,77.764],[-85.289,77.559],[-84.861,77.5],[-84.486,77.562],[-84.168,77.523],[-83.779,77.533],[-83.428,77.621],[-82.595,77.992],[-82.71,77.849],[-82.903,77.733],[-83.608,77.442],[-83.973,77.391],[-84.487,77.368],[-84.951,77.375],[-85.588,77.461],[-86.173,77.746],[-86.755,77.864],[-87.236,77.892],[-88.017,77.785],[-88.094,77.719],[-87.682,77.436],[-87.43,77.348],[-87.182,77.332],[-86.812,77.185],[-87.362,77.136],[-88.148,77.124],[-88.556,77.072],[-88.771,76.993],[-89.5,76.827],[-89.57,76.492],[-89.726,76.507],[-89.805,76.561],[-89.822,76.631],[-89.708,76.701],[-89.695,76.741],[-89.949,76.836],[-90.41,76.81],[-90.563,76.754],[-90.294,76.579],[-89.974,76.487],[-89.985,76.362],[-91.415,76.456],[-91.443,76.498],[-91.398,76.51],[-90.622,76.465],[-90.542,76.496],[-90.738,76.582],[-91.305,76.681],[-91.79,76.676],[-92.297,76.616],[-92.996,76.62],[-93.535,76.448],[-93.2,76.669],[-93.212,76.755],[-93.811,76.914],[-94.295,76.912],[-95.638,77.064],[-96.061,77.05],[-96.759,76.972],[-96.814,76.913],[-96.401,76.797],[-96.59,76.763],[-96.878,76.803],[-96.898,76.754],[-95.971,76.569],[-95.651,76.585],[-96.04,76.487],[-95.841,76.416],[-95.447,76.363],[-95.274,76.265],[-94.585,76.297],[-93.665,76.273],[-93.308,76.36],[-93.092,76.354],[-92.709,76.114],[-92.185,75.847],[-92.069,75.658],[-92.411,75.406],[-92.408,75.297],[-92.347,75.23],[-92.076,75.124],[-92.061,75.101],[-92.174,75.051],[-91.962,74.793],[-91.549,74.655],[-91.135,74.65],[-91.164,74.71],[-91.13,74.736],[-90.88,74.818],[-90.967,74.715],[-90.784,74.696],[-90.554,74.613],[-89.844,74.549],[-89.559,74.555],[-89.196,74.637],[-89.219,74.732],[-89.192,74.745],[-89.058,74.747],[-88.94,74.789],[-88.851,74.69],[-88.682,74.802],[-88.535,74.832],[-88.339,74.785],[-88.558,74.57],[-88.501,74.51],[-88.423,74.494],[-87.593,74.47],[-87.364,74.502],[-86.666,74.489],[-86.731,74.557],[-86.341,74.514],[-86.11,74.54],[-85.808,74.499],[-85.543,74.535],[-85.475,74.6],[-85.339,74.543],[-85.133,74.517],[-85.087,74.528],[-85.061,74.607],[-84.818,74.542],[-84.426,74.508],[-83.532,74.586],[-83.394,74.67],[-83.341,74.764],[-83.364,74.802],[-83.51,74.848],[-83.544,74.892],[-83.522,74.901],[-83.103,74.817],[-83.117,74.693],[-83.058,74.63],[-82.931,74.565],[-82.736,74.531],[-82.415,74.535],[-81.94,74.473],[-81.226,74.567],[-80.278,74.581],[-80.178,74.56],[-77.214,73.66],[-77.247,73.508],[-78.286,73.666],[-79.367,73.642],[-80.12,73.707],[-80.413,73.765],[-80.763,73.758],[-80.849,73.721],[-80.859,73.591],[-80.827,73.535],[-80.736,73.483],[-80.798,73.472],[-80.824,73.381],[-80.645,73.279],[-80.681,73.166],[-81.025,73.245],[-81.152,73.314],[-81.239,73.48],[-81.344,73.598],[-81.605,73.696],[-81.946,73.73],[-82.659,73.729],[-83.41,73.631],[-83.904,73.528],[-83.915,73.508],[-83.782,73.417],[-84.089,73.459],[-84.416,73.456],[-84.616,73.39],[-85.018,73.336],[-85.455,73.105],[-85.384,73.045],[-84.274,72.837],[-84.256,72.797],[-84.989,72.92],[-85.388,72.945],[-85.62,72.819],[-85.65,72.722],[-85.638,72.633],[-85.341,72.421],[-85.157,72.383],[-84.85,72.406],[-84.623,72.377],[-84.842,72.308],[-84.643,72.189],[-84.347,72.094],[-84.284,72.045],[-85.019,72.218],[-85.322,72.233],[-85.406,72.215],[-85.546,72.102],[-85.912,71.986],[-85.596,71.866],[-85.339,71.697],[-84.699,71.631],[-84.66,71.586],[-84.658,71.515],[-84.824,71.029],[-84.87,71.002],[-84.988,71.032],[-85.066,71.079],[-85.001,71.138],[-85.095,71.152],[-85.644,71.152],[-86.55,70.989],[-86.59,71.011],[-85.946,71.163],[-85.405,71.227],[-85.023,71.353],[-85.079,71.398],[-86.036,71.771],[-86.219,71.899],[-86.341,72.123],[-86.322,72.461],[-86.595,72.661],[-86.668,72.763],[-86.629,72.871],[-86.001,73.312],[-85.682,73.462],[-85.204,73.603],[-84.947,73.721],[-85.009,73.779],[-85.111,73.808],[-86.406,73.855],[-87.72,73.723],[-88.705,73.403],[-88.761,73.312],[-88.977,73.253],[-89.225,73.108],[-89.288,73.017],[-89.358,72.804],[-89.702,72.568],[-89.861,72.412],[-89.859,72.248],[-89.823,72.208],[-89.664,72.158],[-89.932,72.049],[-90.025,71.949],[-90.02,71.902],[-89.846,71.492],[-89.693,71.423],[-89.079,71.288],[-87.872,71.208],[-87.14,71.012],[-87.845,70.944],[-88.696,71.045],[-89.456,71.062],[-89.421,71.032],[-91.567,70.152],[-91.564,70.178],[-91.761,70.326],[-91.82,70.342],[-91.983,70.286],[-92.073,70.319],[-92.049,70.39],[-92.215,70.493],[-92.356,70.634],[-92.981,70.852],[-92.904,70.916],[-92.883,71.069],[-92.949,71.262],[-93.256,71.461],[-93.763,71.638],[-93.781,71.674],[-93.746,71.743],[-93.81,71.766],[-94.308,71.765],[-94.479,71.849],[-94.491,71.915],[-94.557,71.979],[-94.611,71.987],[-95.201,71.904],[-95.512,71.777],[-95.616,71.685],[-95.872,71.573],[-95.773,71.514],[-95.406,71.492],[-95.564,71.337],[-95.726,71.328],[-96.062,71.414],[-96.446,71.24],[-96.421,71.177],[-96.525,71.127],[-96.471,71.07],[-96.551,70.89],[-96.549,70.809],[-96.258,70.642],[-95.886,70.694],[-95.988,70.617],[-95.879,70.549],[-96.123,70.561],[-96.298,70.512],[-96.546,70.327],[-96.552,70.21],[-96.492,70.125],[-96.119,69.872],[-95.965,69.803],[-95.587,69.756],[-94.822,69.578],[-94.713,69.649],[-94.634,69.649],[-94.271,69.455],[-94.015,69.447],[-93.65,69.519],[-93.532,69.481],[-93.537,69.382],[-93.431,69.375],[-93.749,69.226],[-93.821,69.253],[-93.62,69.417],[-94.254,69.314],[-94.285,69.242],[-94.256,69.152],[-94.084,69.123],[-94.562,68.912],[-94.601,68.803],[-94.478,68.742],[-94.065,68.785],[-93.991,68.821],[-93.896,68.982],[-93.852,69.0],[-93.766,68.97],[-93.681,68.887],[-93.676,68.686],[-93.644,68.633],[-93.449,68.619],[-93.928,68.474],[-94.744,68.071],[-94.861,68.042],[-95.126,68.083],[-95.46,68.021],[-95.65,67.738],[-95.463,67.61],[-95.259,67.262],[-95.321,67.152],[-95.354,66.981],[-95.4,66.95],[-95.625,66.916],[-96.037,66.938],[-96.016,66.87],[-95.743,66.69],[-95.788,66.617],[-95.813,66.69],[-95.885,66.741],[-96.36,66.989],[-96.423,67.052],[-96.351,67.07],[-96.216,66.998],[-96.02,67.019],[-95.768,66.967],[-95.502,66.98],[-95.419,67.013],[-95.416,67.156],[-95.557,67.215],[-95.777,67.185],[-95.695,67.299],[-95.72,67.317],[-96.142,67.272],[-96.185,67.376],[-96.369,67.51],[-96.371,67.554],[-96.199,67.718],[-96.036,68.158],[-95.97,68.249],[-96.439,68.151],[-96.531,68.063],[-96.722,68.039],[-96.43,68.311],[-96.628,68.25],[-96.977,68.256],[-97.266,68.453],[-97.41,68.496],[-97.548,68.475],[-97.828,68.533],[-97.925,68.524],[-97.911,68.449],[-97.794,68.387],[-98.218,68.318],[-98.469,68.382],[-98.65,68.364],[-98.381,68.132],[-98.5,68.132],[-98.388,68.036],[-98.415,67.988],[-98.632,68.073],[-98.69,68.066],[-98.722,68.0],[-98.704,67.966],[-98.417,67.827],[-98.453,67.798],[-99.032,67.719],[-99.773,67.815],[-100.456,67.839],[-101.555,67.693],[-101.883,67.746],[-102.321,67.736],[-102.692,67.812],[-103.474,68.115],[-103.902,68.041],[-104.193,68.031],[-104.487,68.063],[-104.661,68.149],[-104.653,68.23],[-104.912,68.25],[-104.96,68.311],[-105.101,68.298],[-105.378,68.414],[-105.428,68.458],[-105.457,68.578],[-105.54,68.719],[-105.686,68.828],[-106.164,68.92],[-107.436,68.689],[-108.313,68.611],[-108.641,68.378],[-108.718,68.297],[-108.323,68.154],[-107.803,68.171],[-107.799,68.037],[-107.729,67.959],[-107.763,67.907],[-107.958,67.819],[-107.954,67.7],[-108.128,67.629],[-108.151,67.525],[-108.152,67.43],[-107.969,67.326],[-107.996,67.26],[-108.347,67.403],[-108.492,67.483],[-108.613,67.598],[-108.715,67.583],[-108.852,67.422],[-108.95,67.494],[-109.038,67.691],[-109.224,67.73],[-109.63,67.733],[-109.832,67.866],[-109.936,67.888],[-110.074,67.993],[-110.216,67.954],[-110.372,67.954],[-110.99,67.791],[-111.192,67.823],[-111.576,67.757],[-112.237,67.731],[-112.503,67.682],[-113.893,67.707],[-115.133,67.819],[-115.434,67.902],[-115.167,68.019],[-115.187,68.084],[-115.127,68.132],[-114.852,68.195],[-114.766,68.27],[-114.096,68.267],[-114.021,68.306],[-113.964,68.399],[-114.092,68.436],[-114.218,68.552],[-114.62,68.746],[-115.442,68.941],[-115.806,68.986],[-115.936,68.958],[-116.243,68.974],[-116.059,68.837],[-117.227,68.913],[-118.095,69.043],[-118.78,69.241],[-117.193,70.062],[-117.104,69.804],[-116.61,69.512],[-116.513,69.425],[-116.102,69.337],[-115.618,69.283],[-114.323,69.269],[-113.694,69.195],[-113.592,68.96],[-113.617,68.838],[-113.555,68.767],[-113.231,68.536],[-113.128,68.494],[-112.864,68.477],[-111.311,68.542],[-111.128,68.589],[-110.848,68.578],[-109.472,68.677],[-108.946,68.76],[-108.365,68.935],[-107.44,69.002],[-107.033,69.181],[-106.856,69.347],[-106.659,69.439],[-106.42,69.413],[-106.361,69.381],[-106.341,69.225],[-106.141,69.162],[-105.019,69.081],[-105.021,69.053],[-105.169,68.955],[-105.106,68.92],[-104.572,68.872],[-104.353,68.928],[-104.067,68.866],[-103.468,68.809],[-102.895,68.823],[-101.857,69.024],[-101.788,69.132],[-101.789,69.182],[-101.873,69.24],[-102.046,69.258],[-102.067,69.337],[-101.978,69.425],[-102.151,69.488],[-102.447,69.476],[-102.884,69.342],[-103.12,69.204],[-103.04,69.367],[-103.049,69.472],[-103.418,69.611],[-103.465,69.645],[-103.435,69.667],[-103.303,69.674],[-102.92,69.565],[-102.621,69.552],[-102.535,69.621],[-102.596,69.718],[-102.234,69.842],[-101.647,69.699],[-101.484,69.85],[-101.337,69.71],[-101.044,69.669],[-100.935,69.715],[-100.906,69.812],[-100.973,70.029],[-101.091,70.136],[-101.562,70.135],[-101.618,70.172],[-101.627,70.249],[-101.676,70.278],[-101.99,70.285],[-102.75,70.522],[-103.05,70.655],[-103.088,70.65],[-103.083,70.619],[-103.001,70.541],[-103.077,70.509],[-103.585,70.631],[-103.954,70.763],[-104.167,70.927],[-104.57,71.104],[-104.487,71.248],[-104.356,71.382],[-104.386,71.577],[-104.81,71.903],[-105.234,72.415],[-105.323,72.635],[-105.426,72.733],[-105.335,72.915],[-105.074,72.997],[-104.969,73.089],[-104.791,73.167],[-104.583,73.354],[-104.552,73.466],[-104.555,73.541],[-104.649,73.615],[-105.254,73.76],[-104.863,75.115],[-105.909,75.166],[-105.702,75.413],[-105.678,75.502],[-105.519,75.632],[-105.481,75.702],[-105.563,75.88],[-105.633,75.946],[-105.905,76.009],[-106.397,76.06],[-106.677,76.024],[-106.862,75.93],[-106.82,75.872],[-106.693,75.81],[-106.892,75.783],[-106.914,75.68],[-107.05,75.846],[-107.216,75.892],[-107.541,75.901],[-107.918,75.802],[-108.021,75.805],[-107.755,75.94],[-107.723,75.995],[-107.853,76.058],[-108.387,76.067],[-108.406,76.085],[-108.382,76.116],[-108.123,76.233],[-108.194,76.33],[-108.512,76.439],[-108.559,76.536],[-108.628,76.587],[-108.635,76.609],[-108.467,76.738],[-108.831,76.821],[-109.098,76.812],[-109.338,76.76],[-109.865,76.522],[-110.309,76.397],[-110.285,76.333],[-110.201,76.289],[-109.908,76.223],[-109.71,76.212],[-109.43,76.109],[-109.425,76.042],[-109.455,76.021],[-109.871,75.929],[-109.796,75.863],[-108.945,75.699],[-108.9,75.624],[-108.912,75.587],[-109.005,75.515],[-109.087,75.506],[-111.053,75.549],[-111.276,75.613],[-111.549,75.822],[-112.057,75.834],[-112.081,75.848],[-111.868,75.911],[-111.865,75.939],[-112.698,76.202],[-113.171,76.258],[-113.824,76.207],[-114.059,76.301],[-114.113,76.349],[-114.116,76.396],[-114.194,76.451],[-114.535,76.502],[-114.998,76.497],[-115.58,76.438],[-115.779,76.365],[-115.832,76.296],[-115.797,76.252],[-114.779,76.173],[-116.21,76.194],[-116.591,76.096],[-116.61,76.074],[-116.55,76.017],[-116.665,75.958],[-116.654,75.929],[-116.338,75.881],[-114.991,75.896],[-115.477,75.841],[-116.802,75.771],[-116.973,75.746],[-117.164,75.645],[-117.025,75.602],[-116.426,75.585],[-115.122,75.706],[-115.142,75.678],[-115.335,75.618],[-116.077,75.493],[-117.258,75.46],[-117.388,75.422],[-117.597,75.289],[-118.298,75.589],[-117.626,75.966],[-117.499,76.077],[-117.512,76.099],[-117.753,76.112],[-118.137,75.995],[-118.626,75.906],[-119.344,75.648],[-119.918,75.856],[-119.526,75.997],[-119.55,76.052],[-119.74,76.117],[-119.64,76.157],[-119.649,76.28],[-119.58,76.327],[-119.524,76.34],[-119.368,76.222],[-119.168,76.126],[-118.994,76.145],[-118.851,76.258],[-118.643,76.334],[-118.625,76.366],[-118.644,76.418],[-118.799,76.464],[-118.821,76.486],[-118.791,76.513],[-118.468,76.547],[-118.37,76.701],[-118.203,76.76],[-117.881,76.805],[-117.78,76.784],[-117.965,76.574],[-118.02,76.447],[-117.993,76.406],[-117.842,76.345],[-117.492,76.273],[-117.234,76.282],[-117.108,76.322],[-117.026,76.403],[-116.999,76.532],[-116.22,76.611],[-115.985,76.687],[-115.945,76.736],[-116.252,76.901],[-115.913,76.909],[-115.81,76.939],[-116.329,77.137],[-115.624,77.266],[-115.476,77.325],[-116.327,77.537],[-116.32,77.576],[-115.029,77.966],[-114.98,77.916],[-114.608,77.77],[-114.287,77.721],[-113.726,77.776],[-113.618,77.833],[-113.783,77.905],[-113.78,77.946],[-113.292,78.334],[-113.173,78.284],[-112.131,78.366],[-111.76,78.283],[-111.518,78.275],[-111.169,78.386],[-110.755,78.311],[-109.709,78.303],[-109.391,78.337],[-109.336,78.408],[-109.362,78.493],[-109.504,78.582],[-110.4,78.755],[-110.393,78.793],[-105.631,79.005],[-105.571,79.061],[-105.536,79.033],[-104.901,79.051],[-104.747,79.027],[-104.735,78.991],[-104.97,78.856],[-104.97,78.829],[-104.896,78.808],[-104.736,78.826],[-104.395,78.956],[-104.152,78.99],[-103.876,78.902],[-104.185,78.781],[-103.519,78.769],[-103.372,78.736],[-104.021,78.635],[-103.588,78.623],[-103.483,78.594],[-103.57,78.54],[-103.764,78.519],[-104.727,78.579],[-104.996,78.518],[-104.985,78.468],[-104.879,78.401],[-104.512,78.294],[-103.947,78.26],[-103.677,78.319],[-102.731,78.371],[-102.784,78.33],[-102.772,78.307],[-102.607,78.249],[-102.057,78.28],[-101.074,78.194],[-100.826,78.088],[-100.778,77.996],[-100.68,77.93],[-100.275,77.833],[-99.956,77.794],[-99.166,77.857],[-99.0,77.997],[-99.053,78.072],[-99.563,78.279],[-99.751,78.303],[-99.778,78.325],[-99.774,78.393],[-99.848,78.438],[-99.68,78.493],[-99.582,78.563],[-100.015,78.728],[-100.436,78.82],[-100.917,78.783],[-101.128,78.801],[-101.147,78.824],[-101.037,78.939],[-101.704,79.079],[-101.973,79.079],[-102.393,79.01],[-102.425,78.933],[-102.576,78.879],[-102.596,78.943],[-102.731,78.969],[-102.648,79.027],[-102.652,79.095],[-102.914,79.231],[-103.192,79.295],[-103.624,79.342],[-103.62,79.375],[-100.233,79.957],[-100.126,80.001],[-100.092,79.919],[-100.0,79.884],[-99.515,79.887],[-99.333,79.84],[-99.302,79.784],[-99.219,79.762],[-98.885,79.726],[-98.79,79.785],[-98.769,79.851],[-98.792,79.981],[-98.823,80.038],[-98.979,80.102],[-98.963,80.169],[-96.846,80.116],[-96.773,80.136],[-96.639,80.024],[-96.589,79.917],[-96.463,79.848],[-96.0,79.705],[-95.739,79.66],[-95.297,79.653],[-94.402,79.736],[-94.52,79.667],[-95.663,79.527],[-95.733,79.418],[-95.317,79.355],[-95.103,79.29],[-94.405,79.39],[-94.111,79.402],[-93.94,79.386],[-94.109,79.315],[-93.933,79.291],[-92.822,79.45],[-92.484,79.439],[-92.248,79.373],[-91.3,79.373],[-92.547,79.282],[-92.683,79.186],[-93.294,79.14],[-93.95,79.037],[-94.17,78.973],[-94.115,78.929],[-93.902,78.872],[-93.16,78.776],[-93.561,78.778],[-93.634,78.751],[-93.267,78.608],[-92.716,78.605],[-91.867,78.543],[-92.848,78.46],[-92.678,78.389],[-91.899,78.237],[-90.918,78.158],[-90.614,78.15],[-90.326,78.185],[-90.405,78.247],[-90.652,78.308],[-90.459,78.331],[-90.136,78.313],[-89.579,78.166],[-89.49,78.172],[-89.612,78.279],[-90.076,78.549],[-90.037,78.607],[-89.096,78.209],[-88.823,78.186],[-88.733,78.242],[-88.607,78.392],[-88.623,78.462],[-88.742,78.584],[-88.581,78.602],[-88.147,78.477],[-88.04,78.495],[-87.983,78.537],[-88.003,78.616],[-88.254,78.672],[-88.19,78.696],[-88.166,78.745],[-88.19,78.868],[-88.164,78.934],[-88.04,78.995],[-87.817,79.036],[-87.953,78.915],[-87.922,78.751],[-87.862,78.707],[-87.617,78.677],[-87.081,78.866],[-86.957,78.975],[-86.721,78.976],[-86.092,79.1],[-85.29,79.208],[-85.042,79.285],[-85.064,79.328],[-85.176,79.387],[-85.679,79.615]],[[-91.185,77.482],[-91.147,77.387],[-90.993,77.329],[-90.228,77.212],[-90.095,77.21],[-89.833,77.267],[-89.695,77.339],[-89.72,77.442],[-89.839,77.491],[-90.172,77.595],[-90.423,77.628],[-91.019,77.644],[-91.149,77.608],[-91.185,77.482]],[[-93.41,74.179],[-93.785,74.118],[-94.729,74.086],[-95.04,74.024],[-95.145,73.96],[-95.149,73.907],[-95.059,73.805],[-94.897,73.716],[-94.697,73.664],[-95.386,73.755],[-95.633,73.696],[-95.644,73.557],[-95.589,73.174],[-95.602,72.884],[-95.548,72.782],[-95.251,72.502],[-95.167,72.18],[-95.193,72.028],[-94.497,72.043],[-94.144,72.001],[-94.038,72.029],[-93.871,72.252],[-93.542,72.437],[-93.534,72.5],[-93.572,72.559],[-93.77,72.668],[-94.211,72.757],[-93.341,72.802],[-92.392,72.719],[-92.118,72.754],[-91.789,72.916],[-91.426,73.195],[-91.554,73.236],[-91.249,73.304],[-90.933,73.528],[-90.566,73.687],[-90.355,73.869],[-90.628,73.952],[-91.088,74.009],[-91.63,74.028],[-92.223,73.972],[-92.493,74.062],[-92.778,74.114],[-93.41,74.179]],[[-96.194,77.701],[-96.276,77.63],[-96.264,77.594],[-95.987,77.484],[-93.836,77.452],[-93.544,77.467],[-93.339,77.63],[-93.129,77.66],[-93.301,77.74],[-93.583,77.771],[-95.233,77.754],[-95.484,77.792],[-96.194,77.701]],[[-95.671,75.529],[-95.955,75.444],[-96.125,75.358],[-96.118,75.301],[-96.18,75.24],[-96.383,75.212],[-96.566,75.099],[-96.591,75.002],[-96.387,74.999],[-96.27,74.921],[-96.182,74.951],[-96.094,74.933],[-95.865,74.831],[-95.286,74.794],[-94.697,74.642],[-93.626,74.661],[-93.573,74.669],[-93.536,74.749],[-93.491,74.772],[-93.467,74.921],[-93.552,75.051],[-93.498,75.137],[-93.751,75.349],[-94.257,75.544],[-94.427,75.594],[-94.878,75.63],[-95.671,75.529]],[[-94.751,75.77],[-94.526,75.749],[-94.296,75.788],[-94.498,75.992],[-94.901,75.931],[-94.751,75.77]],[[-97.041,77.827],[-96.834,77.812],[-96.477,77.872],[-96.011,77.888],[-95.087,77.993],[-94.934,78.075],[-94.936,78.107],[-95.103,78.178],[-95.329,78.225],[-94.888,78.361],[-95.031,78.43],[-95.413,78.498],[-96.204,78.531],[-96.256,78.551],[-96.265,78.596],[-96.475,78.665],[-97.169,78.758],[-98.043,78.805],[-98.333,78.773],[-98.29,78.692],[-98.06,78.559],[-98.316,78.517],[-98.317,78.477],[-98.255,78.429],[-98.069,78.387],[-98.05,78.326],[-97.843,78.262],[-97.819,78.23],[-96.945,78.152],[-97.041,78.117],[-97.658,78.091],[-97.621,78.05],[-97.427,77.982],[-97.019,77.908],[-97.064,77.859],[-97.041,77.827]],[[-98.305,69.669],[-98.163,69.512],[-98.041,69.457],[-98.222,69.484],[-98.389,69.565],[-98.546,69.573],[-98.534,69.527],[-98.448,69.48],[-98.559,69.462],[-98.45,69.354],[-98.504,69.308],[-98.912,69.167],[-99.456,69.131],[-99.564,69.034],[-99.441,68.918],[-99.254,68.863],[-99.091,68.863],[-99.094,68.899],[-99.057,68.918],[-98.904,68.932],[-98.859,68.864],[-98.775,68.817],[-98.54,68.798],[-98.321,68.843],[-98.235,68.739],[-97.885,68.673],[-97.472,68.544],[-97.008,68.539],[-96.599,68.461],[-96.401,68.471],[-95.894,68.627],[-95.685,68.736],[-95.466,68.747],[-95.268,68.826],[-95.374,68.892],[-95.585,68.835],[-95.752,68.898],[-95.952,69.023],[-96.3,69.344],[-96.875,69.51],[-97.236,69.673],[-97.409,69.631],[-97.469,69.667],[-97.386,69.7],[-97.412,69.738],[-97.691,69.841],[-97.791,69.862],[-98.081,69.833],[-98.239,69.78],[-98.305,69.669]],[[-95.66,74.637],[-95.851,74.582],[-95.441,74.506],[-95.274,74.519],[-95.353,74.586],[-95.51,74.637],[-95.66,74.637]],[[-95.986,69.392],[-95.893,69.352],[-95.858,69.382],[-95.812,69.447],[-95.806,69.561],[-95.704,69.538],[-95.683,69.5],[-95.67,69.402],[-95.73,69.347],[-95.684,69.336],[-95.438,69.379],[-95.381,69.507],[-95.602,69.602],[-95.798,69.626],[-95.876,69.606],[-95.979,69.509],[-95.986,69.392]],[[-97.02,75.468],[-96.97,75.413],[-96.857,75.369],[-96.679,75.394],[-96.462,75.494],[-96.156,75.477],[-95.96,75.554],[-96.368,75.654],[-96.428,75.606],[-96.983,75.51],[-97.02,75.468]],[[-96.624,71.968],[-96.766,72.046],[-96.618,72.146],[-96.593,72.204],[-96.669,72.271],[-96.801,72.322],[-96.638,72.342],[-96.473,72.434],[-96.44,72.487],[-96.446,72.552],[-96.542,72.699],[-96.671,72.713],[-97.128,72.628],[-97.159,72.643],[-97.073,72.718],[-97.083,72.763],[-97.237,72.838],[-97.378,72.865],[-97.296,72.918],[-97.329,72.938],[-97.636,73.028],[-97.94,73.036],[-98.367,72.934],[-98.431,72.958],[-98.437,73.0],[-98.376,73.045],[-97.796,73.285],[-97.272,73.387],[-97.231,73.421],[-97.35,73.481],[-97.586,73.471],[-97.626,73.502],[-97.597,73.537],[-97.49,73.527],[-97.156,73.592],[-96.997,73.675],[-97.171,73.825],[-97.327,73.862],[-97.832,73.879],[-98.152,73.818],[-99.158,73.731],[-100.002,73.946],[-100.227,73.889],[-100.154,73.844],[-99.912,73.847],[-99.991,73.795],[-100.484,73.844],[-100.915,73.806],[-100.985,73.765],[-100.953,73.691],[-100.783,73.613],[-100.607,73.575],[-100.536,73.51],[-100.521,73.449],[-100.976,73.6],[-101.323,73.572],[-101.463,73.534],[-101.523,73.486],[-101.451,73.431],[-100.889,73.275],[-100.587,73.3],[-100.366,73.359],[-100.006,73.239],[-99.825,73.214],[-99.966,73.201],[-100.341,73.265],[-100.489,73.234],[-100.536,73.198],[-100.531,73.138],[-100.283,73.12],[-100.092,72.945],[-100.189,72.89],[-100.395,72.977],[-100.443,72.807],[-100.485,72.773],[-101.088,72.713],[-101.273,72.722],[-101.544,72.883],[-101.754,72.943],[-101.923,73.057],[-102.204,73.077],[-102.336,73.064],[-102.551,72.978],[-102.714,72.783],[-102.657,72.719],[-102.402,72.595],[-101.973,72.486],[-101.724,72.315],[-101.498,72.278],[-101.209,72.317],[-100.984,72.21],[-100.594,72.152],[-100.326,72.004],[-99.735,71.757],[-99.404,71.557],[-99.223,71.387],[-98.986,71.369],[-98.784,71.314],[-98.536,71.317],[-98.198,71.441],[-98.232,71.559],[-98.459,71.773],[-98.323,71.852],[-98.284,71.715],[-98.181,71.662],[-97.461,71.634],[-97.222,71.674],[-96.946,71.792],[-96.614,71.834],[-96.624,71.968]],[[-97.069,73.13],[-97.093,72.997],[-96.944,72.927],[-96.671,72.961],[-96.599,73.074],[-96.862,73.189],[-97.069,73.13]],[[-97.291,74.577],[-97.416,74.626],[-97.75,74.51],[-97.656,74.465],[-97.355,74.526],[-97.291,74.577]],[[-98.711,76.694],[-99.024,76.614],[-98.891,76.466],[-99.169,76.454],[-99.669,76.624],[-100.068,76.634],[-100.574,76.585],[-100.83,76.524],[-100.891,76.476],[-100.651,76.396],[-100.175,76.359],[-99.978,76.312],[-100.414,76.242],[-99.541,76.146],[-100.113,76.117],[-99.978,76.03],[-99.689,75.96],[-99.775,75.928],[-100.105,75.96],[-101.056,76.246],[-101.139,76.345],[-101.34,76.411],[-101.677,76.451],[-101.859,76.439],[-102.105,76.331],[-102.138,76.285],[-101.91,76.234],[-101.557,76.236],[-101.529,76.218],[-101.771,76.15],[-101.872,76.083],[-101.717,76.008],[-101.432,75.992],[-101.506,75.918],[-101.288,75.789],[-100.973,75.798],[-101.261,75.758],[-101.943,75.884],[-102.145,75.875],[-102.271,75.813],[-102.252,75.778],[-102.797,75.599],[-102.701,75.543],[-102.541,75.514],[-101.461,75.608],[-101.207,75.59],[-99.915,75.681],[-99.195,75.698],[-99.21,75.669],[-99.756,75.633],[-100.28,75.461],[-100.712,75.406],[-100.731,75.347],[-100.146,75.246],[-100.459,75.219],[-100.483,75.188],[-100.292,75.028],[-99.627,74.983],[-99.326,75.05],[-99.156,75.016],[-98.704,75.006],[-97.992,75.046],[-97.953,75.06],[-98.077,75.153],[-98.069,75.199],[-97.843,75.122],[-97.674,75.127],[-97.66,75.151],[-97.853,75.26],[-97.878,75.416],[-97.653,75.508],[-97.336,75.42],[-97.409,75.552],[-97.407,75.672],[-97.89,75.76],[-97.601,75.851],[-97.65,75.979],[-97.524,76.139],[-97.573,76.224],[-97.739,76.335],[-97.69,76.422],[-97.726,76.496],[-98.236,76.575],[-98.711,76.694]],[[-99.417,73.896],[-98.974,73.812],[-98.691,73.856],[-98.27,73.869],[-97.861,73.969],[-97.659,74.072],[-97.698,74.109],[-98.061,74.105],[-98.818,74.021],[-99.417,73.896]],[[-100.616,68.783],[-100.497,68.792],[-100.366,68.729],[-100.249,68.775],[-100.179,68.904],[-100.414,69.028],[-100.565,69.027],[-100.611,68.99],[-100.616,68.783]],[[-100.962,76.734],[-101.165,76.665],[-101.613,76.604],[-101.485,76.575],[-101.226,76.579],[-100.269,76.734],[-100.962,76.734]],[[-100.635,70.67],[-100.678,70.646],[-100.621,70.547],[-100.308,70.496],[-100.321,70.578],[-100.276,70.595],[-100.434,70.65],[-100.635,70.67]],[[-101.098,69.541],[-101.313,69.576],[-101.356,69.539],[-101.207,69.48],[-101.29,69.441],[-101.269,69.391],[-101.001,69.462],[-101.098,69.541]],[[-101.64,77.892],[-102.448,77.881],[-102.475,77.837],[-102.458,77.77],[-102.378,77.728],[-102.08,77.692],[-101.002,77.735],[-101.193,77.83],[-101.64,77.892]],[[-101.722,68.724],[-101.828,68.799],[-102.013,68.826],[-102.308,68.682],[-101.846,68.586],[-101.732,68.652],[-101.722,68.724]],[[-102.423,75.869],[-102.008,75.939],[-102.49,76.095],[-102.584,76.282],[-102.728,76.307],[-103.098,76.312],[-104.012,76.223],[-104.35,76.183],[-104.406,76.109],[-104.243,76.047],[-103.801,76.037],[-103.985,75.933],[-103.77,75.893],[-103.202,75.959],[-103.041,75.919],[-103.315,75.764],[-102.579,75.78],[-102.423,75.869]],[[-102.788,78.218],[-102.892,78.271],[-102.973,78.267],[-103.111,78.246],[-103.274,78.166],[-103.252,78.138],[-103.118,78.126],[-102.788,78.218]],[[-103.033,76.431],[-103.585,76.539],[-103.723,76.601],[-104.023,76.583],[-103.959,76.639],[-104.074,76.666],[-104.5,76.63],[-104.603,76.583],[-104.408,76.365],[-104.271,76.326],[-103.472,76.329],[-103.2,76.371],[-103.033,76.431]],[[-104.075,75.424],[-104.474,75.413],[-104.649,75.35],[-104.888,75.148],[-104.634,75.061],[-104.309,75.031],[-103.814,75.08],[-103.642,75.163],[-103.804,75.345],[-104.075,75.424]],[[-104.7,68.577],[-104.907,68.582],[-105.052,68.559],[-104.965,68.492],[-104.699,68.418],[-104.54,68.406],[-104.44,68.449],[-104.472,68.503],[-104.7,68.577]],[[-104.955,77.419],[-105.007,77.507],[-105.074,77.548],[-105.588,77.736],[-105.863,77.754],[-106.066,77.726],[-105.883,77.627],[-105.848,77.563],[-105.747,77.526],[-105.556,77.353],[-105.215,77.182],[-104.711,77.124],[-104.493,77.163],[-104.457,77.221],[-104.542,77.338],[-104.77,77.413],[-104.955,77.419]],[[-111.952,77.344],[-111.226,77.428],[-110.683,77.446],[-110.198,77.525],[-110.117,77.625],[-110.117,77.716],[-110.153,77.763],[-110.72,77.781],[-110.866,77.834],[-109.772,77.957],[-109.679,77.999],[-109.622,78.075],[-110.458,78.103],[-111.206,78.088],[-113.187,77.912],[-113.283,77.836],[-113.271,77.779],[-113.121,77.632],[-113.209,77.58],[-113.164,77.53],[-112.644,77.444],[-112.373,77.364],[-111.952,77.344]],[[-114.751,76.759],[-113.712,76.711],[-113.488,76.783],[-113.585,76.847],[-113.892,76.895],[-114.42,76.875],[-114.835,76.795],[-114.751,76.759]]]},"properties":{"name":"The North Western Passages","name_en":"Northwest Passage","name_zh":"西北水道","featurecla":"channel","scalerank":4,"min_label":5,"max_label":10,"label":null,"wikidataid":"Q81136"}},{"type":"Feature","geometry":{"type":"Polygon","coordinates":[[[-128.349,50.703],[-131.047,51.959],[-131.01,52.095],[-131.098,52.15],[-131.119,52.101],[-131.222,52.154],[-131.116,52.219],[-131.134,52.268],[-129.892,53.169],[-129.769,53.217],[-129.67,53.322],[-129.563,53.252],[-129.514,53.179],[-129.451,53.175],[-129.344,53.053],[-129.25,52.722],[-129.151,52.606],[-128.969,52.464],[-128.945,52.498],[-128.732,52.375],[-128.679,52.29],[-128.355,52.16],[-128.194,51.998],[-128.102,51.789],[-128.083,51.685],[-128.149,51.627],[-128.092,51.511],[-127.941,51.457],[-127.705,51.297],[-127.704,51.149],[-127.911,50.859],[-128.242,50.828],[-128.346,50.745],[-128.349,50.703]]]},"properties":{"name":"Queen Charlotte Sound","name_en":"Queen Charlotte Sound","name_zh":"夏洛特皇后湾","featurecla":"sound","scalerank":7,"min_label":7.6,"max_label":10,"label":"Queen Charlotte Sound","wikidataid":"Q2565098"}},{"type":"Feature","geometry":{"type":"Polygon","coordinates":[[[22.454,36.463],[15.112,36.634],[15.116,36.839],[15.185,36.935],[15.295,37.013],[15.296,37.055],[15.289,37.097],[15.174,37.209],[15.23,37.244],[15.117,37.335],[15.099,37.459],[15.234,37.785],[15.634,38.268],[15.69,38.248],[15.643,38.175],[15.646,38.034],[15.724,37.939],[16.057,37.942],[16.283,38.25],[16.546,38.409],[16.574,38.494],[16.559,38.715],[16.616,38.8],[16.756,38.89],[16.951,38.94],[17.099,38.919],[17.175,38.998],[17.123,39.137],[17.114,39.381],[16.824,39.579],[16.598,39.639],[16.522,39.747],[16.53,39.86],[16.669,40.137],[16.807,40.326],[16.928,40.458],[17.031,40.514],[17.18,40.503],[17.258,40.399],[17.396,40.34],[17.865,40.28],[18.078,39.937],[18.219,39.853],[18.369,39.801],[19.648,39.745],[19.809,39.585],[19.884,39.462],[20.099,39.376],[20.078,39.433],[19.956,39.471],[19.904,39.619],[19.847,39.668],[19.931,39.761],[19.998,39.757],[20.001,39.709],[20.192,39.546],[20.301,39.327],[20.468,39.255],[20.713,39.035],[20.779,39.009],[21.118,39.03],[21.153,38.922],[21.112,38.896],[20.893,38.941],[20.777,38.928],[20.768,38.874],[20.777,38.808],[20.873,38.776],[20.992,38.654],[21.113,38.385],[21.183,38.346],[21.303,38.374],[21.331,38.487],[21.473,38.321],[21.965,38.412],[22.32,38.357],[22.421,38.439],[22.834,38.234],[23.149,38.176],[23.183,38.134],[23.122,38.074],[22.893,38.051],[22.92,37.958],[22.8,37.981],[22.556,38.113],[22.244,38.189],[21.953,38.321],[21.825,38.328],[21.658,38.175],[21.404,38.197],[21.308,38.028],[21.125,37.892],[21.138,37.854],[21.288,37.775],[21.329,37.669],[21.571,37.541],[21.679,37.387],[21.692,37.309],[21.579,37.2],[21.583,37.081],[21.738,36.863],[21.892,36.737],[21.934,36.804],[21.956,36.99],[22.081,37.029],[22.165,36.903],[22.231,36.882],[22.376,36.702],[22.375,36.514],[22.454,36.463]],[[20.704,37.743],[20.819,37.665],[20.909,37.732],[20.994,37.708],[20.84,37.841],[20.759,37.853],[20.692,37.93],[20.62,37.855],[20.704,37.743]],[[20.612,38.383],[20.563,38.475],[20.52,38.332],[20.482,38.318],[20.435,38.356],[20.409,38.337],[20.352,38.18],[20.452,38.234],[20.523,38.106],[20.606,38.12],[20.761,38.07],[20.789,38.142],[20.695,38.246],[20.625,38.268],[20.612,38.383]]]},"properties":{"name":"Ionian Sea","name_en":"Ionian Sea","name_zh":"爱奥尼亚海","featurecla":"sea","scalerank":4,"min_label":5.7,"max_label":10,"label":"Ionian Sea","wikidataid":"Q37495"}},{"type":"Feature","geometry":{"type":"Polygon","coordinates":[[[-61.448,45.715],[-61.657,45.642],[-61.776,45.655],[-61.877,45.714],[-61.923,45.851],[-61.956,45.868],[-62.483,45.622],[-62.585,45.661],[-62.75,45.648],[-62.701,45.741],[-63.108,45.783],[-63.293,45.752],[-63.509,45.875],[-63.703,45.858],[-64.057,46.021],[-63.832,46.107],[-63.872,46.146],[-64.212,46.22],[-64.541,46.24],[-64.557,46.312],[-64.648,46.356],[-64.641,46.425],[-64.726,46.671],[-64.817,46.698],[-64.906,46.888],[-64.831,47.061],[-65.042,47.089],[-65.192,47.049],[-65.319,47.101],[-64.912,47.368],[-64.852,47.57],[-64.703,47.725],[-64.874,47.797],[-65.047,47.793],[-65.002,47.847],[-65.228,47.811],[-65.484,47.687],[-65.607,47.67],[-65.666,47.696],[-65.756,47.86],[-65.849,47.911],[-66.21,47.989],[-66.359,48.061],[-66.705,48.022],[-66.449,48.12],[-66.083,48.103],[-65.927,48.189],[-65.476,48.031],[-65.259,48.021],[-64.822,48.197],[-64.633,48.361],[-64.349,48.423],[-64.254,48.551],[-64.246,48.691],[-64.514,48.841],[-64.209,48.806],[-64.216,48.874],[-64.262,48.922],[-64.533,49.083],[-64.52,50.308],[-64.17,50.269],[-63.854,50.314],[-63.587,50.258],[-63.238,50.242],[-63.136,50.294],[-62.362,50.277],[-61.92,50.233],[-61.725,50.104],[-61.29,50.202],[-60.956,50.205],[-60.807,50.25],[-60.608,50.221],[-60.08,50.254],[-59.886,50.316],[-59.815,50.419],[-59.612,50.492],[-59.378,50.676],[-59.165,50.78],[-58.637,51.172],[-58.593,51.257],[-58.51,51.295],[-58.09,51.311],[-57.77,51.426],[-57.299,51.478],[-57.032,51.446],[-56.751,51.273],[-56.825,51.125],[-57.036,51.011],[-57.005,50.94],[-57.053,50.857],[-57.298,50.698],[-57.264,50.649],[-57.18,50.615],[-57.33,50.605],[-57.432,50.506],[-57.926,49.701],[-57.898,49.6],[-57.791,49.49],[-57.856,49.474],[-58.016,49.543],[-58.108,49.5],[-58.213,49.387],[-58.191,49.259],[-57.98,49.229],[-58.049,49.18],[-58.099,49.078],[-57.991,48.988],[-58.049,48.988],[-58.186,49.062],[-58.403,49.084],[-58.494,49.003],[-58.717,48.598],[-58.843,48.605],[-58.907,48.65],[-58.819,48.747],[-58.842,48.746],[-59.168,48.558],[-59.167,48.522],[-58.33,48.522],[-58.605,48.411],[-58.961,48.159],[-59.272,47.995],[-59.362,47.889],[-59.321,47.737],[-59.26,47.634],[-59.117,47.571],[-58.613,47.626],[-58.337,47.731],[-58.333,47.677],[-57.926,47.675],[-57.66,47.626],[-56.774,47.565],[-56.263,47.658],[-56.122,47.789],[-56.02,47.764],[-55.858,47.819],[-55.867,47.592],[-56.127,47.503],[-55.862,47.53],[-55.576,47.465],[-55.435,47.501],[-55.366,47.661],[-55.074,47.657],[-54.946,47.621],[-54.784,47.665],[-54.796,47.64],[-54.976,47.516],[-55.191,47.449],[-55.491,47.16],[-55.839,47.072],[-55.919,47.017],[-55.954,46.944],[-56.264,46.845],[-56.315,46.954],[-56.287,47.071],[-56.365,47.099],[-56.387,47.068],[-56.332,46.916],[-56.385,46.82],[-56.354,46.795],[-56.302,46.821],[-56.371,46.778],[-59.878,46.163],[-60.093,46.206],[-60.226,46.196],[-60.244,46.27],[-60.298,46.311],[-60.513,46.195],[-60.534,46.214],[-60.332,46.768],[-60.425,46.923],[-60.408,47.003],[-60.571,46.999],[-60.87,46.797],[-61.24,46.303],[-61.409,46.17],[-61.481,46.06],[-61.495,45.941],[-61.448,45.715]],[[-62.008,47.235],[-61.834,47.222],[-61.773,47.26],[-61.914,47.284],[-61.886,47.345],[-61.684,47.499],[-61.582,47.56],[-61.476,47.564],[-61.395,47.638],[-61.548,47.632],[-61.925,47.425],[-62.008,47.235]],[[-63.042,49.225],[-62.219,49.079],[-61.801,49.094],[-61.696,49.139],[-61.817,49.283],[-62.043,49.39],[-63.089,49.773],[-64.132,49.942],[-64.373,49.926],[-64.485,49.887],[-64.44,49.828],[-63.777,49.602],[-63.676,49.534],[-63.566,49.399],[-63.042,49.225]],[[-64.111,46.425],[-63.759,46.397],[-63.8,46.367],[-63.641,46.231],[-63.277,46.153],[-63.153,46.188],[-63.271,46.2],[-62.979,46.316],[-63.053,46.27],[-63.056,46.224],[-63.015,46.19],[-62.953,46.195],[-62.895,46.124],[-63.022,46.067],[-62.903,46.068],[-62.878,46.002],[-62.743,45.967],[-62.478,46.0],[-62.543,46.029],[-62.552,46.166],[-62.526,46.203],[-62.023,46.422],[-62.164,46.487],[-63.129,46.422],[-63.369,46.509],[-63.681,46.562],[-63.784,46.455],[-63.906,46.509],[-63.864,46.573],[-63.879,46.609],[-64.088,46.775],[-63.981,46.913],[-63.994,47.061],[-64.223,46.901],[-64.403,46.692],[-64.388,46.641],[-64.136,46.6],[-64.107,46.562],[-64.111,46.425]]]},"properties":{"name":"Gulf of Saint Lawrence","name_en":"Gulf of Saint Lawrence","name_zh":"圣罗伦斯湾","featurecla":"gulf","scalerank":4,"min_label":5.7,"max_label":10,"label":"Gulf of St. Lawrence","wikidataid":"Q169523"}},{"type":"Feature","geometry":{"type":"Polygon","coordinates":[[[126.94,4.28],[128.575,2.597],[128.472,2.571],[128.33,2.469],[128.218,2.294],[128.041,2.165],[128.036,2.199],[127.9,2.137],[127.731,1.966],[127.632,1.844],[127.535,1.572],[127.537,1.467],[127.42,1.252],[127.429,1.14],[127.52,0.924],[127.608,0.848],[127.537,0.611],[127.555,0.49],[127.709,0.288],[127.692,-0.242],[127.889,-0.423],[128.046,-0.706],[128.234,-0.788],[128.255,-0.827],[127.748,-1.105],[127.638,-1.335],[127.457,-1.454],[127.397,-1.57],[126.409,-1.817],[126.024,-1.79],[125.521,-1.801],[125.318,-1.837],[125.258,-1.771],[125.198,-1.78],[125.188,-1.713],[125.146,-1.693],[125.063,-1.741],[124.664,-1.636],[124.418,-1.659],[124.358,-1.766],[123.68,-1.7],[123.516,-1.436],[123.541,-1.274],[123.372,-1.006],[123.424,-0.737],[123.481,-0.723],[123.499,0.302],[123.754,0.305],[124.217,0.381],[124.384,0.445],[124.514,0.557],[124.698,0.826],[124.967,1.083],[125.117,1.379],[125.234,1.502],[125.155,1.651],[125.335,1.956],[125.465,2.353],[125.425,2.628],[125.651,3.427],[125.676,3.397],[126.646,4.004],[126.722,3.832],[126.74,3.918],[126.667,4.017],[126.708,4.044],[126.711,4.02],[126.776,4.013],[126.816,4.033],[126.848,4.18],[126.94,4.28]],[[127.527,-0.306],[127.455,-0.406],[127.371,-0.332],[127.325,-0.336],[127.297,-0.46],[127.381,-0.599],[127.468,-0.643],[127.438,-0.739],[127.463,-0.806],[127.624,-0.766],[127.667,-0.832],[127.761,-0.884],[127.842,-0.848],[127.88,-0.809],[127.838,-0.724],[127.804,-0.694],[127.658,-0.689],[127.605,-0.61],[127.682,-0.468],[127.527,-0.306]],[[127.119,-0.521],[127.25,-0.495],[127.281,-0.391],[127.253,-0.318],[127.29,-0.285],[127.19,-0.256],[127.127,-0.279],[127.119,-0.521]]]},"properties":{"name":"Molucca Sea","name_en":"Molucca Sea","name_zh":"马鲁古海","featurecla":"sea","scalerank":4,"min_label":5.7,"max_label":10,"label":"Molucca Sea","wikidataid":"Q185291"}},{"type":"Feature","geometry":{"type":"Polygon","coordinates":[[[150.451,-2.525],[150.824,-2.56],[151.034,-2.71],[150.825,-2.573],[150.826,-2.713],[150.746,-2.739],[150.848,-2.78],[150.968,-2.78],[151.067,-2.829],[151.578,-3.154],[151.88,-3.4],[152.216,-3.527],[152.599,-3.995],[152.668,-4.132],[152.69,-4.375],[152.378,-4.437],[152.405,-4.341],[152.197,-4.285],[152.117,-4.212],[151.968,-4.317],[151.82,-4.217],[151.593,-4.201],[151.544,-4.299],[151.665,-4.637],[151.671,-4.883],[151.573,-4.938],[151.326,-4.96],[151.138,-5.113],[150.953,-5.424],[150.734,-5.511],[150.626,-5.521],[150.519,-5.46],[150.405,-5.473],[150.299,-5.536],[150.183,-5.523],[150.106,-5.429],[150.072,-5.31],[150.081,-5.186],[150.17,-5.07],[150.09,-5.012],[150.045,-5.034],[150.012,-5.14],[149.963,-5.448],[149.832,-5.524],[149.632,-5.516],[149.359,-5.584],[148.999,-5.485],[148.783,-5.512],[148.666,-5.487],[148.565,-5.508],[148.432,-5.472],[147.787,-5.486],[147.449,-5.981],[147.034,-5.919],[146.404,-5.617],[145.853,-5.472],[145.745,-5.402],[145.793,-5.178],[145.767,-4.823],[145.335,-4.385],[145.088,-4.349],[144.844,-4.102],[144.627,-3.993],[144.478,-3.825],[144.066,-3.805],[143.509,-3.431],[142.905,-3.32],[142.212,-3.083],[141.975,-2.961],[142.576,-1.845],[143.249,-1.387],[144.328,-1.535],[145.163,-1.777],[146.608,-2.008],[146.607,-2.102],[146.532,-2.126],[146.546,-2.209],[146.748,-2.149],[146.926,-2.189],[147.206,-2.182],[147.337,-2.066],[147.438,-2.059],[147.444,-2.011],[147.125,-1.971],[147.311,-1.958],[149.969,-2.479],[150.043,-2.512],[150.166,-2.66],[150.237,-2.675],[150.436,-2.662],[150.451,-2.525]],[[147.029,-5.342],[147.12,-5.438],[147.176,-5.432],[147.222,-5.382],[147.206,-5.251],[147.131,-5.191],[147.015,-5.257],[147.029,-5.342]]]},"properties":{"name":"Bismarck Sea","name_en":"Bismarck Sea","name_zh":"俾斯麦海","featurecla":"sea","scalerank":4,"min_label":5.7,"max_label":10,"label":"Bismarck Sea","wikidataid":"Q199436"}},{"type":"Feature","geometry":{"type":"Polygon","coordinates":[[[161.493,-9.525],[161.599,-9.684],[161.389,-10.208],[161.305,-10.204],[161.294,-10.327],[161.487,-10.362],[161.538,-10.566],[161.787,-10.717],[162.118,-10.822],[160.558,-11.765],[160.0,-11.472],[159.983,-11.519],[153.755,-11.589],[153.703,-11.528],[153.284,-11.35],[153.185,-11.236],[151.28,-10.989],[150.68,-10.566],[150.618,-10.557],[150.647,-10.518],[150.489,-10.426],[150.41,-10.339],[150.446,-10.308],[150.637,-10.338],[150.85,-10.236],[150.667,-10.257],[150.539,-10.207],[150.364,-10.19],[149.874,-10.013],[149.763,-9.869],[149.761,-9.806],[149.984,-9.737],[150.011,-9.688],[149.865,-9.63],[149.476,-9.588],[149.263,-9.498],[149.203,-9.407],[149.264,-9.181],[149.248,-9.071],[149.198,-9.031],[149.098,-9.017],[148.792,-9.089],[148.68,-9.092],[148.583,-9.052],[148.451,-8.695],[148.247,-8.554],[148.127,-8.104],[147.724,-7.876],[147.26,-7.464],[146.961,-6.929],[146.953,-6.834],[147.119,-6.722],[147.71,-6.724],[147.811,-6.703],[147.846,-6.662],[147.855,-6.551],[147.802,-6.315],[147.567,-6.057],[147.449,-5.981],[147.787,-5.486],[148.415,-5.486],[148.345,-5.545],[148.337,-5.669],[148.401,-5.765],[148.719,-5.867],[149.127,-6.128],[149.382,-6.078],[149.483,-6.125],[149.653,-6.291],[150.428,-6.276],[150.809,-6.072],[151.043,-6.015],[151.229,-5.92],[151.422,-5.747],[151.515,-5.552],[151.865,-5.565],[152.077,-5.458],[152.143,-5.357],[151.994,-5.149],[151.984,-5.075],[152.013,-5.004],[152.258,-4.955],[152.351,-4.822],[152.4,-4.731],[152.378,-4.437],[152.69,-4.375],[152.681,-4.498],[152.74,-4.636],[152.892,-4.832],[153.024,-4.666],[153.044,-4.476],[153.132,-4.352],[153.132,-4.286],[154.19,-4.498],[154.572,-5.074],[154.54,-5.111],[154.627,-5.441],[154.698,-5.383],[154.714,-5.293],[154.858,-5.514],[154.73,-5.445],[154.709,-5.747],[154.759,-5.931],[155.01,-6.21],[155.202,-6.308],[155.234,-6.412],[155.208,-6.527],[155.26,-6.626],[155.427,-6.783],[155.521,-6.83],[155.719,-6.863],[155.892,-6.762],[155.915,-6.797],[155.933,-6.781],[155.958,-6.687],[155.928,-6.565],[155.839,-6.405],[156.519,-6.615],[156.452,-6.638],[156.457,-6.715],[156.495,-6.762],[156.696,-6.911],[156.904,-7.181],[157.102,-7.324],[157.315,-7.342],[157.339,-7.393],[157.442,-7.426],[157.519,-7.365],[157.336,-7.28],[157.193,-7.16],[157.123,-7.028],[157.524,-7.302],[158.265,-7.355],[158.681,-7.593],[158.457,-7.545],[158.565,-7.651],[158.597,-7.759],[158.944,-8.041],[159.291,-8.204],[159.354,-8.26],[159.644,-8.372],[159.881,-8.558],[159.794,-8.406],[159.843,-8.327],[159.431,-8.029],[159.198,-7.909],[159.109,-7.904],[158.789,-7.655],[159.747,-8.202],[160.646,-8.255],[160.694,-8.326],[160.596,-8.328],[160.591,-8.373],[160.714,-8.539],[160.663,-8.621],[160.772,-8.964],[160.873,-9.157],[161.041,-9.308],[161.191,-9.393],[161.322,-9.589],[161.367,-9.611],[161.368,-9.491],[161.258,-9.317],[161.257,-9.192],[161.204,-9.093],[161.383,-9.36],[161.417,-9.514],[161.41,-9.682],[161.442,-9.719],[161.478,-9.691],[161.554,-9.769],[161.548,-9.626],[161.493,-9.525]],[[159.625,-9.311],[159.622,-9.532],[159.756,-9.726],[159.854,-9.792],[160.321,-9.821],[160.482,-9.895],[160.649,-9.929],[160.819,-9.863],[160.794,-9.767],[160.682,-9.692],[160.626,-9.589],[160.355,-9.422],[159.97,-9.433],[159.75,-9.273],[159.686,-9.269],[159.625,-9.311]],[[158.132,-8.557],[157.998,-8.508],[157.909,-8.566],[157.879,-8.669],[157.937,-8.736],[158.009,-8.763],[158.108,-8.684],[158.069,-8.607],[158.132,-8.557]],[[157.434,-7.985],[157.321,-8.161],[157.228,-8.212],[157.233,-8.315],[157.302,-8.333],[157.352,-8.275],[157.558,-8.27],[157.588,-8.445],[157.749,-8.524],[157.819,-8.612],[157.834,-8.572],[157.885,-8.569],[157.898,-8.506],[157.826,-8.324],[157.763,-8.242],[157.651,-8.217],[157.612,-8.165],[157.599,-8.006],[157.491,-7.966],[157.434,-7.985]],[[157.024,-7.868],[156.959,-7.938],[156.958,-8.014],[157.041,-8.117],[157.15,-8.123],[157.191,-8.082],[157.186,-7.941],[157.103,-7.855],[157.024,-7.868]],[[156.612,-7.806],[156.669,-7.937],[156.688,-7.923],[156.809,-7.723],[156.718,-7.696],[156.561,-7.574],[156.502,-7.64],[156.511,-7.708],[156.612,-7.806]],[[152.515,-9.01],[152.638,-9.058],[152.72,-9.167],[152.867,-9.224],[152.967,-9.209],[152.959,-9.169],[152.995,-9.131],[152.81,-8.967],[152.631,-8.959],[152.515,-9.01]],[[151.296,-9.957],[151.256,-9.923],[151.123,-10.02],[151.081,-10.02],[151.044,-9.983],[151.051,-9.939],[150.776,-9.709],[150.896,-9.968],[150.952,-9.999],[150.959,-10.093],[151.231,-10.195],[151.296,-9.957]],[[150.789,-9.418],[150.669,-9.429],[150.528,-9.347],[150.437,-9.36],[150.435,-9.435],[150.508,-9.536],[150.436,-9.624],[150.81,-9.655],[150.848,-9.663],[150.844,-9.703],[150.894,-9.667],[150.879,-9.513],[150.789,-9.418]],[[150.32,-9.264],[150.208,-9.206],[150.135,-9.259],[150.11,-9.362],[150.331,-9.519],[150.368,-9.396],[150.32,-9.264]],[[148.076,-5.65],[147.847,-5.491],[147.795,-5.492],[147.783,-5.522],[147.781,-5.627],[147.985,-5.834],[148.026,-5.827],[148.06,-5.765],[148.076,-5.65]]]},"properties":{"name":"Solomon Sea","name_en":"Solomon Sea","name_zh":"所罗门海","featurecla":"sea","scalerank":4,"min_label":5.7,"max_label":10,"label":"Solomon Sea","wikidataid":"Q199479"}},{"type":"Feature","geometry":{"type":"Polygon","coordinates":[[[108.701,18.538],[106.512,17.903],[106.412,18.053],[106.239,18.221],[106.066,18.316],[105.889,18.502],[105.622,18.966],[105.639,19.057],[105.717,19.128],[105.791,19.294],[105.814,19.588],[105.984,19.939],[106.062,19.987],[106.166,19.992],[106.518,20.289],[106.573,20.392],[106.55,20.526],[106.753,20.735],[106.683,21.0],[106.886,20.95],[107.075,20.999],[107.165,20.949],[107.354,21.055],[107.41,21.285],[107.637,21.368],[107.809,21.497],[108.067,21.526],[108.145,21.565],[108.246,21.558],[108.325,21.694],[108.383,21.679],[108.444,21.608],[108.502,21.633],[108.526,21.672],[108.48,21.904],[108.594,21.901],[108.616,21.771],[108.772,21.63],[109.031,21.627],[109.102,21.591],[109.133,21.543],[109.081,21.44],[109.347,21.454],[109.544,21.538],[109.522,21.693],[109.594,21.672],[109.687,21.524],[109.743,21.528],[109.759,21.56],[109.83,21.484],[109.931,21.481],[109.921,21.376],[109.779,21.338],[109.76,21.229],[109.681,21.132],[109.704,21.053],[109.663,20.917],[109.805,20.712],[109.792,20.622],[109.984,20.403],[109.886,20.413],[109.883,20.364],[109.938,20.295],[109.864,20.303],[109.758,19.985],[110.096,20.002],[109.906,19.963],[109.651,19.985],[109.584,19.97],[109.514,19.904],[109.264,19.882],[109.177,19.769],[109.277,19.761],[108.694,19.338],[108.65,19.265],[108.635,18.908],[108.701,18.538]]]},"properties":{"name":"Gulf of Tonkin","name_en":"Gulf of Tonkin","name_zh":"北部湾","featurecla":"gulf","scalerank":4,"min_label":5.7,"max_label":10,"label":"Gulf of Tonkin","wikidataid":"Q212428"}},{"type":"Feature","geometry":{"type":"Polygon","coordinates":[[[-66.192,44.147],[-67.187,44.679],[-66.987,44.828],[-67.014,44.868],[-67.107,44.885],[-67.114,44.944],[-67.08,44.989],[-67.125,45.169],[-67.084,45.144],[-66.919,45.145],[-66.872,45.067],[-66.511,45.143],[-66.44,45.096],[-66.144,45.227],[-66.108,45.257],[-66.183,45.335],[-66.027,45.417],[-66.11,45.317],[-65.956,45.223],[-65.884,45.223],[-65.545,45.337],[-64.898,45.626],[-64.778,45.639],[-64.594,45.814],[-64.633,45.947],[-64.482,45.806],[-64.315,45.836],[-64.56,45.625],[-64.828,45.476],[-64.913,45.375],[-64.873,45.354],[-64.747,45.324],[-64.6,45.41],[-64.336,45.389],[-64.087,45.411],[-63.906,45.378],[-63.615,45.394],[-63.368,45.365],[-63.46,45.321],[-63.749,45.311],[-64.093,45.217],[-64.182,45.147],[-64.135,45.023],[-64.235,45.114],[-64.354,45.138],[-64.331,45.309],[-64.448,45.337],[-64.407,45.306],[-64.449,45.256],[-64.903,45.121],[-65.657,44.76],[-65.728,44.697],[-65.502,44.76],[-65.616,44.68],[-65.917,44.615],[-66.022,44.562],[-66.146,44.436],[-65.942,44.575],[-65.868,44.569],[-66.1,44.367],[-66.192,44.147]]]},"properties":{"name":"Bay of Fundy","name_en":"Bay of Fundy","name_zh":"芬迪湾","featurecla":"bay","scalerank":4,"min_label":5.7,"max_label":10,"label":"Bay of Fundy","wikidataid":"Q181857"}},{"type":"Feature","geometry":{"type":"Polygon","coordinates":[[[-54.913,-34.931],[-54.919,-34.963],[-56.75,-36.346],[-56.937,-36.353],[-57.076,-36.297],[-57.265,-36.144],[-57.375,-35.9],[-57.354,-35.72],[-57.159,-35.506],[-57.171,-35.363],[-57.304,-35.188],[-57.548,-35.019],[-57.764,-34.895],[-58.283,-34.684],[-58.466,-34.457],[-58.526,-34.296],[-58.436,-34.252],[-58.392,-34.193],[-58.456,-33.898],[-58.547,-33.663],[-58.425,-33.112],[-58.376,-33.072],[-58.251,-33.078],[-58.171,-32.959],[-58.22,-32.564],[-58.201,-32.472],[-58.082,-32.893],[-58.093,-32.968],[-58.221,-33.129],[-58.364,-33.182],[-58.353,-33.26],[-58.438,-33.719],[-58.4,-33.913],[-57.961,-34.307],[-57.873,-34.448],[-57.829,-34.477],[-57.171,-34.452],[-56.855,-34.677],[-56.463,-34.775],[-56.388,-34.861],[-56.25,-34.901],[-56.118,-34.908],[-55.863,-34.811],[-55.673,-34.776],[-55.371,-34.807],[-55.238,-34.896],[-54.913,-34.931]]]},"properties":{"name":"Río de la Plata","name_en":"Río de la Plata","name_zh":"拉普拉塔河","featurecla":"gulf","scalerank":4,"min_label":5.7,"max_label":10,"label":"Río de la Plata","wikidataid":"Q35827"}},{"type":"Feature","geometry":{"type":"Polygon","coordinates":[[[102.942,0.743],[102.907,0.686],[102.566,0.749],[102.39,0.842],[102.239,0.99],[102.157,1.259],[102.02,1.442],[101.785,1.621],[101.477,1.693],[101.405,1.757],[101.301,2.012],[101.046,2.257],[100.936,2.295],[100.828,2.243],[100.817,2.14],[100.877,2.051],[100.888,1.948],[100.685,2.12],[100.524,2.189],[100.127,2.647],[99.907,2.988],[99.732,3.183],[99.151,3.581],[98.778,3.759],[98.659,3.928],[98.307,4.093],[98.241,4.195],[98.273,4.322],[98.248,4.414],[98.0,4.662],[97.908,4.88],[97.547,5.206],[97.451,5.236],[97.191,5.208],[96.968,5.269],[96.843,5.274],[96.615,5.22],[96.251,5.267],[96.028,5.351],[95.737,5.579],[95.451,5.627],[98.357,7.83],[98.399,7.829],[98.435,8.086],[98.351,8.111],[98.313,8.221],[98.421,8.178],[98.5,8.318],[98.579,8.344],[98.703,8.257],[98.789,8.06],[98.974,7.963],[99.051,7.888],[99.043,7.766],[99.078,7.718],[99.183,7.718],[99.264,7.619],[99.359,7.372],[99.435,7.334],[99.597,7.355],[99.553,7.219],[99.603,7.155],[99.668,7.151],[99.721,7.106],[99.696,6.877],[99.869,6.75],[100.119,6.442],[100.158,6.324],[100.263,6.182],[100.343,5.984],[100.374,5.778],[100.353,5.588],[100.474,5.044],[100.614,4.652],[100.614,4.374],[100.661,4.226],[100.795,4.023],[100.715,3.966],[100.851,3.777],[101.025,3.625],[101.3,3.253],[101.354,3.011],[101.295,2.885],[101.407,2.814],[101.52,2.683],[101.781,2.573],[102.146,2.248],[102.548,2.043],[102.727,1.855],[103.357,1.546],[103.48,1.329],[103.505,1.33],[103.311,1.032],[103.147,0.898],[102.999,1.068],[102.79,1.165],[102.726,1.159],[102.702,1.054],[102.887,0.997],[103.063,0.864],[103.007,0.84],[102.726,0.989],[102.549,1.13],[102.507,1.089],[102.454,0.89],[102.49,0.857],[102.942,0.743]],[[102.274,1.453],[102.499,1.331],[102.47,1.51],[102.042,1.625],[102.024,1.608],[102.021,1.558],[102.079,1.499],[102.274,1.453]],[[102.449,1.156],[102.358,1.346],[102.256,1.397],[102.229,1.348],[102.255,1.147],[102.381,0.96],[102.427,0.99],[102.449,1.156]],[[101.708,2.079],[101.641,2.127],[101.545,2.061],[101.45,2.068],[101.41,2.021],[101.403,1.901],[101.501,1.733],[101.603,1.716],[101.719,1.789],[101.774,1.944],[101.708,2.079]]]},"properties":{"name":"Strait of Malacca","name_en":"Strait of Malacca","name_zh":"马六甲海峡","featurecla":"strait","scalerank":4,"min_label":5.7,"max_label":10,"label":"Strait of Malacca","wikidataid":"Q48359"}},{"type":"Feature","geometry":{"type":"Polygon","coordinates":[[[104.248,1.091],[104.132,1.107],[104.14,1.166],[104.088,1.137],[104.025,1.181],[104.0,1.137],[103.955,1.137],[103.948,1.092],[103.424,1.048],[103.375,1.13],[103.505,1.33],[103.55,1.333],[103.695,1.449],[103.817,1.476],[103.991,1.455],[103.981,1.624],[104.076,1.53],[104.115,1.412],[104.177,1.365],[104.277,1.412],[104.422,1.408],[104.489,1.263],[104.43,1.195],[104.362,1.182],[104.248,1.091]],[[103.996,1.365],[103.818,1.447],[103.705,1.424],[103.65,1.326],[103.82,1.265],[103.996,1.365]]]},"properties":{"name":"Strait of Singapore","name_en":"Singapore Strait","name_zh":"新加坡海峡","featurecla":"strait","scalerank":4,"min_label":5.7,"max_label":10,"label":"Strait of Singapore","wikidataid":"Q205655"}},{"type":"Feature","geometry":{"type":"Polygon","coordinates":[[[118.958,0.954],[120.853,1.288],[120.876,1.259],[120.755,1.036],[120.602,0.855],[120.517,0.818],[120.416,0.849],[120.323,0.983],[120.27,0.971],[120.23,0.861],[120.056,0.693],[120.035,0.567],[119.913,0.445],[119.809,0.239],[119.866,0.04],[119.838,-0.022],[119.736,-0.051],[119.722,-0.088],[119.844,-0.862],[119.711,-0.681],[119.508,-0.907],[119.309,-1.408],[119.308,-1.66],[119.348,-1.825],[119.322,-1.93],[119.172,-2.14],[119.092,-2.483],[118.783,-2.721],[118.858,-2.929],[118.813,-3.157],[118.868,-3.398],[118.995,-3.538],[119.362,-3.459],[119.467,-3.513],[119.495,-3.554],[119.48,-3.73],[119.624,-4.034],[119.594,-4.523],[119.516,-4.742],[119.52,-4.877],[119.362,-5.32],[116.18,-3.977],[116.303,-3.868],[116.289,-3.821],[116.319,-3.763],[116.262,-3.395],[116.257,-3.126],[116.154,-2.984],[116.166,-2.935],[116.226,-2.977],[116.289,-2.959],[116.331,-2.902],[116.375,-2.578],[116.307,-2.603],[116.317,-2.552],[116.353,-2.522],[116.45,-2.538],[116.529,-2.511],[116.565,-2.3],[116.528,-2.208],[116.314,-2.14],[116.424,-2.053],[116.452,-1.923],[116.424,-1.785],[116.276,-1.785],[116.332,-1.712],[116.518,-1.598],[116.554,-1.474],[116.753,-1.327],[116.771,-1.267],[116.729,-1.151],[116.74,-1.044],[116.797,-1.184],[116.914,-1.224],[117.003,-1.188],[117.241,-0.926],[117.562,-0.771],[117.549,-0.554],[117.463,-0.324],[117.522,0.236],[117.745,0.73],[117.923,0.831],[117.964,0.89],[117.977,0.964],[117.912,1.099],[118.196,0.874],[118.535,0.814],[118.757,0.839],[118.892,0.887],[118.958,0.954]]]},"properties":{"name":"Makassar Strait","name_en":"Makassar Strait","name_zh":"望加锡海峡","featurecla":"strait","scalerank":4,"min_label":5.7,"max_label":10,"label":"Makassar Strait","wikidataid":"Q194477"}},{"type":"Feature","geometry":{"type":"Polygon","coordinates":[[[125.912,-1.988],[125.894,-1.911],[126.288,-1.859],[126.325,-1.822],[127.397,-1.57],[127.417,-1.541],[127.392,-1.645],[127.562,-1.729],[127.741,-1.691],[128.061,-1.712],[128.153,-1.66],[128.149,-1.604],[128.095,-1.57],[129.196,-1.182],[129.902,-1.252],[130.986,-1.455],[130.996,-1.424],[131.179,-1.448],[131.294,-1.393],[131.731,-1.541],[131.93,-1.559],[131.936,-1.715],[132.023,-1.99],[132.308,-2.242],[132.502,-2.218],[132.963,-2.273],[133.225,-2.214],[133.488,-2.226],[133.711,-2.189],[133.922,-2.102],[133.903,-2.184],[133.791,-2.294],[133.899,-2.304],[133.905,-2.391],[133.753,-2.45],[133.7,-2.625],[133.609,-2.547],[133.191,-2.438],[133.034,-2.488],[132.897,-2.658],[132.725,-2.789],[132.575,-2.727],[132.23,-2.68],[131.971,-2.789],[132.054,-2.915],[132.348,-2.975],[132.752,-3.295],[132.83,-3.413],[132.87,-3.551],[132.754,-3.704],[132.837,-3.949],[132.969,-4.095],[133.249,-4.062],[133.401,-3.899],[133.409,-3.774],[133.535,-4.216],[133.321,-4.111],[133.333,-4.17],[133.519,-4.263],[133.158,-5.336],[131.807,-4.427],[130.748,-3.863],[130.761,-3.836],[130.805,-3.858],[130.846,-3.533],[130.774,-3.419],[130.671,-3.391],[130.57,-3.131],[130.379,-2.989],[129.984,-2.977],[129.6,-2.806],[129.484,-2.786],[129.116,-2.937],[129.057,-2.838],[128.991,-2.828],[128.196,-2.869],[128.173,-2.84],[127.749,-2.805],[126.832,-2.91],[125.986,-3.052],[126.021,-2.454],[126.055,-2.451],[126.066,-2.366],[125.976,-2.168],[125.993,-2.012],[125.963,-1.976],[125.912,-1.988]],[[130.353,-1.691],[129.994,-1.759],[129.738,-1.867],[129.886,-1.986],[130.093,-2.028],[130.133,-2.064],[130.248,-2.048],[130.339,-1.982],[130.419,-1.971],[130.38,-1.903],[130.425,-1.804],[130.366,-1.75],[130.353,-1.691]]]},"properties":{"name":"Ceram Sea","name_en":"Ceram Sea","name_zh":"塞兰海","featurecla":"sea","scalerank":4,"min_label":5.7,"max_label":10,"label":"Ceram Sea","wikidataid":"Q210855"}},{"type":"Feature","geometry":{"type":"Polygon","coordinates":[[[132.492,33.008],[132.495,32.896],[132.004,32.894],[132.009,32.919],[131.91,32.973],[131.949,33.047],[131.848,33.118],[131.896,33.254],[131.537,33.274],[131.711,33.502],[131.724,33.554],[131.696,33.603],[131.583,33.652],[131.366,33.571],[131.175,33.603],[131.058,33.673],[130.953,33.872],[130.859,33.91],[130.937,33.983],[131.072,34.021],[131.232,33.948],[131.476,34.019],[131.74,34.052],[132.146,33.839],[132.238,34.227],[132.312,34.325],[132.421,34.354],[132.656,34.246],[133.019,34.33],[133.142,34.302],[133.445,34.433],[133.877,34.495],[133.968,34.527],[134.208,34.698],[134.472,34.755],[134.74,34.765],[135.042,34.631],[135.355,34.654],[135.416,34.618],[135.412,34.547],[135.309,34.417],[135.1,34.288],[135.136,34.183],[135.128,34.007],[135.171,33.908],[134.736,33.822],[134.675,33.848],[134.695,33.928],[134.635,34.044],[134.638,34.227],[134.496,34.215],[134.076,34.358],[133.948,34.348],[133.706,34.237],[133.603,34.244],[133.643,34.134],[133.627,34.069],[133.582,34.017],[133.472,33.973],[133.35,33.977],[133.134,33.927],[132.99,34.088],[132.935,34.095],[132.784,33.993],[132.643,33.69],[132.032,33.34],[132.413,33.431],[132.405,33.331],[132.511,33.293],[132.476,33.126],[132.428,33.059],[132.492,33.008]],[[135.005,34.544],[134.834,34.473],[134.668,34.294],[134.684,34.247],[134.731,34.209],[134.824,34.203],[134.933,34.288],[134.905,34.399],[135.005,34.544]]]},"properties":{"name":"Inner Sea","name_en":"Seto Inland Sea","name_zh":"濑户内海","featurecla":"sea","scalerank":4,"min_label":5.7,"max_label":10,"label":null,"wikidataid":"Q231312"}},{"type":"Feature","geometry":{"type":"Polygon","coordinates":[[[120.094,23.078],[120.059,23.054],[117.461,23.755],[117.433,23.792],[117.466,23.841],[117.628,23.837],[117.668,23.939],[117.742,24.015],[117.839,24.012],[118.056,24.246],[118.024,24.38],[117.879,24.396],[117.843,24.475],[118.006,24.482],[118.014,24.56],[118.087,24.627],[118.195,24.626],[118.295,24.573],[118.412,24.6],[118.56,24.58],[118.657,24.622],[118.719,24.746],[118.637,24.835],[118.909,24.929],[118.956,25.005],[118.914,25.127],[118.977,25.209],[119.236,25.206],[119.285,25.232],[119.264,25.271],[121.082,25.065],[120.63,24.479],[120.159,23.709],[120.125,23.527],[120.143,23.399],[120.072,23.15],[120.094,23.078]]]},"properties":{"name":"Taiwan Strait","name_en":"Taiwan Strait","name_zh":"台湾海峡","featurecla":"strait","scalerank":4,"min_label":5.7,"max_label":10,"label":"Taiwan Strait","wikidataid":"Q127031"}},{"type":"Feature","geometry":{"type":"Polygon","coordinates":[[[-151.959,59.278],[-153.329,58.887],[-153.419,58.96],[-153.657,59.039],[-154.13,59.12],[-154.178,59.156],[-154.067,59.337],[-154.088,59.364],[-153.752,59.51],[-153.61,59.615],[-153.671,59.635],[-153.652,59.647],[-153.414,59.74],[-153.367,59.73],[-153.364,59.66],[-153.094,59.709],[-153.048,59.73],[-153.025,59.794],[-153.211,59.842],[-152.76,59.921],[-152.66,59.997],[-152.628,60.041],[-152.665,60.125],[-153.025,60.295],[-152.654,60.238],[-152.369,60.336],[-152.26,60.409],[-152.305,60.453],[-152.271,60.528],[-151.996,60.682],[-151.751,60.755],[-151.784,60.833],[-151.734,60.911],[-151.593,60.98],[-151.15,61.086],[-150.946,61.198],[-150.567,61.307],[-150.472,61.26],[-149.976,61.279],[-149.824,61.414],[-149.695,61.471],[-149.329,61.497],[-149.737,61.363],[-149.895,61.232],[-150.053,61.171],[-149.593,60.994],[-149.142,60.936],[-149.075,60.876],[-149.632,60.952],[-150.113,60.933],[-150.349,61.023],[-150.441,61.024],[-151.356,60.723],[-151.312,60.466],[-151.396,60.274],[-151.735,59.988],[-151.853,59.782],[-151.817,59.721],[-151.764,59.7],[-151.45,59.65],[-151.09,59.79],[-151.046,59.772],[-151.19,59.638],[-151.4,59.516],[-151.85,59.406],[-151.932,59.343],[-151.959,59.278]]]},"properties":{"name":"Cook Inlet","name_en":"Tikahtnu Inlet","name_zh":"库克湾","featurecla":"bay","scalerank":4,"min_label":5.7,"max_label":10,"label":"Cook Inlet","wikidataid":"Q1129590"}},{"type":"Feature","geometry":{"type":"Polygon","coordinates":[[[-161.438,55.968],[-162.132,58.643],[-161.756,58.612],[-161.361,58.669],[-161.328,58.744],[-161.247,58.799],[-160.817,58.872],[-160.363,59.051],[-160.153,58.906],[-159.92,58.82],[-159.67,58.911],[-159.454,58.793],[-159.083,58.47],[-158.951,58.405],[-158.788,58.441],[-158.772,58.521],[-158.862,58.719],[-158.776,58.903],[-158.81,58.974],[-158.678,58.929],[-158.514,59.073],[-158.423,59.09],[-158.08,58.977],[-158.425,58.999],[-158.503,58.85],[-158.303,58.642],[-158.191,58.614],[-157.142,58.878],[-156.963,58.989],[-156.809,59.134],[-157.041,58.772],[-156.974,58.736],[-157.229,58.641],[-157.461,58.503],[-157.524,58.421],[-157.488,58.254],[-157.194,58.194],[-157.555,58.14],[-157.611,58.051],[-157.621,57.895],[-157.697,57.679],[-157.571,57.541],[-157.462,57.506],[-157.535,57.483],[-157.737,57.548],[-157.846,57.528],[-158.321,57.298],[-158.661,57.039],[-158.675,56.795],[-158.895,56.817],[-158.918,56.882],[-159.283,56.689],[-159.785,56.562],[-160.302,56.314],[-160.539,56.007],[-160.48,55.936],[-160.308,55.865],[-160.27,55.832],[-160.292,55.805],[-160.437,55.817],[-160.531,55.864],[-160.706,55.871],[-160.759,55.855],[-160.745,55.772],[-160.803,55.755],[-161.005,55.887],[-161.008,55.912],[-160.902,55.941],[-160.878,55.971],[-160.899,55.994],[-161.193,55.954],[-161.223,55.977],[-161.179,56.014],[-161.216,56.021],[-161.438,55.968]],[[-160.919,58.577],[-160.715,58.795],[-160.986,58.736],[-161.132,58.668],[-161.07,58.569],[-160.919,58.577]]]},"properties":{"name":"Bristol Bay","name_en":"Bristol Bay","name_zh":"布里斯托爾灣","featurecla":"bay","scalerank":4,"min_label":5.7,"max_label":10,"label":"Bristol Bay","wikidataid":"Q917872"}},{"type":"Feature","geometry":{"type":"Polygon","coordinates":[[[-57.197,74.135],[-66.731,75.974],[-66.675,75.977],[-67.055,76.152],[-67.079,76.195],[-66.874,76.218],[-66.466,76.139],[-65.954,76.242],[-65.574,76.144],[-65.37,76.131],[-64.912,76.173],[-64.307,76.316],[-63.96,76.209],[-63.843,76.217],[-63.439,76.339],[-63.291,76.352],[-62.743,76.252],[-62.097,76.242],[-61.188,76.158],[-59.445,75.859],[-59.082,75.765],[-58.516,75.689],[-58.249,75.507],[-58.281,75.472],[-58.603,75.385],[-58.565,75.353],[-58.253,75.279],[-57.813,75.04],[-57.191,74.894],[-56.871,74.695],[-56.256,74.527],[-56.718,74.429],[-56.655,74.378],[-56.639,74.279],[-56.706,74.219],[-57.197,74.135]]]},"properties":{"name":"Melville Bay","name_en":"Melville Bay","name_zh":"梅尔维尔湾","featurecla":"bay","scalerank":4,"min_label":5.7,"max_label":10,"label":"Melville Bay","wikidataid":"Q2336534"}},{"type":"Feature","geometry":{"type":"Polygon","coordinates":[[[-65.738,43.561],[-69.945,41.686],[-69.978,41.961],[-70.109,42.078],[-70.24,42.085],[-70.614,42.623],[-70.604,42.65],[-70.736,42.669],[-70.829,42.825],[-70.733,43.07],[-70.643,43.135],[-70.521,43.349],[-70.203,43.626],[-70.269,43.672],[-70.179,43.766],[-69.965,43.855],[-69.974,43.788],[-69.873,43.819],[-69.809,43.772],[-69.795,43.911],[-69.73,43.852],[-69.699,43.955],[-69.653,43.994],[-69.624,43.881],[-69.59,43.886],[-69.557,43.983],[-69.521,43.898],[-69.344,44.001],[-69.226,43.987],[-69.068,44.098],[-69.064,44.172],[-68.956,44.348],[-68.961,44.434],[-68.848,44.485],[-68.763,44.571],[-68.795,44.454],[-68.71,44.443],[-68.812,44.339],[-68.612,44.31],[-68.533,44.258],[-68.522,44.38],[-68.451,44.508],[-68.374,44.445],[-68.277,44.507],[-68.152,44.502],[-68.117,44.491],[-68.057,44.384],[-67.963,44.464],[-67.907,44.454],[-67.839,44.576],[-67.653,44.562],[-67.599,44.577],[-67.556,44.645],[-67.364,44.697],[-67.187,44.679],[-66.192,44.147],[-66.126,43.814],[-66.038,43.742],[-65.978,43.815],[-65.887,43.795],[-65.738,43.561]]]},"properties":{"name":"Gulf of Maine","name_en":"Gulf of Maine","name_zh":"缅因湾","featurecla":"gulf","scalerank":4,"min_label":5.7,"max_label":10,"label":"Gulf of Maine","wikidataid":"Q876470"}},{"type":"Feature","geometry":{"type":"Polygon","coordinates":[[[-75.939,37.158],[-76.001,36.913],[-76.244,36.953],[-76.399,36.89],[-76.488,36.897],[-76.505,36.961],[-76.634,37.048],[-76.672,37.173],[-77.251,37.329],[-77.007,37.317],[-76.704,37.218],[-76.631,37.222],[-76.603,37.143],[-76.462,37.031],[-76.401,36.991],[-76.339,37.013],[-76.283,37.053],[-76.327,37.149],[-76.611,37.323],[-76.738,37.449],[-76.758,37.505],[-76.539,37.309],[-76.454,37.273],[-76.393,37.3],[-76.401,37.386],[-76.263,37.357],[-76.269,37.495],[-76.368,37.53],[-76.306,37.571],[-76.55,37.669],[-76.925,38.033],[-77.111,38.166],[-76.94,38.095],[-76.829,37.961],[-76.492,37.682],[-76.344,37.676],[-76.306,37.722],[-76.264,37.894],[-76.472,38.011],[-76.55,38.095],[-76.906,38.197],[-77.047,38.357],[-77.232,38.34],[-77.314,38.396],[-77.26,38.6],[-77.045,38.776],[-77.03,38.889],[-77.018,38.778],[-77.221,38.541],[-77.232,38.408],[-77.156,38.397],[-77.001,38.445],[-76.89,38.292],[-76.868,38.39],[-76.769,38.263],[-76.454,38.174],[-76.341,38.087],[-76.333,38.141],[-76.409,38.268],[-76.642,38.455],[-76.669,38.538],[-76.677,38.612],[-76.572,38.436],[-76.439,38.361],[-76.394,38.369],[-76.501,38.532],[-76.537,38.742],[-76.494,38.945],[-76.559,39.065],[-76.473,39.031],[-76.42,39.074],[-76.427,39.126],[-76.489,39.159],[-76.57,39.27],[-76.421,39.225],[-76.406,39.304],[-76.359,39.325],[-76.331,39.404],[-76.277,39.323],[-76.247,39.439],[-76.216,39.38],[-76.141,39.403],[-76.097,39.433],[-76.063,39.561],[-75.959,39.585],[-75.97,39.504],[-75.873,39.511],[-76.003,39.411],[-75.876,39.376],[-76.074,39.369],[-76.153,39.315],[-76.236,39.192],[-76.217,39.064],[-76.133,39.123],[-76.135,39.082],[-76.186,38.991],[-76.313,39.009],[-76.329,38.953],[-76.331,38.909],[-76.241,38.943],[-76.191,38.916],[-76.168,38.853],[-76.3,38.818],[-76.341,38.71],[-76.278,38.773],[-76.213,38.758],[-76.057,38.621],[-76.017,38.625],[-76.001,38.602],[-76.264,38.6],[-76.295,38.495],[-76.211,38.361],[-76.051,38.279],[-76.007,38.323],[-75.986,38.332],[-75.968,38.292],[-75.859,38.362],[-75.864,38.261],[-75.928,38.169],[-75.796,38.087],[-75.851,37.971],[-75.659,37.954],[-75.719,37.821],[-75.888,37.619],[-75.975,37.398],[-75.997,37.264],[-75.939,37.158]]]},"properties":{"name":"Chesapeake Bay","name_en":"Chesapeake Bay","name_zh":"切萨皮克湾","featurecla":"bay","scalerank":4,"min_label":5.7,"max_label":10,"label":"Chesapeake Bay","wikidataid":"Q216868"}},{"type":"Feature","geometry":{"type":"MultiPolygon","coordinates":[[[[-5.286,35.905],[-5.401,35.927],[-5.414,35.921],[-5.397,35.93],[-5.286,35.905]]],[[[-5.451,36.12],[-5.448,36.15],[-5.407,36.165],[-5.368,36.135],[-5.407,36.159],[-5.451,36.12]]],[[[-5.642,35.827],[-5.629,35.828],[-5.63,35.828],[-5.642,35.827]]],[[[-5.924,35.779],[-5.925,35.786],[-5.741,35.817],[-5.924,35.779]]],[[[-5.742,36.065],[-5.809,36.088],[-5.961,36.182],[-6.035,36.19],[-5.961,36.184],[-5.742,36.065]]]]},"properties":{"name":"Strait of Gibraltar","name_en":"Strait of Gibraltar","name_zh":"直布羅陀海峽","featurecla":"strait","scalerank":4,"min_label":5.7,"max_label":10,"label":"Strait of Gibraltar","wikidataid":"Q36124"}},{"type":"Feature","geometry":{"type":"Polygon","coordinates":[[[-65.645,-45.008],[-65.846,-47.166],[-65.999,-47.094],[-66.651,-47.045],[-66.777,-47.006],[-67.507,-46.443],[-67.586,-46.27],[-67.599,-46.053],[-67.257,-45.577],[-66.942,-45.257],[-66.585,-45.183],[-66.19,-44.965],[-65.645,-45.008]]]},"properties":{"name":"Golfo San Jorge","name_en":"San Jorge Gulf","name_zh":"聖豪爾赫灣","featurecla":"gulf","scalerank":4,"min_label":5.7,"max_label":10,"label":"Golfo San Jorge","wikidataid":"Q1536292"}},{"type":"Feature","geometry":{"type":"Polygon","coordinates":[[[4.275,39.83],[3.184,39.317],[1.58,38.659],[1.593,38.702],[1.497,38.712],[1.436,38.768],[1.406,38.671],[1.563,38.66],[0.228,38.74],[0.155,38.824],[-0.034,38.891],[-0.134,38.969],[-0.205,39.063],[-0.329,39.417],[-0.327,39.52],[-0.075,39.876],[0.364,40.319],[0.596,40.615],[0.721,40.631],[0.891,40.723],[0.796,40.804],[0.715,40.823],[1.033,41.062],[2.082,41.287],[2.311,41.467],[3.005,41.768],[3.247,41.961],[3.272,41.963],[4.128,40.057],[3.854,40.063],[3.843,39.976],[4.275,39.83]],[[2.459,39.53],[2.499,39.478],[2.634,39.556],[2.7,39.542],[2.746,39.51],[2.8,39.385],[3.073,39.301],[3.244,39.386],[3.462,39.698],[3.449,39.761],[3.396,39.778],[3.241,39.757],[3.146,39.79],[3.198,39.89],[3.165,39.924],[3.197,39.961],[3.159,39.971],[2.785,39.855],[2.371,39.613],[2.394,39.54],[2.459,39.53]],[[1.224,38.904],[1.409,38.857],[1.445,38.919],[1.624,39.039],[1.613,39.087],[1.564,39.121],[1.348,39.081],[1.224,38.904]]]},"properties":{"name":"Balearic Sea","name_en":"Balearic Sea","name_zh":"巴利阿里海","featurecla":"sea","scalerank":4,"min_label":5.7,"max_label":10,"label":"Balearic Sea","wikidataid":"Q200712"}},{"type":"Feature","geometry":{"type":"Polygon","coordinates":[[[26.26,40.202],[26.15,39.873],[26.155,39.657],[26.101,39.569],[26.113,39.467],[26.827,39.563],[26.899,39.549],[26.911,39.517],[26.682,39.292],[26.854,39.116],[26.815,38.961],[27.014,38.887],[26.909,38.776],[26.764,38.71],[26.907,38.482],[26.97,38.448],[27.144,38.452],[27.099,38.416],[26.862,38.373],[26.727,38.419],[26.674,38.336],[26.595,38.419],[26.587,38.557],[26.514,38.629],[26.442,38.641],[26.378,38.624],[26.372,38.562],[26.429,38.441],[26.417,38.368],[26.344,38.37],[26.291,38.277],[26.582,38.149],[26.683,38.198],[26.807,38.138],[26.879,38.055],[26.944,38.063],[27.232,37.979],[27.255,37.883],[27.224,37.725],[27.078,37.688],[27.068,37.658],[27.148,37.604],[27.219,37.389],[27.376,37.341],[27.52,37.249],[27.535,37.164],[27.3,37.127],[27.25,37.079],[27.263,36.977],[27.349,37.019],[28.242,37.029],[28.005,36.832],[27.467,36.745],[27.304,36.851],[27.151,36.778],[26.918,36.726],[26.946,36.762],[26.454,36.592],[26.331,36.511],[26.27,36.547],[26.27,36.59],[25.4,36.706],[25.364,36.659],[25.275,36.739],[24.74,36.934],[24.703,36.917],[24.674,36.977],[24.507,37.118],[24.425,37.132],[24.444,37.188],[24.398,37.325],[24.379,37.314],[24.331,37.547],[24.289,37.528],[24.281,37.577],[24.056,37.712],[24.024,38.14],[23.967,38.275],[23.684,38.352],[23.57,38.49],[23.369,38.526],[23.253,38.661],[23.138,38.668],[23.02,38.742],[22.569,38.867],[22.802,38.902],[23.067,39.038],[22.965,39.031],[22.886,39.17],[22.839,39.258],[22.922,39.307],[22.993,39.331],[23.162,39.258],[23.169,39.21],[23.119,39.133],[23.155,39.101],[23.218,39.104],[23.328,39.175],[23.233,39.358],[23.104,39.492],[22.979,39.564],[22.836,39.801],[22.592,40.037],[22.569,40.119],[22.643,40.366],[22.629,40.496],[22.811,40.579],[22.922,40.591],[22.851,40.491],[22.897,40.4],[23.312,40.216],[23.328,40.09],[23.396,39.99],[23.627,39.924],[23.674,39.959],[23.433,40.116],[23.387,40.222],[23.426,40.264],[23.664,40.224],[23.835,40.023],[23.947,39.965],[24.0,40.025],[23.968,40.115],[23.721,40.286],[23.728,40.33],[23.823,40.368],[23.913,40.359],[24.159,40.28],[24.343,40.148],[24.213,40.328],[24.031,40.409],[23.867,40.418],[23.832,40.481],[23.879,40.544],[23.743,40.677],[23.763,40.748],[24.082,40.724],[24.234,40.786],[24.384,40.913],[24.477,40.948],[24.793,40.858],[25.104,40.995],[25.25,40.933],[25.326,40.943],[25.497,40.888],[25.856,40.844],[26.011,40.769],[26.106,40.611],[26.792,40.627],[26.72,40.544],[26.447,40.445],[26.254,40.315],[26.26,40.202]],[[26.72,37.705],[26.845,37.645],[27.055,37.71],[27.04,37.77],[26.825,37.812],[26.638,37.781],[26.581,37.724],[26.72,37.705]],[[26.165,39.332],[25.91,39.287],[25.844,39.2],[25.906,39.139],[26.072,39.095],[26.176,39.194],[26.273,39.198],[26.108,39.081],[26.161,39.026],[26.39,38.974],[26.547,38.994],[26.489,39.075],[26.596,39.049],[26.531,39.172],[26.393,39.27],[26.41,39.329],[26.348,39.383],[26.165,39.374],[26.165,39.332]],[[25.874,38.269],[25.999,38.161],[26.094,38.218],[26.111,38.279],[26.157,38.303],[26.161,38.541],[26.012,38.602],[25.846,38.574],[25.852,38.509],[25.991,38.354],[25.874,38.269]],[[25.526,37.196],[25.362,37.07],[25.457,36.93],[25.546,36.968],[25.584,37.039],[25.588,37.152],[25.526,37.196]],[[25.449,40.035],[25.286,39.956],[25.234,40.006],[25.058,40.0],[25.062,39.852],[25.185,39.83],[25.249,39.894],[25.264,39.823],[25.357,39.808],[25.449,40.035]],[[24.764,37.987],[24.7,37.961],[24.714,37.899],[24.962,37.693],[24.992,37.76],[24.956,37.905],[24.855,37.914],[24.764,37.987]],[[24.646,40.579],[24.774,40.615],[24.786,40.704],[24.719,40.786],[24.623,40.793],[24.516,40.687],[24.515,40.647],[24.646,40.579]],[[23.415,38.959],[23.313,39.035],[23.258,39.031],[22.87,38.871],[22.936,38.84],[23.029,38.873],[23.252,38.801],[23.617,38.552],[23.651,38.443],[23.759,38.401],[24.04,38.39],[24.189,38.204],[24.212,38.118],[24.359,38.019],[24.502,37.97],[24.578,38.02],[24.588,38.124],[24.564,38.148],[24.36,38.163],[24.276,38.22],[24.187,38.464],[24.199,38.541],[24.127,38.648],[23.878,38.686],[23.525,38.813],[23.472,38.85],[23.415,38.959]]]},"properties":{"name":"Aegean Sea","name_en":"Aegean Sea","name_zh":"爱琴海","featurecla":"sea","scalerank":4,"min_label":5.7,"max_label":10,"label":"Aegean Sea","wikidataid":"Q34575"}},{"type":"Feature","geometry":{"type":"Polygon","coordinates":[[[79.816,7.316],[77.301,8.146],[77.518,8.078],[77.77,8.19],[78.06,8.385],[78.126,8.511],[78.192,8.891],[78.422,9.105],[78.98,9.268],[79.213,9.256],[79.765,9.074],[79.748,9.104],[79.875,9.051],[79.939,8.913],[79.942,8.692],[79.851,8.412],[79.784,8.019],[79.75,8.049],[79.75,8.294],[79.713,8.183],[79.816,7.316]]]},"properties":{"name":"Gulf of Mannar","name_en":"Gulf of Mannar","name_zh":"马纳尔湾","featurecla":"gulf","scalerank":4,"min_label":5.7,"max_label":10,"label":"Gulf of Mannar","wikidataid":"Q622811"}},{"type":"Feature","geometry":{"type":"Polygon","coordinates":[[[156.815,57.768],[155.16,59.188],[155.167,59.36],[154.971,59.45],[154.582,59.54],[154.272,59.475],[154.15,59.529],[154.269,59.658],[154.293,59.833],[154.441,59.884],[154.578,60.095],[154.971,60.377],[155.716,60.682],[155.853,60.777],[156.056,60.996],[156.63,61.272],[156.68,61.481],[157.084,61.675],[157.469,61.799],[157.799,61.795],[158.07,61.754],[158.334,61.826],[158.547,61.811],[159.189,61.929],[159.295,61.914],[159.552,61.719],[160.183,61.903],[160.309,61.895],[160.318,61.793],[160.247,61.647],[159.883,61.292],[159.949,61.129],[159.79,60.957],[159.883,60.944],[160.004,61.008],[160.184,61.048],[160.379,61.026],[160.226,60.831],[160.174,60.638],[160.482,60.74],[160.767,60.753],[161.037,60.963],[162.392,61.662],[162.699,61.653],[162.752,61.711],[162.856,61.705],[162.922,61.598],[162.994,61.544],[163.085,61.571],[163.258,61.699],[163.009,61.791],[163.018,61.891],[163.131,62.05],[163.118,62.153],[163.163,62.26],[163.302,62.373],[163.244,62.455],[163.332,62.551],[164.419,62.705],[164.567,62.676],[164.792,62.571],[165.044,62.517],[165.396,62.494],[165.417,62.447],[165.214,62.448],[165.208,62.374],[165.124,62.412],[164.599,62.47],[164.207,62.292],[164.074,62.045],[164.068,61.874],[164.02,61.711],[163.883,61.64],[163.804,61.461],[163.973,61.42],[164.005,61.344],[163.894,61.24],[163.62,61.111],[163.553,61.026],[163.71,60.917],[163.352,60.8],[162.973,60.783],[162.713,60.659],[162.068,60.466],[161.754,60.153],[161.449,60.027],[161.219,59.846],[160.855,59.627],[160.547,59.547],[160.35,59.394],[159.847,59.127],[159.592,58.804],[159.21,58.52],[158.45,58.163],[158.321,58.083],[158.275,58.009],[158.21,58.025],[157.974,57.986],[157.666,58.02],[157.451,57.799],[157.217,57.777],[156.986,57.83],[156.815,57.768]]]},"properties":{"name":"Shelikhova Gulf","name_en":"Shelikhov Gulf","name_zh":"舍利霍夫灣","featurecla":"gulf","scalerank":4,"min_label":5.7,"max_label":10,"label":"Shelikhova Gulf","wikidataid":"Q639399"}},{"type":"Feature","geometry":{"type":"Polygon","coordinates":[[[121.163,38.732],[120.879,37.787],[120.75,37.834],[120.284,37.692],[120.257,37.679],[120.311,37.623],[120.156,37.495],[119.883,37.351],[119.888,37.253],[119.761,37.155],[119.45,37.125],[119.288,37.139],[119.112,37.201],[118.953,37.331],[118.991,37.641],[119.089,37.701],[119.038,37.777],[119.028,37.904],[118.94,38.043],[118.8,38.127],[118.544,38.095],[118.015,38.184],[117.767,38.312],[117.656,38.424],[117.558,38.625],[117.554,38.692],[117.785,39.135],[117.866,39.191],[118.041,39.227],[118.148,39.195],[118.298,39.067],[118.627,39.177],[118.977,39.183],[119.225,39.408],[119.261,39.561],[119.391,39.753],[119.591,39.902],[120.479,40.231],[120.771,40.589],[121.175,40.901],[121.729,40.846],[121.835,40.974],[121.859,40.842],[122.14,40.688],[122.179,40.602],[122.275,40.542],[122.264,40.5],[122.191,40.358],[121.801,39.951],[121.517,39.845],[121.474,39.755],[121.517,39.639],[121.406,39.621],[121.268,39.545],[121.3,39.452],[121.276,39.385],[121.819,39.386],[121.627,39.22],[121.68,39.109],[121.107,38.921],[121.163,38.732]]]},"properties":{"name":"Bo Hai","name_en":"Bohai Sea","name_zh":"渤海","featurecla":"sea","scalerank":4,"min_label":5.7,"max_label":10,"label":"Bo Hai","wikidataid":"Q181969"}},{"type":"Feature","geometry":{"type":"Polygon","coordinates":[[[69.014,22.408],[68.802,23.065],[69.236,22.848],[69.664,22.759],[70.118,22.947],[70.251,22.971],[70.34,22.94],[70.434,23.077],[70.489,23.09],[70.514,23.002],[70.441,22.97],[70.177,22.573],[70.006,22.548],[69.819,22.452],[69.727,22.465],[69.655,22.403],[69.549,22.409],[69.277,22.285],[69.132,22.416],[69.052,22.437],[69.014,22.408]]]},"properties":{"name":"Gulf of Kutch","name_en":"Gulf of Kutch","name_zh":"嘎奇湾","featurecla":"gulf","scalerank":4,"min_label":5.7,"max_label":10,"label":"Gulf of Kutch","wikidataid":"Q844917"}},{"type":"Feature","geometry":{"type":"Polygon","coordinates":[[[-78.133,7.5],[-80.011,7.5],[-80.075,7.667],[-80.458,8.077],[-80.459,8.214],[-80.369,8.289],[-80.126,8.35],[-79.751,8.595],[-79.816,8.639],[-79.688,8.851],[-79.507,8.97],[-79.442,9.006],[-79.247,9.02],[-79.086,8.997],[-78.514,8.628],[-78.469,8.447],[-78.41,8.355],[-78.379,8.359],[-78.369,8.405],[-78.399,8.506],[-78.35,8.46],[-78.256,8.453],[-78.223,8.397],[-78.1,8.497],[-78.012,8.325],[-77.76,8.133],[-78.048,8.285],[-78.142,8.386],[-78.281,8.248],[-78.255,8.139],[-78.287,8.092],[-78.421,8.061],[-78.378,7.9],[-78.133,7.5]]]},"properties":{"name":"Golfo de Panamá","name_en":"Gulf of Panama","name_zh":"巴拿马湾","featurecla":"gulf","scalerank":4,"min_label":5.7,"max_label":10,"label":"Golfo de Panamá","wikidataid":"Q645012"}},{"type":"Feature","geometry":{"type":"Polygon","coordinates":[[[-127.976,70.571],[-125.802,71.964],[-125.296,71.973],[-124.008,71.677],[-123.682,71.493],[-123.315,71.169],[-123.096,71.094],[-122.936,71.088],[-122.156,71.266],[-121.749,71.445],[-121.622,71.448],[-121.472,71.389],[-121.16,71.415],[-120.619,71.506],[-120.472,71.596],[-118.974,71.751],[-118.868,71.687],[-118.673,71.661],[-118.219,71.472],[-118.204,71.442],[-118.324,71.012],[-118.377,70.968],[-118.264,70.888],[-117.588,70.63],[-117.193,70.062],[-118.78,69.241],[-120.14,69.381],[-120.963,69.661],[-121.742,69.798],[-122.956,69.819],[-123.087,69.769],[-124.132,69.669],[-124.124,69.69],[-124.407,69.767],[-124.472,69.918],[-124.445,70.11],[-124.555,70.151],[-124.991,70.027],[-124.768,69.99],[-125.08,69.818],[-125.201,69.829],[-125.219,69.733],[-125.346,69.662],[-125.355,69.625],[-125.892,69.416],[-126.251,69.545],[-126.685,69.777],[-126.927,70.062],[-127.226,70.296],[-127.753,70.517],[-127.976,70.571]]]},"properties":{"name":"Amundsen Gulf","name_en":"Amundsen Gulf","name_zh":"阿蒙森灣","featurecla":"gulf","scalerank":4,"min_label":5,"max_label":10,"label":"Amundsen Gulf","wikidataid":"Q1974744"}},{"type":"Feature","geometry":{"type":"Polygon","coordinates":[[[-105.909,75.166],[-104.863,75.115],[-105.254,73.76],[-106.614,73.696],[-106.831,73.599],[-106.95,73.51],[-106.931,73.489],[-107.0,73.257],[-107.075,73.198],[-107.72,73.329],[-108.029,73.349],[-108.09,73.304],[-108.077,73.281],[-107.936,73.217],[-108.204,73.183],[-108.237,73.15],[-108.232,73.095],[-108.739,72.537],[-108.994,72.596],[-108.968,72.654],[-109.122,72.727],[-110.008,72.984],[-110.661,73.008],[-110.681,72.963],[-111.289,72.719],[-112.048,72.888],[-112.754,72.986],[-113.171,72.985],[-114.118,73.216],[-114.206,73.298],[-114.302,73.331],[-115.397,73.513],[-115.434,73.566],[-114.348,74.653],[-114.175,74.574],[-113.514,74.43],[-113.017,74.402],[-112.519,74.417],[-111.729,74.502],[-110.941,74.638],[-110.387,74.814],[-109.503,74.883],[-108.831,75.065],[-108.634,75.023],[-108.752,74.992],[-108.475,74.947],[-107.82,75.0],[-107.056,74.928],[-106.092,75.089],[-105.909,75.166]]]},"properties":{"name":"Viscount Melville Sound","name_en":"Viscount Melville Sound","name_zh":"梅尔维尔子爵海峡","featurecla":"sound","scalerank":4,"min_label":5,"max_label":10,"label":"Viscount Melville Sound","wikidataid":"Q5605258"}},{"type":"Feature","geometry":{"type":"Polygon","coordinates":[[[-67.835,60.412],[-64.885,60.289],[-65.171,59.908],[-65.159,59.83],[-65.028,59.77],[-65.055,59.753],[-65.212,59.81],[-65.358,59.809],[-65.433,59.776],[-65.481,59.69],[-65.475,59.617],[-65.408,59.539],[-65.038,59.388],[-65.35,59.479],[-65.475,59.47],[-65.49,59.448],[-65.412,59.315],[-65.513,59.35],[-65.607,59.213],[-65.7,59.213],[-65.606,59.111],[-65.384,59.06],[-65.544,59.012],[-65.721,59.024],[-65.704,58.97],[-65.841,58.977],[-65.921,58.915],[-65.836,58.86],[-65.855,58.847],[-66.043,58.821],[-65.923,58.572],[-66.002,58.431],[-66.029,58.567],[-66.091,58.659],[-66.237,58.772],[-66.363,58.791],[-66.48,58.731],[-66.608,58.549],[-66.722,58.491],[-67.019,58.433],[-67.57,58.214],[-67.678,57.991],[-67.69,58.244],[-67.756,58.405],[-67.856,58.272],[-68.064,58.139],[-67.888,58.296],[-68.021,58.485],[-68.111,58.473],[-68.176,58.403],[-68.289,58.178],[-68.414,58.052],[-68.495,58.012],[-68.781,57.976],[-69.041,57.903],[-68.946,57.969],[-68.468,58.076],[-68.357,58.163],[-68.234,58.399],[-68.235,58.528],[-68.326,58.595],[-68.381,58.743],[-68.475,58.823],[-68.638,58.893],[-69.271,58.884],[-69.79,58.689],[-70.154,58.761],[-70.16,58.789],[-69.867,58.856],[-69.784,58.956],[-69.648,58.821],[-69.532,58.869],[-69.414,59.087],[-69.45,59.18],[-69.344,59.303],[-69.4,59.338],[-69.682,59.342],[-69.711,59.393],[-69.692,59.488],[-69.579,59.675],[-69.63,59.822],[-69.734,59.918],[-69.806,59.945],[-70.62,59.984],[-70.655,60.026],[-69.963,60.018],[-69.796,60.03],[-69.674,60.076],[-69.63,60.122],[-69.629,60.199],[-69.74,60.332],[-69.751,60.487],[-69.64,60.69],[-69.412,60.839],[-68.205,60.49],[-68.368,60.315],[-68.365,60.254],[-68.324,60.233],[-68.012,60.304],[-67.835,60.412]]]},"properties":{"name":"Ungava Bay","name_en":"Ungava Bay","name_zh":"昂加瓦湾","featurecla":"bay","scalerank":4,"min_label":5.7,"max_label":10,"label":"Ungava Bay","wikidataid":"Q1165951"}},{"type":"Feature","geometry":{"type":"MultiPolygon","coordinates":[[[[153.282,-24.738],[153.296,-24.886],[153.296,-24.886],[153.282,-24.738]]],[[[152.978,-25.543],[152.999,-25.449],[152.978,-25.543],[152.978,-25.543]]],[[[152.913,-25.432],[152.917,-25.565],[152.917,-25.565],[152.913,-25.432]]],[[[142.998,-9.638],[142.78,-11.115],[142.998,-9.638],[142.998,-9.638]]]]},"properties":{"name":"Great Barrier Reef","name_en":"Great Barrier Reef","name_zh":"大堡礁","featurecla":"reef","scalerank":4,"min_label":5.7,"max_label":10,"label":null,"wikidataid":"Q7343"}},{"type":"Feature","geometry":{"type":"MultiPolygon","coordinates":[[[[-84.854,21.837],[-84.887,21.857],[-84.887,21.857],[-84.854,21.837]]],[[[-84.886,21.86],[-84.885,21.867],[-84.88,21.883],[-84.886,21.86]]],[[[-87.035,21.592],[-86.912,21.463],[-86.824,21.422],[-86.912,21.463],[-87.035,21.592]]]]},"properties":{"name":"Yucatan Channel","name_en":"Yucatán Channel","name_zh":"尤卡坦海峡","featurecla":"channel","scalerank":5,"min_label":6,"max_label":10,"label":"Yucatan Channel","wikidataid":"Q193260"}},{"type":"Feature","geometry":{"type":"MultiPolygon","coordinates":[[[[180.0,50.987],[178.214,51.065],[175.78,51.435],[173.187,51.911],[170.33,52.864],[167.049,54.134],[164.774,55.192],[163.306,56.189],[163.335,56.232],[163.243,56.565],[163.257,56.688],[163.046,56.742],[162.922,56.722],[162.802,56.811],[162.808,57.103],[162.762,57.244],[162.779,57.357],[163.109,57.565],[163.188,57.637],[163.217,57.714],[166.261,59.819],[166.258,59.855],[166.453,59.947],[166.964,60.307],[167.227,60.407],[168.138,60.574],[168.463,60.592],[168.788,60.564],[169.227,60.596],[169.618,60.438],[169.887,60.218],[169.898,60.148],[169.983,60.067],[170.154,59.986],[170.351,59.966],[170.589,60.343],[170.608,60.435],[170.95,60.523],[171.73,60.843],[171.918,60.864],[172.393,61.062],[172.362,61.117],[172.396,61.167],[172.585,61.19],[172.697,61.25],[172.69,61.295],[172.731,61.315],[172.908,61.311],[172.807,61.436],[172.857,61.469],[173.132,61.407],[173.623,61.716],[173.822,61.679],[174.139,61.795],[174.515,61.824],[174.715,61.948],[174.798,61.939],[175.192,62.034],[175.268,62.103],[176.329,62.346],[176.703,62.506],[177.159,62.561],[177.189,62.591],[176.965,62.659],[177.023,62.777],[177.259,62.75],[177.339,62.781],[177.36,62.737],[177.293,62.599],[178.019,62.547],[179.12,62.321],[179.177,62.469],[179.528,62.653],[180.0,62.653],[180.0,50.987]],[[178.648,51.644],[179.278,51.372],[179.452,51.373],[179.182,51.47],[178.908,51.616],[178.648,51.644]],[[177.25,51.903],[177.329,51.841],[177.594,51.948],[177.669,52.103],[177.564,52.11],[177.52,52.018],[177.381,51.976],[177.25,51.903]],[[172.776,52.797],[172.935,52.752],[173.081,52.815],[173.436,52.852],[173.102,52.996],[172.678,53.008],[172.495,52.938],[172.722,52.886],[172.776,52.797]],[[167.488,54.795],[168.081,54.513],[167.882,54.69],[167.592,54.798],[167.512,54.857],[167.442,54.856],[167.488,54.795]],[[166.464,54.827],[166.645,54.694],[166.65,54.839],[166.404,55.006],[166.248,55.166],[166.23,55.242],[166.276,55.312],[165.931,55.351],[165.751,55.295],[165.992,55.191],[166.23,54.937],[166.325,54.865],[166.464,54.827]]],[[[-162.961,54.3],[-165.051,53.616],[-168.072,52.705],[-170.63,52.031],[-173.805,51.505],[-176.843,51.207],[-178.885,51.1],[-180.0,51.082],[-180.0,61.654],[-173.699,64.329],[-173.695,64.36],[-173.604,64.365],[-173.327,64.539],[-173.309,64.443],[-173.376,64.41],[-173.376,64.355],[-173.275,64.29],[-173.157,64.28],[-172.96,64.328],[-172.916,64.369],[-172.949,64.508],[-172.903,64.526],[-172.791,64.499],[-172.739,64.412],[-172.401,64.414],[-172.379,64.431],[-172.394,64.475],[-172.488,64.544],[-172.901,64.629],[-172.889,64.664],[-172.924,64.705],[-172.801,64.791],[-172.998,64.837],[-173.086,64.817],[-172.999,64.876],[-172.593,64.908],[-172.213,65.048],[-172.224,65.129],[-172.286,65.206],[-172.662,65.248],[-172.309,65.275],[-172.211,65.425],[-172.233,65.456],[-172.418,65.449],[-172.354,65.496],[-172.556,65.612],[-172.783,65.681],[-172.436,65.67],[-172.282,65.582],[-171.957,65.542],[-171.907,65.496],[-171.466,65.533],[-171.17,65.502],[-171.054,65.55],[-171.134,65.628],[-171.451,65.794],[-171.377,65.804],[-171.002,65.665],[-170.666,65.621],[-170.561,65.656],[-170.541,65.865],[-170.159,66.008],[-170.004,66.034],[-169.832,65.999],[-169.733,66.056],[-168.084,65.662],[-167.987,65.568],[-167.404,65.422],[-166.197,65.306],[-166.122,65.261],[-166.452,65.247],[-166.531,65.155],[-166.763,65.135],[-166.929,65.157],[-166.551,64.953],[-166.415,64.927],[-166.408,64.827],[-166.478,64.798],[-166.482,64.728],[-166.325,64.626],[-164.963,64.455],[-164.436,63.2],[-164.525,63.128],[-164.375,63.054],[-164.384,63.031],[-164.678,63.021],[-164.764,62.971],[-164.845,62.801],[-164.793,62.623],[-164.589,62.709],[-164.688,62.608],[-164.844,62.581],[-164.758,62.497],[-165.0,62.534],[-165.195,62.473],[-165.707,62.1],[-165.744,62.012],[-165.725,61.959],[-165.613,61.869],[-166.079,61.803],[-166.02,61.749],[-165.809,61.696],[-166.168,61.651],[-166.153,61.546],[-166.094,61.507],[-165.961,61.551],[-165.845,61.536],[-165.797,61.491],[-165.906,61.404],[-165.864,61.336],[-165.691,61.3],[-165.566,61.102],[-165.381,61.106],[-165.392,61.212],[-165.334,61.266],[-165.273,61.275],[-165.244,61.269],[-165.345,61.198],[-165.204,61.153],[-165.128,61.192],[-165.138,61.13],[-165.077,61.094],[-164.869,61.112],[-164.875,61.087],[-165.176,60.966],[-165.065,60.921],[-164.806,60.93],[-164.805,60.892],[-164.9,60.873],[-165.016,60.74],[-165.354,60.541],[-165.026,60.501],[-165.061,60.412],[-164.8,60.307],[-164.662,60.304],[-164.471,60.149],[-164.131,59.994],[-164.143,59.897],[-163.907,59.807],[-163.681,59.802],[-163.219,59.846],[-162.878,59.923],[-162.732,59.994],[-162.571,59.99],[-162.501,60.127],[-162.527,60.199],[-162.548,60.231],[-162.685,60.269],[-162.469,60.395],[-162.138,60.685],[-161.947,60.685],[-162.139,60.615],[-162.421,60.284],[-162.242,60.178],[-162.138,59.98],[-161.829,59.588],[-161.872,59.428],[-162.023,59.284],[-161.981,59.146],[-161.891,59.076],[-161.795,59.11],[-161.644,59.11],[-161.789,59.016],[-161.78,58.897],[-161.724,58.794],[-161.857,58.717],[-162.145,58.644],[-161.438,55.968],[-161.697,55.907],[-162.157,55.719],[-162.906,55.195],[-163.114,55.194],[-163.279,55.122],[-163.304,55.096],[-163.296,54.949],[-163.335,54.839],[-163.379,54.815],[-163.476,54.98],[-163.553,55.038],[-163.807,55.049],[-164.274,54.9],[-164.479,54.907],[-164.706,54.692],[-164.888,54.608],[-164.904,54.568],[-164.824,54.419],[-164.591,54.404],[-164.403,54.448],[-164.171,54.603],[-163.583,54.625],[-163.358,54.735],[-163.091,54.67],[-162.961,54.3]],[[-166.135,60.384],[-166.364,60.365],[-166.476,60.383],[-166.731,60.316],[-166.784,60.296],[-166.837,60.217],[-167.252,60.234],[-167.437,60.207],[-167.139,60.009],[-166.628,59.865],[-166.261,59.815],[-166.149,59.764],[-166.107,59.775],[-166.131,59.82],[-166.1,59.85],[-165.947,59.89],[-165.592,59.913],[-165.631,60.028],[-165.712,60.069],[-165.689,60.224],[-165.73,60.314],[-165.841,60.346],[-166.044,60.334],[-166.135,60.384]],[[-165.893,54.207],[-166.041,54.191],[-166.088,54.169],[-166.103,54.114],[-166.036,54.047],[-165.693,54.1],[-165.893,54.207]],[[-167.072,53.783],[-166.741,53.713],[-166.804,53.686],[-166.819,53.641],[-166.894,53.697],[-167.016,53.698],[-167.092,53.636],[-167.136,53.526],[-167.809,53.324],[-167.629,53.26],[-167.154,53.408],[-166.77,53.476],[-166.702,53.537],[-166.31,53.697],[-166.385,53.721],[-166.549,53.701],[-166.489,53.786],[-166.231,53.933],[-166.373,53.999],[-166.572,53.853],[-166.615,53.901],[-166.628,53.996],[-166.978,53.963],[-167.118,53.872],[-167.072,53.783]],[[-167.804,53.485],[-168.073,53.557],[-168.288,53.5],[-168.397,53.409],[-168.38,53.283],[-168.69,53.227],[-168.778,53.149],[-168.796,53.045],[-169.089,52.832],[-168.506,53.043],[-168.271,53.238],[-167.865,53.387],[-167.804,53.485]],[[-171.632,63.351],[-171.401,63.339],[-171.061,63.446],[-170.848,63.444],[-170.424,63.349],[-170.272,63.284],[-170.189,63.196],[-169.818,63.122],[-169.676,62.956],[-169.571,62.997],[-169.559,63.058],[-169.365,63.171],[-168.852,63.171],[-168.761,63.214],[-168.716,63.311],[-169.554,63.374],[-169.624,63.431],[-170.017,63.492],[-170.122,63.618],[-170.299,63.681],[-170.552,63.688],[-170.875,63.594],[-171.035,63.585],[-171.448,63.616],[-171.647,63.727],[-171.746,63.703],[-171.819,63.477],[-171.791,63.425],[-171.632,63.351]],[[-173.074,60.493],[-172.636,60.329],[-172.232,60.299],[-172.388,60.399],[-172.526,60.392],[-172.86,60.506],[-172.924,60.607],[-173.047,60.568],[-173.074,60.493]],[[-173.657,52.144],[-173.794,52.104],[-173.993,52.123],[-173.836,52.048],[-173.461,52.041],[-173.023,52.079],[-173.657,52.144]],[[-174.306,52.216],[-175.295,52.022],[-175.214,51.994],[-174.343,52.078],[-174.121,52.135],[-174.179,52.2],[-174.055,52.246],[-174.018,52.332],[-174.169,52.42],[-174.435,52.317],[-174.259,52.269],[-174.306,52.216]],[[-176.597,51.982],[-176.698,51.986],[-176.745,51.895],[-176.736,51.84],[-176.874,51.791],[-176.962,51.604],[-176.837,51.676],[-176.771,51.63],[-176.511,51.746],[-176.453,51.736],[-176.437,51.82],[-176.588,51.833],[-176.55,51.944],[-176.597,51.982]],[[-177.67,51.701],[-177.655,51.676],[-177.177,51.704],[-177.063,51.902],[-177.132,51.93],[-177.257,51.805],[-177.67,51.701]],[[-177.925,51.618],[-177.771,51.778],[-177.644,51.826],[-177.8,51.84],[-177.954,51.918],[-178.117,51.916],[-178.195,51.882],[-177.986,51.764],[-178.0,51.718],[-178.079,51.691],[-178.059,51.673],[-177.925,51.618]]]]},"properties":{"name":"Bering Sea","name_en":"Bering Sea","name_zh":"白令海","featurecla":"sea","scalerank":2,"min_label":4,"max_label":8.5,"label":"Bering Sea","wikidataid":"Q44725"}},{"type":"Feature","geometry":{"type":"Polygon","coordinates":[[[138.844,76.253],[156.042,77.47],[179.528,71.44],[178.891,71.231],[178.684,71.106],[178.628,71.048],[178.649,70.999],[175.623,69.892],[175.296,69.86],[173.948,69.874],[173.439,69.947],[173.354,69.924],[173.277,69.824],[172.56,69.969],[170.487,70.108],[170.526,69.938],[170.503,69.856],[170.201,69.683],[170.167,69.635],[169.431,69.837],[169.375,69.883],[168.358,70.016],[168.06,69.975],[167.865,69.901],[167.789,69.837],[168.285,69.68],[168.15,69.576],[167.95,69.699],[167.628,69.741],[166.884,69.5],[165.981,69.546],[165.761,69.584],[164.513,69.609],[164.159,69.719],[163.946,69.735],[163.498,69.693],[163.201,69.715],[162.375,69.649],[161.945,69.545],[161.537,69.38],[161.48,69.3],[161.48,69.202],[161.566,69.064],[161.566,68.905],[161.495,68.85],[161.365,68.823],[161.23,68.654],[161.104,68.563],[160.856,68.538],[161.129,68.654],[161.34,68.905],[161.31,68.982],[161.036,69.098],[160.911,69.606],[160.739,69.655],[159.832,69.785],[159.73,69.87],[159.839,69.99],[159.831,70.081],[159.983,70.222],[160.006,70.31],[159.959,70.424],[159.805,70.605],[159.351,70.791],[158.702,70.935],[158.037,71.039],[156.685,71.094],[155.895,71.096],[155.596,71.039],[155.03,71.034],[154.414,70.975],[153.794,70.88],[152.509,70.834],[151.762,70.982],[152.093,71.023],[151.76,71.218],[151.583,71.287],[150.968,71.38],[150.098,71.226],[150.668,71.455],[150.6,71.52],[150.061,71.511],[149.857,71.602],[148.923,71.715],[149.049,71.796],[149.881,71.843],[150.017,71.896],[149.963,71.992],[149.766,72.091],[149.501,72.164],[148.402,72.312],[147.434,72.341],[146.825,72.279],[146.236,72.293],[146.253,72.442],[146.083,72.472],[145.199,72.57],[143.627,72.681],[143.529,73.223],[143.451,73.231],[143.491,73.246],[143.464,73.459],[143.411,73.521],[143.344,73.569],[142.435,73.852],[141.932,73.915],[141.085,73.866],[140.884,73.778],[140.593,73.565],[140.381,73.483],[139.722,73.429],[139.691,73.448],[140.432,73.872],[140.434,73.921],[141.01,73.999],[141.098,74.168],[141.038,74.243],[140.849,74.274],[140.187,74.233],[139.311,74.683],[139.43,74.749],[139.606,74.945],[139.758,74.964],[140.268,74.847],[141.987,74.991],[142.287,74.85],[142.473,74.821],[142.778,74.868],[143.128,74.97],[142.93,75.062],[142.617,75.133],[142.199,75.393],[142.086,75.661],[142.551,75.721],[142.942,75.713],[143.003,75.66],[142.986,75.633],[142.734,75.544],[142.699,75.449],[142.73,75.338],[142.82,75.268],[143.17,75.117],[143.396,75.083],[144.02,75.045],[144.408,75.102],[144.883,75.269],[144.727,75.366],[144.803,75.416],[145.024,75.49],[145.36,75.531],[145.255,75.586],[143.686,75.863],[143.185,75.814],[142.67,75.863],[141.742,76.108],[141.486,76.137],[140.985,75.965],[140.926,75.867],[140.944,75.7],[140.816,75.631],[140.657,75.634],[140.496,75.69],[140.389,75.796],[140.049,75.829],[139.744,75.953],[138.843,76.199],[138.844,76.253]],[[161.461,68.995],[161.422,68.9],[161.507,68.928],[161.517,68.97],[161.394,69.107],[161.351,69.37],[161.374,69.413],[161.54,69.437],[161.609,69.501],[161.618,69.592],[161.505,69.639],[161.111,69.47],[161.083,69.406],[161.165,69.334],[161.126,69.197],[161.137,69.11],[161.364,69.045],[161.461,68.995]],[[150.822,75.157],[150.69,75.155],[150.531,75.1],[150.104,75.219],[149.083,75.262],[148.892,75.228],[148.59,75.236],[148.475,75.272],[148.519,75.336],[148.509,75.387],[148.432,75.414],[147.497,75.441],[147.06,75.364],[146.795,75.371],[146.748,75.429],[146.751,75.511],[146.537,75.582],[146.439,75.558],[146.343,75.481],[146.186,75.296],[146.149,75.198],[146.703,75.114],[147.144,74.998],[147.627,74.959],[148.092,74.826],[149.05,74.772],[149.838,74.795],[150.58,74.919],[150.646,74.944],[150.822,75.157]],[[149.269,76.747],[149.407,76.782],[148.72,76.747],[148.399,76.648],[149.15,76.66],[149.269,76.747]]]},"properties":{"name":"East Siberian Sea","name_en":"East Siberian Sea","name_zh":"东西伯利亚海","featurecla":"sea","scalerank":5,"min_label":5,"max_label":10,"label":"East Siberian Sea","wikidataid":"Q163434"}},{"type":"Feature","geometry":{"type":"Polygon","coordinates":[[[-69.864,83.108],[-69.859,83.132],[-38.761,83.485],[-38.748,83.333],[-38.643,83.286],[-37.935,83.161],[-38.099,83.014],[-38.278,82.999],[-38.931,83.176],[-40.357,83.332],[-40.69,83.275],[-41.3,83.101],[-41.82,83.148],[-42.26,83.232],[-43.009,83.264],[-44.657,83.129],[-45.415,83.018],[-46.169,83.064],[-46.478,82.952],[-46.137,82.859],[-44.762,82.883],[-41.435,82.779],[-41.37,82.75],[-41.357,82.705],[-41.877,82.68],[-42.651,82.742],[-45.067,82.785],[-45.556,82.747],[-45.553,82.725],[-44.327,82.472],[-44.239,82.368],[-44.333,82.311],[-44.547,82.26],[-44.637,82.104],[-44.628,82.026],[-44.527,81.897],[-44.532,81.849],[-44.729,81.78],[-45.291,81.829],[-46.617,82.097],[-47.358,82.174],[-48.861,82.406],[-50.037,82.472],[-50.819,82.474],[-50.99,82.46],[-50.935,82.383],[-50.713,82.237],[-50.395,82.121],[-49.541,81.918],[-50.895,81.895],[-51.352,82.026],[-51.754,82.078],[-52.776,82.322],[-53.022,82.322],[-53.111,82.251],[-53.102,82.119],[-52.926,82.038],[-53.041,81.871],[-53.145,81.8],[-53.556,81.653],[-53.591,81.677],[-53.595,81.738],[-53.582,82.062],[-53.671,82.164],[-53.988,82.279],[-54.549,82.351],[-55.344,82.3],[-55.549,82.246],[-57.345,82.188],[-61.217,82.332],[-61.393,82.442],[-61.697,82.489],[-62.475,82.519],[-63.247,82.45],[-63.087,82.533],[-63.086,82.565],[-63.643,82.713],[-63.473,82.771],[-63.499,82.792],[-63.984,82.829],[-64.504,82.779],[-64.905,82.901],[-65.113,82.889],[-65.299,82.8],[-65.728,82.843],[-67.397,82.668],[-68.469,82.653],[-66.836,82.818],[-66.422,82.927],[-68.107,82.961],[-68.409,83.005],[-69.489,83.017],[-69.864,83.108]],[[-47.307,82.534],[-46.752,82.348],[-45.491,82.172],[-45.067,82.066],[-44.865,82.084],[-44.776,82.243],[-44.75,82.401],[-44.918,82.481],[-45.411,82.578],[-46.399,82.692],[-47.272,82.657],[-47.351,82.599],[-47.307,82.534]]]},"properties":{"name":"Lincoln Sea","name_en":"Lincoln Sea","name_zh":"林肯海","featurecla":"sea","scalerank":5,"min_label":5,"max_label":10,"label":"Lincoln Sea","wikidataid":"Q243125"}},{"type":"Feature","geometry":{"type":"Polygon","coordinates":[[[148.182,-40.456],[148.161,-40.511],[148.117,-40.521],[148.143,-40.557],[148.054,-40.789],[147.969,-40.78],[147.873,-40.873],[147.622,-40.845],[147.455,-41.002],[147.321,-40.956],[146.99,-40.992],[146.857,-41.059],[146.848,-41.168],[146.723,-41.078],[146.575,-41.143],[146.317,-41.163],[146.111,-41.118],[145.822,-41.025],[145.534,-40.864],[145.35,-40.826],[145.283,-40.77],[145.043,-40.787],[144.819,-40.721],[144.719,-40.672],[144.708,-40.636],[143.987,-40.095],[144.112,-40.022],[144.141,-39.954],[144.106,-39.874],[144.121,-39.785],[144.091,-39.638],[144.001,-39.58],[143.95,-39.584],[143.554,-38.815],[143.812,-38.699],[144.102,-38.462],[144.665,-38.21],[144.59,-38.158],[144.395,-38.137],[144.891,-37.9],[144.985,-37.952],[145.12,-38.091],[145.067,-38.205],[144.911,-38.344],[144.718,-38.34],[144.96,-38.501],[145.191,-38.384],[145.293,-38.238],[145.476,-38.244],[145.542,-38.394],[145.463,-38.416],[145.397,-38.535],[145.606,-38.657],[145.791,-38.667],[145.935,-38.902],[146.07,-38.834],[146.158,-38.866],[146.254,-38.965],[146.34,-39.124],[146.4,-39.146],[146.484,-39.065],[146.467,-38.84],[146.427,-38.82],[146.336,-38.894],[146.216,-38.783],[146.217,-38.728],[146.292,-38.699],[146.436,-38.712],[146.857,-38.664],[147.396,-38.219],[147.631,-38.056],[147.877,-37.934],[148.263,-37.831],[149.439,-37.778],[147.951,-39.735],[147.767,-39.871],[147.812,-39.91],[147.876,-39.905],[147.906,-39.972],[147.891,-40.014],[148.074,-40.241],[148.159,-40.247],[148.172,-40.358],[148.059,-40.357],[148.01,-40.381],[148.02,-40.404],[148.103,-40.452],[148.182,-40.456]]]},"properties":{"name":"Bass Strait","name_en":"Bass Strait","name_zh":"巴斯海峡","featurecla":"strait","scalerank":5,"min_label":6,"max_label":10,"label":"Bass Strait","wikidataid":"Q171846"}},{"type":"Feature","geometry":{"type":"Polygon","coordinates":[[[-125.892,69.416],[-125.355,69.625],[-125.167,69.48],[-125.172,69.428],[-125.387,69.349],[-125.892,69.416]]]},"properties":{"name":"Franklin Bay","name_en":"Franklin Bay","name_zh":"富兰克林湾","featurecla":"bay","scalerank":7,"min_label":7.6,"max_label":10,"label":"Franklin Bay","wikidataid":"Q5491299"}},{"type":"Feature","geometry":{"type":"Polygon","coordinates":[[[-133.05,54.157],[-132.817,54.715],[-132.706,54.68],[-132.02,54.731],[-131.682,54.142],[-131.941,54.042],[-132.124,54.035],[-132.344,54.106],[-132.564,54.069],[-132.656,54.127],[-133.05,54.157]]]},"properties":{"name":"Dixon Entrance","name_en":"Dixon Entrance","name_zh":"迪克森海峡","featurecla":"channel","scalerank":5,"min_label":6,"max_label":10,"label":"Dixon Entrance","wikidataid":"Q1231779"}},{"type":"Feature","geometry":{"type":"Polygon","coordinates":[[[-124.686,74.348],[-122.88,76.138],[-122.624,76.167],[-122.546,76.08],[-122.646,76.031],[-122.641,76.009],[-122.533,75.951],[-122.4,75.944],[-121.908,76.035],[-121.213,75.984],[-121.019,76.02],[-120.9,76.164],[-120.813,76.179],[-120.637,76.034],[-120.563,76.008],[-120.409,75.825],[-119.918,75.859],[-119.344,75.648],[-119.383,75.601],[-118.817,75.522],[-118.614,75.515],[-118.298,75.589],[-117.597,75.289],[-117.565,75.233],[-117.502,75.204],[-117.005,75.156],[-116.476,75.172],[-116.142,75.042],[-115.729,74.968],[-115.609,75.009],[-115.478,75.104],[-115.28,75.102],[-114.348,74.653],[-115.434,73.566],[-115.634,73.665],[-115.958,73.748],[-116.95,74.101],[-117.199,74.171],[-117.708,74.252],[-118.2,74.266],[-118.625,74.233],[-119.118,74.016],[-119.15,74.168],[-119.206,74.198],[-119.471,74.201],[-119.729,74.108],[-119.715,74.154],[-119.562,74.233],[-119.943,74.254],[-121.504,74.545],[-124.686,74.348]],[[-120.888,75.928],[-121.043,75.903],[-121.026,75.848],[-121.241,75.752],[-121.076,75.746],[-120.955,75.789],[-120.897,75.844],[-120.888,75.928]]]},"properties":{"name":"M'Clure Strait","name_en":"M'Clure Strait","name_zh":"麦克卢尔海峡","featurecla":"strait","scalerank":5,"min_label":5.7,"max_label":10,"label":"M'Clure Strait","wikidataid":"Q1135336"}},{"type":"Feature","geometry":{"type":"Polygon","coordinates":[[[-60.794,9.358],[-60.331,8.628],[-60.481,8.547],[-60.865,8.579],[-61.036,8.493],[-61.194,8.487],[-61.304,8.411],[-61.619,8.597],[-61.247,8.601],[-61.122,8.843],[-61.023,9.155],[-60.971,9.215],[-60.841,9.264],[-60.794,9.358]]]},"properties":{"name":"Boca Grande","name_en":"Boca Grande","name_zh":"博卡格兰德湾","featurecla":"bay","scalerank":5,"min_label":6,"max_label":10,"label":null,"wikidataid":null}},{"type":"Feature","geometry":{"type":"Polygon","coordinates":[[[-48.389,-0.312],[-48.035,-0.706],[-48.115,-0.738],[-48.129,-0.795],[-48.266,-0.895],[-48.318,-0.96],[-48.306,-1.04],[-48.45,-1.146],[-48.409,-1.229],[-48.478,-1.324],[-48.468,-1.394],[-48.451,-1.436],[-48.35,-1.482],[-48.446,-1.52],[-48.463,-1.614],[-48.6,-1.488],[-48.71,-1.488],[-48.991,-1.83],[-49.211,-1.917],[-49.457,-2.504],[-49.524,-2.597],[-49.637,-2.657],[-49.553,-2.52],[-49.507,-2.28],[-49.313,-1.732],[-49.719,-1.927],[-49.789,-1.78],[-49.588,-1.712],[-49.526,-1.63],[-49.507,-1.512],[-49.345,-1.595],[-49.234,-1.6],[-49.173,-1.413],[-49.087,-1.505],[-49.038,-1.514],[-48.929,-1.482],[-48.833,-1.39],[-48.804,-1.327],[-48.84,-1.227],[-48.704,-1.106],[-48.571,-0.893],[-48.54,-0.801],[-48.567,-0.685],[-48.497,-0.665],[-48.379,-0.353],[-48.389,-0.312]]]},"properties":{"name":"Baía de Marajó","name_en":"Marajó Bay","name_zh":"马拉若湾","featurecla":"bay","scalerank":7,"min_label":7.6,"max_label":10,"label":null,"wikidataid":null}},{"type":"Feature","geometry":{"type":"Polygon","coordinates":[[[-63.403,-41.156],[-63.786,-42.119],[-64.229,-42.218],[-64.253,-42.251],[-64.061,-42.266],[-64.062,-42.353],[-64.101,-42.395],[-64.421,-42.434],[-64.571,-42.416],[-64.574,-42.356],[-64.512,-42.27],[-64.622,-42.261],[-64.898,-42.162],[-64.986,-42.102],[-65.059,-41.97],[-65.007,-41.745],[-65.018,-41.567],[-65.155,-41.106],[-65.133,-40.881],[-65.069,-40.805],[-64.869,-40.736],[-64.804,-40.756],[-64.853,-40.814],[-64.384,-40.923],[-63.773,-41.15],[-63.403,-41.156]]]},"properties":{"name":"Golfo San Matías","name_en":"San Matías Gulf","name_zh":"圣马蒂亚斯湾","featurecla":"gulf","scalerank":5,"min_label":6,"max_label":10,"label":"Golfo San Matías","wikidataid":"Q1459954"}},{"type":"Feature","geometry":{"type":"Polygon","coordinates":[[[-73.538,-41.895],[-73.548,-41.791],[-73.242,-41.781],[-73.174,-41.746],[-73.015,-41.544],[-72.953,-41.515],[-72.805,-41.544],[-72.67,-41.66],[-72.542,-41.691],[-72.428,-41.646],[-72.36,-41.514],[-72.318,-41.499],[-72.36,-41.649],[-72.486,-41.722],[-72.66,-41.743],[-72.824,-41.909],[-72.738,-41.995],[-72.624,-42.011],[-72.499,-41.981],[-72.412,-42.388],[-72.43,-42.434],[-72.549,-42.256],[-72.631,-42.2],[-72.774,-42.258],[-72.785,-42.302],[-72.632,-42.509],[-72.774,-42.505],[-72.848,-42.669],[-72.845,-42.808],[-72.766,-42.908],[-72.758,-43.04],[-72.878,-43.048],[-72.94,-43.211],[-73.076,-43.323],[-73.101,-43.455],[-72.997,-43.631],[-73.069,-43.862],[-73.224,-43.898],[-73.265,-44.168],[-72.827,-44.395],[-72.664,-44.436],[-72.68,-44.594],[-72.739,-44.734],[-73.078,-44.92],[-73.362,-44.978],[-73.445,-45.238],[-73.226,-45.255],[-72.976,-45.392],[-72.934,-45.452],[-73.266,-45.346],[-73.55,-45.484],[-73.724,-45.48],[-73.84,-45.332],[-73.83,-45.283],[-73.752,-45.267],[-73.727,-45.119],[-73.786,-45.034],[-73.877,-44.729],[-74.002,-44.591],[-73.983,-44.495],[-73.785,-44.438],[-73.704,-44.326],[-73.703,-44.274],[-73.818,-44.235],[-73.903,-44.135],[-73.956,-43.922],[-73.904,-43.875],[-73.789,-43.876],[-73.857,-43.784],[-73.867,-43.368],[-73.774,-43.346],[-73.738,-43.292],[-73.75,-43.159],[-73.541,-43.074],[-73.437,-42.937],[-73.568,-42.761],[-73.673,-42.704],[-73.789,-42.586],[-73.471,-42.466],[-73.524,-42.393],[-73.533,-42.314],[-73.439,-42.278],[-73.423,-42.193],[-73.538,-41.895]],[[-72.842,-44.458],[-73.208,-44.335],[-73.26,-44.35],[-73.282,-44.49],[-73.445,-44.641],[-73.35,-44.833],[-73.229,-44.86],[-72.986,-44.78],[-72.764,-44.549],[-72.842,-44.458]],[[-73.686,-44.546],[-73.779,-44.559],[-73.819,-44.652],[-73.725,-44.797],[-73.665,-44.833],[-73.632,-44.821],[-73.616,-44.753],[-73.641,-44.611],[-73.686,-44.546]]]},"properties":{"name":"Golfo Corcovado","name_en":"Gulf of Corcovado","name_zh":"科爾科瓦多灣","featurecla":"gulf","scalerank":5,"min_label":6,"max_label":10,"label":"Golfo Corcovado","wikidataid":"Q2328243"}},{"type":"Feature","geometry":{"type":"Polygon","coordinates":[[[-124.935,-74.201],[-124.883,-74.724],[-126.384,-74.743],[-127.02,-74.698],[-127.863,-74.719],[-129.791,-74.891],[-130.196,-74.891],[-130.857,-74.826],[-131.707,-74.811],[-132.049,-74.766],[-133.796,-74.855],[-134.117,-74.83],[-134.94,-74.693],[-127.268,-73.304],[-127.394,-73.382],[-127.429,-73.447],[-127.414,-73.517],[-127.233,-73.585],[-127.212,-73.724],[-127.006,-73.726],[-126.838,-73.657],[-126.583,-73.67],[-126.496,-73.7],[-126.465,-73.746],[-126.472,-73.812],[-126.244,-73.891],[-125.887,-73.955],[-125.683,-74.036],[-125.421,-74.07],[-125.09,-74.182],[-124.935,-74.201]],[[-128.043,-74.312],[-128.133,-74.327],[-128.096,-74.466],[-127.817,-74.575],[-127.518,-74.641],[-127.232,-74.579],[-127.145,-74.48],[-127.23,-74.425],[-128.043,-74.312]],[[-131.594,-74.33],[-131.938,-74.349],[-132.162,-74.426],[-131.841,-74.543],[-131.179,-74.605],[-131.067,-74.584],[-130.968,-74.515],[-130.981,-74.414],[-131.234,-74.413],[-131.56,-74.367],[-131.594,-74.33]],[[-132.362,-74.41],[-132.552,-74.387],[-132.832,-74.421],[-132.857,-74.462],[-132.546,-74.499],[-132.362,-74.41]]]},"properties":{"name":"Wrigley Gulf","name_en":"Wrigley Gulf","name_zh":"里格利灣","featurecla":"gulf","scalerank":5,"min_label":6,"max_label":10,"label":"Wrigley Gulf","wikidataid":"Q281638"}},{"type":"Feature","geometry":{"type":"Polygon","coordinates":[[[-158.003,-77.091],[-148.464,-76.12],[-148.895,-76.272],[-149.654,-76.365],[-148.601,-76.493],[-147.341,-76.439],[-146.776,-76.507],[-145.75,-76.749],[-145.676,-76.797],[-145.686,-76.885],[-145.629,-76.954],[-145.934,-77.029],[-145.967,-77.069],[-145.753,-77.103],[-145.516,-77.199],[-145.808,-77.273],[-145.794,-77.33],[-145.714,-77.338],[-145.601,-77.455],[-145.677,-77.488],[-146.074,-77.487],[-146.391,-77.473],[-146.928,-77.26],[-147.566,-77.325],[-148.196,-77.211],[-148.572,-77.105],[-148.778,-77.125],[-148.839,-77.202],[-148.844,-77.284],[-148.744,-77.343],[-148.26,-77.413],[-148.156,-77.463],[-148.34,-77.551],[-149.126,-77.642],[-149.718,-77.798],[-150.305,-77.731],[-151.719,-77.426],[-153.077,-77.442],[-153.461,-77.416],[-153.573,-77.363],[-153.606,-77.31],[-153.91,-77.227],[-154.815,-77.127],[-156.211,-77.106],[-156.668,-77.213],[-157.139,-77.242],[-157.466,-77.231],[-157.842,-77.079],[-158.003,-77.091]],[[-147.101,-76.886],[-147.044,-76.93],[-147.079,-76.993],[-146.981,-77.006],[-146.164,-76.949],[-146.245,-76.883],[-146.866,-76.837],[-147.086,-76.837],[-147.101,-76.886]],[[-147.221,-76.671],[-146.908,-76.714],[-146.79,-76.633],[-146.878,-76.563],[-147.135,-76.532],[-147.279,-76.552],[-147.355,-76.619],[-147.221,-76.671]],[[-148.815,-76.841],[-148.321,-76.771],[-148.662,-76.721],[-149.333,-76.717],[-149.469,-76.757],[-149.239,-76.818],[-148.815,-76.841]],[[-148.44,-76.977],[-149.238,-76.9],[-149.303,-76.916],[-149.245,-76.993],[-149.015,-77.019],[-148.44,-76.977]],[[-149.439,-77.37],[-148.929,-77.387],[-149.376,-77.28],[-149.662,-77.301],[-149.439,-77.37]],[[-150.462,-77.076],[-149.729,-77.129],[-149.231,-77.121],[-149.416,-77.079],[-149.506,-77.002],[-149.87,-76.875],[-150.393,-76.899],[-150.789,-76.982],[-150.462,-77.076]],[[-150.085,-76.735],[-150.177,-76.692],[-150.874,-76.737],[-150.655,-76.789],[-150.232,-76.776],[-150.085,-76.735]],[[-151.511,-77.274],[-150.475,-77.374],[-150.356,-77.349],[-151.021,-77.22],[-151.511,-77.274]]]},"properties":{"name":"Sulzberger Bay","name_en":"Sulzberger Bay","name_zh":"蘇茲貝格灣","featurecla":"bay","scalerank":5,"min_label":6,"max_label":10,"label":"Sulzberger Bay","wikidataid":"Q281737"}},{"type":"Feature","geometry":{"type":"Polygon","coordinates":[[[-75.691,-72.873],[-75.383,-71.828],[-75.353,-71.878],[-74.786,-72.063],[-74.429,-72.055],[-74.322,-72.072],[-74.153,-72.159],[-73.995,-72.17],[-73.77,-72.106],[-74.276,-72.951],[-74.474,-72.894],[-75.377,-72.82],[-75.691,-72.873]]]},"properties":{"name":"Ronne Entrance","name_en":"Ronne Entrance","name_zh":"龙尼入口","featurecla":"channel","scalerank":5,"min_label":6,"max_label":10,"label":"Ronne Entrance","wikidataid":"Q281730"}},{"type":"Feature","geometry":{"type":"Polygon","coordinates":[[[-57.655,-61.973],[-57.423,-61.93],[-55.075,-61.177],[-54.184,-61.269],[-55.075,-63.324],[-55.156,-63.205],[-55.466,-63.199],[-55.59,-63.128],[-56.042,-63.157],[-56.385,-63.234],[-56.505,-63.334],[-56.465,-63.415],[-57.168,-63.235],[-57.39,-63.226],[-57.868,-63.319],[-58.216,-63.451],[-58.872,-63.552],[-59.036,-63.67],[-59.51,-63.821],[-59.99,-63.91],[-60.277,-63.924],[-60.864,-64.074],[-60.922,-64.108],[-60.887,-64.15],[-61.082,-64.315],[-61.396,-64.427],[-61.47,-64.476],[-61.501,-64.546],[-61.632,-64.605],[-61.883,-64.625],[-62.243,-64.747],[-62.338,-64.729],[-62.404,-64.643],[-62.503,-64.657],[-62.576,-64.756],[-62.528,-64.833],[-62.775,-64.842],[-63.12,-64.942],[-63.033,-65.08],[-63.059,-65.139],[-63.178,-65.126],[-63.264,-65.073],[-63.482,-65.085],[-63.76,-65.033],[-63.804,-64.792],[-63.74,-64.834],[-63.559,-64.734],[-63.275,-64.718],[-63.026,-64.611],[-62.836,-64.572],[-62.928,-64.519],[-63.131,-64.573],[-63.277,-64.573],[-63.181,-64.469],[-63.271,-64.38],[-63.229,-64.324],[-63.334,-64.266],[-63.486,-64.26],[-62.615,-63.069],[-62.344,-62.918],[-61.064,-62.679],[-60.796,-62.662],[-60.697,-62.62],[-60.378,-62.616],[-60.322,-62.708],[-60.221,-62.745],[-59.85,-62.615],[-60.003,-62.618],[-59.541,-62.442],[-59.389,-62.444],[-59.353,-62.413],[-59.382,-62.381],[-59.174,-62.302],[-59.06,-62.348],[-58.838,-62.302],[-58.977,-62.256],[-58.757,-62.205],[-58.562,-62.244],[-58.507,-62.226],[-58.466,-62.137],[-58.342,-62.119],[-58.183,-62.17],[-58.133,-62.146],[-58.172,-62.118],[-58.147,-62.063],[-57.963,-62.078],[-57.807,-62.012],[-57.639,-62.02],[-57.655,-61.973]],[[-56.488,-62.982],[-56.614,-63.045],[-56.354,-63.169],[-56.259,-63.173],[-56.051,-63.055],[-56.062,-63.013],[-56.488,-62.982]],[[-60.972,-63.849],[-60.778,-63.902],[-60.653,-63.867],[-60.689,-63.808],[-60.562,-63.696],[-60.715,-63.669],[-60.797,-63.717],[-60.81,-63.837],[-60.972,-63.849]],[[-62.267,-64.04],[-62.452,-64.012],[-62.585,-64.076],[-62.611,-64.116],[-62.48,-64.211],[-62.643,-64.392],[-62.782,-64.479],[-62.58,-64.514],[-62.508,-64.454],[-62.396,-64.465],[-62.186,-64.369],[-62.174,-64.296],[-62.094,-64.234],[-62.058,-64.138],[-62.268,-64.09],[-62.267,-64.04]]]},"properties":{"name":"Bransfield Strait","name_en":"Bransfield Strait","name_zh":"布蘭斯菲爾德海峽","featurecla":"strait","scalerank":5,"min_label":5.7,"max_label":10,"label":"Bransfield Str.","wikidataid":"Q898839"}},{"type":"Feature","geometry":{"type":"Polygon","coordinates":[[[166.324,-77.592],[165.534,-78.154],[165.524,-78.064],[165.418,-78.042],[165.05,-78.226],[164.628,-78.316],[164.297,-78.236],[163.978,-78.224],[164.108,-78.147],[164.43,-78.042],[164.492,-77.954],[164.421,-77.883],[164.037,-77.853],[164.045,-77.775],[163.766,-77.7],[163.619,-77.582],[163.607,-77.388],[163.087,-77.032],[162.679,-77.007],[162.45,-76.956],[162.489,-76.869],[162.763,-76.745],[162.745,-76.658],[162.674,-76.569],[162.825,-76.463],[162.727,-76.225],[162.498,-76.208],[162.436,-76.155],[162.648,-76.049],[162.816,-75.846],[162.754,-75.793],[162.352,-75.687],[162.239,-75.622],[162.19,-75.467],[161.903,-75.404],[161.033,-75.396],[160.911,-75.335],[161.68,-75.218],[162.088,-75.262],[162.41,-75.237],[162.534,-75.167],[162.604,-74.823],[162.752,-74.736],[163.167,-74.602],[163.266,-74.426],[163.398,-74.382],[163.557,-74.417],[163.735,-74.564],[163.936,-74.567],[164.174,-74.523],[165.303,-74.594],[165.409,-74.558],[165.4,-74.479],[165.263,-74.426],[165.037,-74.264],[164.776,-74.028],[164.906,-74.003],[164.98,-73.926],[164.888,-73.838],[164.75,-73.559],[164.813,-73.397],[165.129,-73.383],[165.245,-73.571],[165.25,-73.782],[165.347,-73.88],[165.549,-73.846],[165.734,-73.867],[166.106,-73.735],[165.971,-73.631],[165.86,-73.593],[166.16,-73.534],[166.996,-73.544],[167.297,-73.44],[167.534,-73.447],[167.709,-73.394],[167.616,-73.337],[166.834,-73.224],[166.467,-72.997],[166.453,-72.936],[166.883,-73.011],[167.155,-73.147],[168.204,-73.13],[168.381,-73.066],[168.736,-73.091],[169.033,-73.2],[169.538,-73.052],[169.711,-73.331],[169.645,-73.379],[169.659,-73.418],[169.48,-73.539],[169.709,-73.626],[169.844,-73.605],[169.859,-73.568],[169.276,-77.455],[168.451,-77.386],[167.461,-77.394],[167.084,-77.322],[167.107,-77.27],[166.987,-77.186],[166.716,-77.162],[166.506,-77.189],[166.413,-77.252],[166.607,-77.336],[166.626,-77.377],[166.379,-77.494],[166.217,-77.524],[166.324,-77.592]],[[163.763,-74.803],[163.976,-74.833],[164.209,-74.608],[164.002,-74.629],[163.742,-74.711],[163.763,-74.803]]]},"properties":{"name":"McMurdo Sound","name_en":"McMurdo Sound","name_zh":"麦克默多湾","featurecla":"sound","scalerank":5,"min_label":5.7,"max_label":10,"label":null,"wikidataid":"Q1056751"}},{"type":"Feature","geometry":{"type":"Polygon","coordinates":[[[-44.546,-1.955],[-43.388,-2.382],[-43.434,-2.413],[-43.455,-2.502],[-43.729,-2.518],[-43.865,-2.595],[-43.933,-2.583],[-44.193,-2.81],[-44.225,-2.755],[-44.113,-2.599],[-44.105,-2.493],[-44.229,-2.471],[-44.308,-2.535],[-44.438,-2.944],[-44.723,-3.205],[-44.589,-2.573],[-44.521,-2.481],[-44.52,-2.406],[-44.382,-2.365],[-44.436,-2.168],[-44.579,-2.23],[-44.663,-2.373],[-44.756,-2.265],[-44.659,-2.228],[-44.538,-2.053],[-44.546,-1.955]]]},"properties":{"name":"Baía de São Marcos","name_en":"Baía de São Marcos","name_zh":"圣马科斯湾","featurecla":"bay","scalerank":7,"min_label":7.6,"max_label":10,"label":"Baía de São Marcos","wikidataid":"Q2060432"}},{"type":"Feature","geometry":{"type":"Polygon","coordinates":[[[-63.631,64.939],[-64.433,63.728],[-64.576,63.897],[-64.798,63.916],[-64.686,63.961],[-64.678,64.028],[-65.17,64.028],[-65.15,64.087],[-65.348,64.232],[-65.581,64.294],[-65.594,64.311],[-65.508,64.318],[-65.213,64.303],[-65.075,64.437],[-65.095,64.485],[-65.178,64.51],[-65.529,64.505],[-65.275,64.631],[-65.432,64.727],[-65.513,64.707],[-65.768,64.854],[-65.939,64.886],[-66.03,64.847],[-66.153,64.735],[-66.214,64.722],[-66.301,64.778],[-66.21,64.828],[-66.224,64.854],[-66.636,65.0],[-66.667,64.974],[-66.677,64.813],[-66.698,64.815],[-66.831,65.074],[-66.97,65.085],[-66.999,65.173],[-67.066,65.244],[-67.336,65.347],[-67.118,65.441],[-67.304,65.483],[-67.4,65.588],[-67.57,65.644],[-67.937,65.565],[-67.954,65.623],[-67.867,65.774],[-68.115,65.828],[-68.187,65.871],[-68.257,65.938],[-68.261,65.995],[-68.198,66.039],[-68.217,66.079],[-68.467,66.173],[-68.749,66.2],[-68.46,66.249],[-67.828,65.965],[-67.551,65.922],[-67.351,65.93],[-67.183,66.034],[-67.705,66.269],[-67.883,66.468],[-67.869,66.49],[-67.741,66.458],[-67.311,66.304],[-67.225,66.31],[-67.19,66.322],[-67.192,66.433],[-67.318,66.521],[-67.307,66.57],[-67.077,66.525],[-66.969,66.547],[-67.015,66.622],[-66.987,66.627],[-66.788,66.555],[-66.712,66.46],[-66.477,66.28],[-66.209,66.206],[-66.064,66.133],[-65.856,66.142],[-65.656,66.205],[-65.857,66.087],[-65.891,66.02],[-65.826,65.997],[-65.415,65.995],[-65.004,66.078],[-64.655,66.287],[-64.445,66.317],[-64.673,66.192],[-64.853,66.016],[-65.185,65.94],[-65.378,65.822],[-65.402,65.764],[-65.176,65.568],[-65.109,65.464],[-64.555,65.117],[-64.47,65.253],[-64.27,65.401],[-64.345,65.172],[-64.152,65.066],[-64.061,65.122],[-63.896,65.109],[-63.631,64.939]]]},"properties":{"name":"Cumberland Sound","name_en":"Cumberland Sound","name_zh":"坎伯蘭灣","featurecla":"sound","scalerank":5,"min_label":5.7,"max_label":10,"label":"Cumberland Sd.","wikidataid":"Q938327"}},{"type":"Feature","geometry":{"type":"Polygon","coordinates":[[[-65.5,62.835],[-65.986,62.213],[-66.281,62.303],[-66.645,62.602],[-66.98,62.701],[-67.366,62.914],[-67.737,63.01],[-67.665,63.072],[-67.676,63.094],[-67.915,63.114],[-68.141,63.173],[-68.911,63.703],[-68.859,63.752],[-68.494,63.725],[-67.723,63.423],[-67.893,63.734],[-67.261,63.341],[-67.18,63.305],[-67.018,63.316],[-66.975,63.256],[-66.773,63.162],[-66.698,63.069],[-66.636,63.08],[-66.655,63.265],[-66.415,63.027],[-66.229,62.991],[-66.201,63.006],[-66.249,63.108],[-66.224,63.107],[-65.833,62.908],[-65.74,62.932],[-65.5,62.835]]]},"properties":{"name":"Frobisher Bay","name_en":"Frobisher Bay","name_zh":"弗罗比舍湾","featurecla":"bay","scalerank":5,"min_label":6,"max_label":10,"label":"Frobisher Bay","wikidataid":"Q1004067"}},{"type":"Feature","geometry":{"type":"Polygon","coordinates":[[[-54.272,70.311],[-54.257,70.528],[-54.015,70.422],[-53.023,70.302],[-52.255,70.059],[-51.499,69.987],[-51.106,70.057],[-50.803,70.003],[-50.323,70.027],[-50.292,70.015],[-50.5,69.936],[-50.343,69.825],[-50.35,69.796],[-50.72,69.725],[-50.804,69.663],[-50.892,69.412],[-51.058,69.275],[-51.077,69.209],[-50.536,69.248],[-50.297,69.171],[-50.392,69.137],[-51.085,69.128],[-51.25,68.74],[-51.03,68.756],[-50.808,68.817],[-50.8,68.791],[-50.946,68.683],[-51.133,68.599],[-51.623,68.535],[-51.78,68.548],[-52.303,68.701],[-52.605,68.709],[-53.042,68.608],[-53.32,69.295],[-52.113,69.489],[-51.9,69.605],[-51.908,69.637],[-52.007,69.686],[-51.977,69.723],[-52.011,69.782],[-52.731,69.945],[-53.103,70.141],[-53.297,70.205],[-54.272,70.311]],[[-50.94,69.909],[-51.209,69.914],[-51.35,69.855],[-51.319,69.804],[-51.339,69.732],[-51.315,69.674],[-51.202,69.525],[-51.014,69.553],[-50.97,69.583],[-50.967,69.664],[-50.912,69.757],[-50.679,69.848],[-50.94,69.909]]]},"properties":{"name":"Disko Bay","name_en":"Disko Bay","name_zh":"迪斯科湾","featurecla":"bay","scalerank":5,"min_label":6,"max_label":10,"label":"Disko Bay","wikidataid":"Q1135227"}},{"type":"Feature","geometry":{"type":"Polygon","coordinates":[[[-57.573,54.436],[-57.406,54.152],[-58.192,54.228],[-58.31,54.202],[-58.361,54.154],[-58.318,54.114],[-58.178,54.131],[-57.928,54.104],[-58.652,53.978],[-58.919,53.876],[-59.322,53.644],[-59.621,53.537],[-59.829,53.505],[-60.148,53.307],[-60.33,53.266],[-60.346,53.289],[-60.251,53.344],[-60.306,53.36],[-60.29,53.391],[-60.1,53.487],[-60.369,53.607],[-60.395,53.653],[-60.145,53.596],[-60.057,53.733],[-59.823,53.834],[-59.497,53.834],[-59.039,53.963],[-58.92,54.033],[-58.633,54.05],[-58.435,54.228],[-58.22,54.286],[-58.152,54.35],[-57.699,54.387],[-57.573,54.436]]]},"properties":{"name":"Hamilton Inlet","name_en":"Hamilton Inlet","name_zh":"哈密尔顿湾","featurecla":"bay","scalerank":7,"min_label":7.6,"max_label":10,"label":null,"wikidataid":null}},{"type":"Feature","geometry":{"type":"Polygon","coordinates":[[[17.045,76.616],[17.032,76.646],[17.063,76.659],[16.977,76.812],[17.249,76.969],[17.153,77.049],[17.443,77.225],[17.624,77.399],[17.847,77.497],[18.228,77.522],[18.362,77.682],[18.439,78.025],[18.822,78.042],[18.995,78.082],[19.009,78.132],[18.958,78.182],[19.055,78.319],[19.677,78.609],[20.185,78.636],[20.228,78.478],[20.373,78.412],[20.56,78.419],[20.528,78.326],[20.786,78.252],[20.845,78.166],[21.036,78.059],[21.653,77.924],[21.334,77.772],[21.251,77.711],[21.201,77.619],[20.873,77.565],[20.928,77.459],[20.985,77.451],[20.981,77.424],[17.045,76.616]]]},"properties":{"name":"Storfjorden","name_en":"Storfjorden","name_zh":"斯图尔峡湾","featurecla":"fjord","scalerank":5,"min_label":6,"max_label":10,"label":"Storfjorden","wikidataid":"Q2097444"}},{"type":"Feature","geometry":{"type":"Polygon","coordinates":[[[16.525,68.651],[16.631,68.616],[16.514,68.532],[16.525,68.491],[16.585,68.466],[17.426,68.482],[17.571,68.447],[16.951,68.355],[16.619,68.406],[16.388,68.39],[16.204,68.317],[16.175,68.281],[16.26,68.145],[16.392,68.092],[16.259,68.001],[16.312,67.882],[16.261,67.886],[16.121,68.028],[16.065,68.2],[16.008,68.229],[15.316,68.069],[15.293,68.037],[15.357,68.004],[15.606,67.988],[15.622,67.948],[15.401,67.92],[15.275,67.961],[15.049,67.956],[14.799,67.81],[14.821,67.75],[14.781,67.675],[15.041,67.683],[15.304,67.765],[15.346,67.734],[15.218,67.656],[15.249,67.602],[15.487,67.515],[15.661,67.543],[15.692,67.521],[15.576,67.444],[15.595,67.349],[15.553,67.352],[15.409,67.474],[14.962,67.574],[14.755,67.499],[14.442,67.271],[15.435,67.247],[15.416,67.203],[14.776,67.195],[14.109,67.119],[13.88,66.965],[13.652,66.907],[13.704,66.852],[13.96,66.794],[13.621,66.795],[13.235,66.655],[12.831,67.824],[13.391,68.021],[13.424,68.083],[13.495,68.051],[13.584,68.094],[13.779,68.105],[13.881,68.164],[14.629,68.199],[14.927,68.306],[15.037,68.283],[15.188,68.31],[15.28,68.374],[15.337,68.378],[15.341,68.326],[15.438,68.313],[15.683,68.356],[15.763,68.409],[15.913,68.389],[16.194,68.538],[16.525,68.651]]]},"properties":{"name":"Vestfjorden","name_en":"Vestfjorden","name_zh":"费斯特峡湾","featurecla":"fjord","scalerank":5,"min_label":6,"max_label":10,"label":"Vestfjorden","wikidataid":"Q1753121"}},{"type":"Feature","geometry":{"type":"Polygon","coordinates":[[[8.279,56.841],[7.125,58.039],[7.466,58.021],[7.876,58.08],[8.037,58.147],[8.166,58.145],[8.521,58.3],[8.928,58.57],[9.396,58.806],[9.31,58.857],[9.618,58.946],[9.696,59.01],[9.557,59.113],[9.635,59.118],[9.8,59.027],[9.843,58.959],[9.96,58.968],[10.083,59.029],[10.179,59.009],[10.431,59.279],[10.446,59.443],[10.407,59.456],[10.398,59.519],[10.57,59.587],[10.534,59.696],[10.595,59.765],[10.645,59.389],[10.834,59.184],[11.366,59.105],[11.388,59.037],[11.295,59.087],[11.196,59.078],[11.147,58.988],[11.208,58.867],[11.271,58.476],[11.257,58.37],[10.581,57.736],[10.259,57.617],[9.962,57.581],[9.554,57.233],[9.434,57.174],[8.619,57.111],[8.279,56.841]]]},"properties":{"name":"Skagerrak","name_en":"Skagerrak","name_zh":"斯卡格拉克海峡","featurecla":"fjord","scalerank":5,"min_label":6,"max_label":10,"label":"Skagerrak","wikidataid":"Q1695"}},{"type":"Feature","geometry":{"type":"MultiPolygon","coordinates":[[[[58.792,70.432],[59.005,70.465],[59.044,70.455],[58.901,70.443],[58.792,70.432]]],[[[58.687,70.365],[58.742,70.4],[58.715,70.373],[58.687,70.365]]],[[[58.525,70.32],[58.615,70.351],[58.655,70.356],[58.525,70.32]]],[[[58.484,70.261],[58.473,70.267],[58.524,70.32],[58.484,70.261]]],[[[57.62,70.727],[57.447,70.661],[57.356,70.649],[57.579,70.716],[57.518,70.78],[57.62,70.727]]]]},"properties":{"name":"Karskiye Strait","name_en":"Kara Strait","name_zh":"卡尔斯基耶海峡","featurecla":"strait","scalerank":7,"min_label":7.6,"max_label":10,"label":null,"wikidataid":null}},{"type":"Feature","geometry":{"type":"Polygon","coordinates":[[[100.958,76.956],[100.005,77.969],[100.541,78.047],[101.204,78.192],[102.617,78.225],[102.797,78.188],[103.003,78.256],[103.719,78.259],[104.297,78.335],[104.742,78.34],[105.313,78.5],[105.337,78.575],[105.401,78.555],[105.824,77.549],[105.815,77.504],[105.309,77.549],[104.965,77.595],[104.814,77.652],[104.185,77.73],[104.015,77.73],[103.561,77.632],[103.132,77.627],[101.518,77.198],[101.186,77.029],[100.99,76.991],[100.958,76.956]]]},"properties":{"name":"Vil'kitskogo Strait","name_en":"Vilkitsky Strait","name_zh":"维尔基茨科戈海峡","featurecla":"strait","scalerank":5,"min_label":5.7,"max_label":10,"label":null,"wikidataid":null}},{"type":"Feature","geometry":{"type":"Polygon","coordinates":[[[5.025,60.936],[4.87,61.072],[4.959,61.084],[4.957,61.163],[5.032,61.242],[5.325,61.108],[5.451,61.102],[5.647,61.147],[6.082,61.167],[6.383,61.134],[6.493,61.155],[6.6,61.29],[6.626,61.279],[6.61,61.229],[6.657,61.207],[6.943,61.161],[7.174,61.166],[7.276,61.181],[7.298,61.214],[7.276,61.284],[7.331,61.372],[7.442,61.435],[7.347,61.301],[7.404,61.222],[7.605,61.21],[7.545,61.177],[7.04,61.091],[7.078,60.966],[7.039,60.953],[6.98,60.994],[6.972,61.056],[6.778,61.143],[6.61,61.137],[6.418,61.084],[5.984,61.117],[5.505,61.056],[5.095,61.071],[5.009,61.038],[5.025,60.936]]]},"properties":{"name":"Sognefjorden","name_en":"Sognefjord","name_zh":"松恩峡湾","featurecla":"fjord","scalerank":7,"min_label":7.6,"max_label":10,"label":"Sognefjorden","wikidataid":"Q208495"}},{"type":"Feature","geometry":{"type":"Polygon","coordinates":[[[8.81,63.762],[9.651,63.822],[9.567,63.706],[9.594,63.679],[9.767,63.7],[9.924,63.522],[10.055,63.513],[10.339,63.571],[10.935,63.77],[11.048,63.845],[10.914,63.921],[11.075,63.988],[11.307,64.049],[11.458,64.003],[11.176,63.899],[11.308,63.876],[11.371,63.805],[10.725,63.625],[10.673,63.558],[10.76,63.461],[10.34,63.469],[10.081,63.433],[10.021,63.391],[9.979,63.395],[9.936,63.479],[9.697,63.624],[9.324,63.57],[9.156,63.459],[9.084,63.464],[9.076,63.501],[9.158,63.566],[9.136,63.594],[8.781,63.638],[8.764,63.701],[8.815,63.726],[8.81,63.762]]]},"properties":{"name":"Trondheimsfjorden","name_en":"Trondheimsfjord","name_zh":"特隆赫姆峡湾","featurecla":"fjord","scalerank":7,"min_label":7.6,"max_label":10,"label":"Trondheimsfjorden","wikidataid":"Q279579"}},{"type":"Feature","geometry":{"type":"Polygon","coordinates":[[[10.581,57.736],[11.257,58.37],[11.33,58.38],[11.432,58.34],[11.449,58.118],[11.549,58.001],[11.703,57.973],[11.735,57.718],[11.879,57.679],[11.961,57.426],[12.054,57.447],[12.152,57.227],[12.421,56.907],[12.573,56.824],[12.718,56.663],[12.884,56.618],[12.92,56.516],[12.857,56.453],[12.656,56.44],[12.802,56.264],[12.706,56.235],[12.471,56.291],[12.643,56.084],[12.587,56.056],[12.428,56.106],[12.219,56.119],[11.866,55.968],[11.934,55.896],[11.922,55.828],[11.82,55.697],[11.784,55.702],[11.691,55.729],[11.696,55.908],[11.628,55.957],[11.475,55.944],[11.465,55.92],[10.899,56.37],[10.926,56.443],[10.846,56.522],[10.49,56.52],[10.283,56.62],[10.296,56.999],[10.524,57.243],[10.537,57.448],[10.445,57.562],[10.481,57.649],[10.61,57.737],[10.581,57.736]]]},"properties":{"name":"Kattegat","name_en":"Kattegat","name_zh":"卡特加特海峡","featurecla":"sea","scalerank":5,"min_label":6,"max_label":10,"label":"Kattegat","wikidataid":"Q131716"}},{"type":"Feature","geometry":{"type":"Polygon","coordinates":[[[72.669,19.836],[70.857,20.713],[71.025,20.739],[71.396,20.87],[72.015,21.156],[72.076,21.224],[72.254,21.531],[72.257,21.661],[72.21,21.728],[72.171,21.774],[72.037,21.823],[72.094,21.92],[72.244,22.028],[72.274,22.09],[72.307,22.189],[72.183,22.269],[72.456,22.248],[72.59,22.278],[72.809,22.234],[72.553,22.16],[72.522,21.976],[72.7,21.972],[72.592,21.877],[72.543,21.696],[72.84,21.687],[73.112,21.75],[72.811,21.62],[72.613,21.462],[72.735,21.471],[72.624,21.372],[72.692,21.178],[72.814,21.117],[72.894,20.673],[72.881,20.563],[72.709,20.078],[72.669,19.836]]]},"properties":{"name":"Gulf of Khambhät","name_en":"Gulf of Khambhat","name_zh":"坎贝湾","featurecla":"gulf","scalerank":5,"min_label":6,"max_label":10,"label":"Gulf of Khambhät","wikidataid":"Q654010"}},{"type":"Feature","geometry":{"type":"Polygon","coordinates":[[[79.839,10.335],[80.212,9.804],[79.982,9.813],[79.954,9.743],[79.979,9.699],[80.046,9.65],[80.258,9.611],[80.385,9.549],[80.428,9.481],[80.318,9.465],[80.086,9.578],[80.118,9.327],[80.1,9.21],[80.065,9.096],[79.939,8.913],[79.86,9.066],[79.407,9.198],[79.276,9.285],[79.02,9.333],[78.919,9.453],[78.996,9.683],[79.258,10.035],[79.253,10.175],[79.315,10.257],[79.39,10.306],[79.532,10.33],[79.667,10.3],[79.839,10.335]]]},"properties":{"name":"Palk Strait","name_en":"Palk Strait","name_zh":"保克海峡","featurecla":"strait","scalerank":7,"min_label":7.6,"max_label":10,"label":"Palk Strait","wikidataid":"Q186299"}},{"type":"Feature","geometry":{"type":"Polygon","coordinates":[[[161.508,54.518],[160.048,53.105],[160.025,53.129],[160.002,53.275],[159.898,53.381],[159.899,53.447],[159.956,53.552],[159.871,53.673],[159.844,53.783],[159.922,54.008],[160.01,54.131],[160.517,54.431],[160.773,54.541],[161.13,54.598],[161.294,54.521],[161.508,54.518]]]},"properties":{"name":"Kronotskiy Gulf","name_en":"Kronotsky Gulf","name_zh":"克罗诺茨基湾","featurecla":"gulf","scalerank":5,"min_label":6,"max_label":10,"label":"Kronotskiy Gulf","wikidataid":"Q2326240"}},{"type":"Feature","geometry":{"type":"Polygon","coordinates":[[[138.124,56.482],[138.209,55.033],[137.651,54.284],[137.378,54.283],[137.142,54.182],[137.096,54.129],[137.258,54.025],[137.155,53.822],[137.019,53.848],[136.887,53.84],[136.802,53.782],[136.719,53.804],[136.683,53.931],[136.77,54.353],[136.82,54.452],[136.797,54.621],[135.852,54.584],[135.258,54.731],[135.212,54.841],[135.263,54.943],[135.54,55.114],[135.751,55.161],[136.175,55.352],[136.46,55.577],[136.793,55.694],[137.384,55.975],[137.573,56.112],[137.691,56.139],[138.124,56.482]],[[138.206,55.033],[138.172,55.06],[138.031,55.053],[137.577,55.197],[137.436,55.016],[137.275,54.891],[137.233,54.791],[137.463,54.874],[137.661,54.653],[137.722,54.663],[137.96,54.789],[138.097,54.991],[138.206,55.033]],[[137.179,55.101],[136.996,55.093],[136.715,54.956],[136.902,54.96],[136.97,54.924],[137.055,54.927],[137.179,55.101]]]},"properties":{"name":"Uda Bay","name_en":"Uda Gulf","name_zh":"乌达湾","featurecla":"bay","scalerank":5,"min_label":6,"max_label":10,"label":null,"wikidataid":"Q1141758"}},{"type":"Feature","geometry":{"type":"Polygon","coordinates":[[[143.245,42.007],[141.692,40.419],[141.463,40.611],[141.43,40.723],[141.4,41.096],[141.464,41.412],[141.108,41.848],[140.734,42.116],[140.528,42.132],[140.417,42.201],[140.315,42.334],[140.385,42.487],[140.481,42.559],[140.71,42.556],[140.986,42.342],[141.407,42.547],[141.851,42.579],[142.508,42.258],[143.112,42.022],[143.245,42.007]]]},"properties":{"name":"Uchiura Bay","name_en":"Uchiura Bay","name_zh":"内浦湾","featurecla":"bay","scalerank":5,"min_label":6,"max_label":10,"label":"Uchiura Bay","wikidataid":"Q1036267"}},{"type":"Feature","geometry":{"type":"Polygon","coordinates":[[[140.318,41.146],[140.144,41.424],[140.385,41.52],[140.489,41.672],[140.66,41.815],[140.999,41.738],[141.152,41.806],[141.464,41.412],[141.269,41.354],[141.05,41.476],[140.937,41.506],[140.891,41.48],[140.802,41.254],[140.8,41.139],[141.2,41.244],[141.244,41.206],[141.262,41.103],[141.225,40.988],[141.118,40.882],[140.936,40.941],[140.876,40.93],[140.801,40.834],[140.748,40.831],[140.68,40.894],[140.628,41.196],[140.386,41.23],[140.318,41.146]]]},"properties":{"name":"Tsugaru Strait","name_en":"Tsugaru Strait","name_zh":"津轻海峡","featurecla":"strait","scalerank":7,"min_label":7.6,"max_label":10,"label":"Tsugaru Strait","wikidataid":"Q271521"}},{"type":"Feature","geometry":{"type":"Polygon","coordinates":[[[141.683,51.91],[141.348,51.91],[141.386,52.057],[141.485,52.179],[141.17,52.368],[141.133,52.436],[141.245,52.55],[141.256,52.84],[141.087,52.898],[140.84,53.088],[141.181,53.015],[141.328,53.097],[141.402,53.184],[141.374,53.292],[141.845,53.377],[141.824,53.34],[141.839,53.138],[141.873,53.039],[141.855,52.793],[141.804,52.556],[141.661,52.273],[141.683,51.91]]]},"properties":{"name":"Tatar Strait","name_en":"Strait of Tartary","name_zh":"鞑靼海峡","featurecla":"strait","scalerank":7,"min_label":7.6,"max_label":10,"label":"Tatar Strait","wikidataid":"Q110802"}},{"type":"Feature","geometry":{"type":"Polygon","coordinates":[[[113.397,-25.647],[113.413,-24.254],[113.418,-24.436],[113.569,-24.693],[113.671,-24.977],[113.993,-25.545],[114.214,-25.852],[114.215,-26.289],[114.176,-26.338],[114.091,-26.394],[113.992,-26.322],[113.854,-26.014],[113.766,-26.16],[113.724,-26.13],[113.684,-26.052],[113.713,-25.831],[113.539,-25.625],[113.451,-25.599],[113.397,-25.647]]]},"properties":{"name":"Shark Bay","name_en":"Shark Bay","name_zh":"鲨鱼湾","featurecla":"bay","scalerank":5,"min_label":6,"max_label":10,"label":"Shark Bay","wikidataid":"Q217487"}},{"type":"Feature","geometry":{"type":"Polygon","coordinates":[[[10.747,33.723],[10.708,33.688],[10.454,33.662],[10.305,33.728],[10.159,33.85],[10.049,34.056],[10.04,34.14],[10.118,34.28],[10.535,34.545],[10.691,34.678],[11.113,35.231],[11.188,34.771],[11.124,34.682],[11.182,34.709],[10.926,33.89],[10.745,33.889],[10.722,33.739],[10.747,33.723]]]},"properties":{"name":"Gulf of Gabès","name_en":"Gulf of Gabès","name_zh":"加贝斯湾","featurecla":"gulf","scalerank":5,"min_label":6,"max_label":10,"label":"Gulf of Gabès","wikidataid":"Q323760"}},{"type":"Feature","geometry":{"type":"Polygon","coordinates":[[[-139.173,69.512],[-139.039,69.578],[-138.879,69.59],[-138.951,69.621],[-134.46,69.653],[-134.496,69.572],[-134.457,69.478],[-135.141,69.468],[-135.23,69.425],[-135.255,69.324],[-135.293,69.308],[-135.499,69.337],[-135.615,69.291],[-135.691,69.311],[-135.91,69.111],[-135.576,69.027],[-135.925,68.993],[-135.939,68.974],[-135.895,68.927],[-135.435,68.842],[-135.231,68.694],[-135.259,68.684],[-136.122,68.882],[-136.717,68.889],[-137.26,68.964],[-137.869,69.093],[-138.69,69.317],[-139.173,69.512]]]},"properties":{"name":"Mackenzie Bay","name_en":"Mackenzie Bay","name_zh":"麦肯齐湾","featurecla":"bay","scalerank":5,"min_label":6,"max_label":10,"label":"Mackenzie Bay","wikidataid":"Q4275770"}},{"type":"Feature","geometry":{"type":"Polygon","coordinates":[[[-164.436,63.2],[-164.963,64.455],[-164.765,64.53],[-164.692,64.508],[-164.304,64.584],[-163.713,64.588],[-163.486,64.55],[-163.145,64.424],[-163.052,64.52],[-163.174,64.533],[-163.303,64.606],[-163.204,64.652],[-162.876,64.517],[-162.807,64.374],[-162.711,64.377],[-162.636,64.451],[-162.334,64.613],[-161.868,64.743],[-161.759,64.816],[-161.467,64.795],[-161.13,64.926],[-160.856,64.756],[-160.836,64.682],[-160.932,64.579],[-161.193,64.517],[-161.415,64.527],[-161.491,64.434],[-161.386,64.44],[-161.22,64.396],[-160.988,64.251],[-160.904,64.031],[-160.779,63.819],[-160.826,63.729],[-161.1,63.558],[-161.266,63.497],[-161.974,63.453],[-162.056,63.471],[-162.113,63.534],[-162.283,63.529],[-162.621,63.266],[-162.807,63.206],[-162.948,63.115],[-163.288,63.047],[-163.504,63.106],[-163.738,63.016],[-163.616,63.125],[-163.736,63.193],[-163.943,63.247],[-164.108,63.262],[-164.436,63.2]]]},"properties":{"name":"Norton Sound","name_en":"Norton Sound","name_zh":"诺顿湾","featurecla":"sound","scalerank":5,"min_label":6,"max_label":10,"label":null,"wikidataid":"Q1973692"}},{"type":"Feature","geometry":{"type":"Polygon","coordinates":[[[-164.081,66.61],[-163.757,67.231],[-163.532,67.103],[-163.002,67.027],[-162.583,67.018],[-162.41,67.104],[-162.392,67.02],[-161.966,67.05],[-161.72,67.021],[-161.622,66.979],[-161.879,66.804],[-161.857,66.7],[-161.572,66.591],[-161.398,66.552],[-161.051,66.653],[-160.864,66.671],[-160.644,66.605],[-160.361,66.613],[-160.263,66.572],[-160.227,66.508],[-160.232,66.421],[-160.651,66.373],[-160.784,66.385],[-161.156,66.495],[-161.591,66.46],[-161.91,66.56],[-162.051,66.667],[-162.017,66.784],[-162.131,66.802],[-162.253,66.918],[-162.361,66.948],[-162.478,66.931],[-162.607,66.895],[-162.543,66.805],[-162.467,66.736],[-162.318,66.734],[-162.191,66.693],[-161.888,66.493],[-161.917,66.412],[-161.828,66.371],[-161.544,66.407],[-161.121,66.334],[-161.07,66.295],[-161.034,66.189],[-161.109,66.24],[-161.201,66.219],[-161.455,66.281],[-161.557,66.251],[-161.816,66.054],[-162.587,66.051],[-162.886,66.099],[-163.695,66.084],[-164.034,66.216],[-163.894,66.287],[-163.903,66.378],[-163.775,66.531],[-163.894,66.576],[-163.638,66.574],[-163.728,66.616],[-164.081,66.61]]]},"properties":{"name":"Kotzebue Sound","name_en":"Kotzebue Sound","name_zh":"科策布海湾","featurecla":"sound","scalerank":5,"min_label":6,"max_label":10,"label":"Kotzebue Sound","wikidataid":"Q943234"}},{"type":"Feature","geometry":{"type":"Polygon","coordinates":[[[-91.572,70.162],[-89.416,71.04],[-89.208,70.76],[-88.849,70.523],[-88.402,70.443],[-87.901,70.252],[-87.618,70.319],[-87.063,70.325],[-87.172,70.4],[-87.122,70.412],[-86.704,70.391],[-86.397,70.465],[-86.5,70.351],[-86.483,70.289],[-86.322,70.145],[-85.78,70.037],[-85.717,70.05],[-85.485,69.846],[-85.535,69.835],[-85.446,69.778],[-85.503,69.652],[-85.416,69.548],[-85.437,69.488],[-85.402,69.427],[-85.432,69.354],[-85.387,69.232],[-85.276,69.172],[-85.114,69.166],[-84.862,69.074],[-84.916,68.962],[-85.084,68.908],[-85.107,68.844],[-84.868,68.773],[-85.275,68.741],[-85.491,68.774],[-85.69,68.671],[-85.745,68.578],[-85.731,68.445],[-85.952,68.073],[-86.398,67.8],[-86.476,67.713],[-86.561,67.482],[-86.924,67.356],[-87.266,67.184],[-87.359,67.177],[-87.418,67.214],[-87.499,67.356],[-88.196,67.766],[-88.314,67.95],[-88.347,68.288],[-88.235,68.339],[-88.111,68.251],[-87.893,68.248],[-87.813,68.346],[-87.828,68.448],[-87.866,68.477],[-87.964,68.709],[-88.042,68.812],[-88.224,68.915],[-88.638,69.059],[-89.056,69.266],[-89.28,69.255],[-89.667,69.014],[-89.783,68.736],[-89.884,68.626],[-89.898,68.491],[-90.205,68.257],[-90.574,68.475],[-90.51,68.689],[-90.539,68.82],[-90.479,68.881],[-90.587,68.947],[-90.745,69.106],[-91.237,69.285],[-91.058,69.318],[-91.005,69.277],[-90.892,69.267],[-90.822,69.291],[-90.795,69.347],[-90.684,69.428],[-90.415,69.457],[-90.45,69.475],[-90.667,69.516],[-91.44,69.526],[-91.151,69.637],[-91.202,69.645],[-91.384,69.649],[-91.724,69.546],[-91.912,69.531],[-92.209,69.603],[-92.258,69.634],[-92.231,69.653],[-92.312,69.673],[-92.888,69.668],[-91.977,70.038],[-92.127,70.084],[-92.512,70.104],[-92.32,70.235],[-91.995,70.143],[-91.572,70.162]],[[-86.702,68.305],[-86.885,68.191],[-86.96,68.1],[-86.847,68.01],[-86.909,67.902],[-86.893,67.837],[-86.706,67.75],[-86.595,67.736],[-86.489,67.784],[-86.396,67.889],[-86.421,68.183],[-86.57,68.288],[-86.702,68.305]],[[-86.613,70.106],[-87.107,70.147],[-87.323,70.102],[-87.323,70.08],[-87.191,70.018],[-87.044,70.0],[-86.735,69.977],[-86.515,70.017],[-86.613,70.106]],[[-90.229,69.436],[-90.377,69.416],[-90.492,69.37],[-90.364,69.263],[-90.295,69.258],[-90.177,69.357],[-90.229,69.436]]]},"properties":{"name":"Gulf of Boothia","name_en":"Gulf of Boothia","name_zh":"布西亞灣","featurecla":"gulf","scalerank":5,"min_label":5.7,"max_label":10,"label":"Gulf of Boothia","wikidataid":"Q919520"}},{"type":"Feature","geometry":{"type":"Polygon","coordinates":[[[-72.698,78.38],[-74.539,78.647],[-74.433,78.724],[-75.099,78.858],[-75.795,78.89],[-75.953,78.959],[-76.256,79.007],[-76.825,79.018],[-77.883,78.942],[-78.582,79.075],[-77.398,79.058],[-75.912,79.118],[-75.233,79.035],[-74.532,79.053],[-74.481,79.23],[-75.093,79.204],[-75.603,79.24],[-76.116,79.326],[-76.296,79.414],[-76.899,79.512],[-75.503,79.414],[-73.866,79.502],[-73.466,79.495],[-73.294,79.522],[-73.201,79.597],[-73.229,79.644],[-73.473,79.757],[-74.66,79.835],[-74.394,79.874],[-73.448,79.827],[-72.436,79.694],[-71.964,79.701],[-71.388,79.762],[-71.11,79.848],[-71.106,79.876],[-71.356,79.911],[-70.757,79.998],[-70.559,80.071],[-70.758,80.119],[-71.616,80.071],[-71.949,80.086],[-72.056,80.123],[-70.265,80.233],[-70.213,80.278],[-70.712,80.54],[-70.144,80.398],[-69.734,80.367],[-69.551,80.383],[-68.631,80.679],[-67.751,80.864],[-67.193,80.275],[-67.201,80.222],[-67.061,80.123],[-66.96,80.092],[-66.291,80.073],[-65.81,80.024],[-64.544,80.137],[-64.179,80.099],[-64.792,80.001],[-65.117,79.589],[-65.42,79.34],[-65.968,79.132],[-67.354,79.123],[-68.377,79.038],[-69.031,78.943],[-68.93,78.867],[-69.974,78.778],[-70.906,78.638],[-71.651,78.623],[-72.396,78.505],[-72.698,78.38]]]},"properties":{"name":"Kane Basin","name_en":"Kane Basin","name_zh":"凯恩湾","featurecla":"bay","scalerank":5,"min_label":5.7,"max_label":10,"label":"Kane Basin","wikidataid":"Q1510928"}},{"type":"Feature","geometry":{"type":"Polygon","coordinates":[[[-85.699,65.883],[-85.716,65.917],[-86.043,66.023],[-85.959,66.119],[-86.001,66.187],[-86.685,66.36],[-86.747,66.417],[-86.688,66.458],[-86.737,66.511],[-85.792,66.533],[-85.604,66.568],[-85.442,66.537],[-85.096,66.325],[-84.628,66.208],[-84.478,66.179],[-84.398,66.259],[-84.293,66.292],[-83.869,66.214],[-83.798,66.238],[-83.826,66.29],[-84.094,66.526],[-84.223,66.682],[-84.738,66.934],[-84.858,66.941],[-85.018,66.872],[-85.114,66.907],[-84.846,67.029],[-84.538,66.973],[-84.273,66.839],[-84.361,66.823],[-84.324,66.782],[-84.208,66.736],[-83.998,66.728],[-83.651,66.485],[-83.59,66.388],[-83.407,66.371],[-83.299,66.392],[-82.949,66.551],[-82.641,66.588],[-82.26,66.739],[-81.925,66.975],[-81.63,67.002],[-81.468,67.07],[-81.301,67.357],[-81.27,67.46],[-81.294,67.497],[-81.412,67.595],[-81.869,67.803],[-82.063,67.928],[-82.102,68.019],[-82.013,68.194],[-82.151,68.14],[-82.222,68.145],[-82.423,68.296],[-82.393,68.338],[-82.413,68.357],[-82.553,68.447],[-82.499,68.478],[-82.21,68.506],[-81.915,68.459],[-81.527,68.556],[-81.281,68.657],[-81.263,68.781],[-81.381,68.85],[-81.958,68.884],[-81.951,68.909],[-81.612,69.003],[-81.322,69.139],[-81.412,69.198],[-81.732,69.258],[-81.952,69.276],[-82.228,69.249],[-82.247,69.265],[-82.208,69.297],[-82.31,69.41],[-82.755,69.494],[-82.496,69.532],[-82.39,69.601],[-82.393,69.645],[-82.215,69.839],[-81.565,69.943],[-80.922,69.731],[-80.84,69.771],[-80.726,69.741],[-80.778,69.71],[-80.778,69.677],[-80.448,69.649],[-80.329,69.587],[-80.269,69.6],[-80.162,69.536],[-80.047,69.514],[-79.954,69.524],[-80.047,69.634],[-79.882,69.609],[-79.553,69.631],[-79.365,69.712],[-79.43,69.788],[-79.594,69.81],[-79.588,69.892],[-79.093,69.925],[-78.89,69.978],[-78.778,70.047],[-78.81,70.179],[-78.934,70.293],[-79.405,70.401],[-79.347,70.482],[-79.066,70.604],[-78.98,70.581],[-78.621,70.353],[-78.283,70.229],[-77.774,70.238],[-77.592,69.846],[-77.016,69.836],[-76.859,69.775],[-76.869,69.745],[-77.129,69.653],[-77.09,69.635],[-76.742,69.573],[-76.513,69.684],[-76.234,69.662],[-76.463,69.62],[-76.516,69.591],[-76.521,69.517],[-76.408,69.441],[-75.787,69.319],[-75.648,69.212],[-75.668,69.159],[-75.954,69.031],[-76.381,69.053],[-76.557,69.01],[-76.588,68.974],[-76.575,68.847],[-76.616,68.76],[-76.619,68.721],[-76.585,68.699],[-76.404,68.692],[-76.235,68.728],[-75.623,68.887],[-75.523,68.953],[-75.213,68.909],[-74.855,69.066],[-74.717,69.046],[-74.954,68.961],[-74.743,68.913],[-74.91,68.823],[-74.893,68.808],[-74.7,68.808],[-74.696,68.756],[-74.648,68.708],[-74.422,68.58],[-74.27,68.541],[-73.99,68.549],[-73.966,68.579],[-74.118,68.701],[-73.822,68.686],[-73.783,68.578],[-73.879,68.429],[-73.821,68.363],[-73.645,68.294],[-73.285,68.357],[-73.331,68.309],[-73.328,68.267],[-73.063,68.107],[-72.725,67.812],[-72.577,67.659],[-72.353,67.342],[-72.22,67.254],[-72.365,67.133],[-72.789,67.031],[-72.947,66.883],[-72.985,66.766],[-73.033,66.728],[-73.281,66.675],[-73.584,66.507],[-74.375,66.208],[-74.417,66.167],[-74.434,66.139],[-74.401,66.097],[-74.276,66.013],[-74.033,65.877],[-73.746,65.766],[-73.561,65.543],[-73.551,65.485],[-73.99,65.517],[-74.237,65.484],[-74.495,65.372],[-74.982,65.381],[-75.166,65.284],[-75.799,65.298],[-75.773,65.257],[-75.446,65.1],[-75.357,65.009],[-75.452,64.841],[-75.589,64.905],[-75.501,65.013],[-75.52,65.056],[-75.828,65.227],[-76.482,65.37],[-77.326,65.453],[-77.46,65.356],[-77.361,65.197],[-77.876,65.073],[-78.055,64.983],[-78.201,64.715],[-78.167,64.611],[-80.283,63.765],[-80.261,63.802],[-80.668,63.902],[-80.569,63.932],[-80.829,64.09],[-80.921,64.101],[-81.024,64.031],[-81.335,64.076],[-81.887,64.017],[-81.903,64.031],[-81.681,64.146],[-81.676,64.213],[-81.787,64.426],[-82.05,64.644],[-82.272,64.721],[-82.668,64.78],[-83.201,64.959],[-83.491,65.132],[-84.085,65.218],[-84.266,65.367],[-84.501,65.458],[-84.613,65.447],[-84.771,65.305],[-84.885,65.249],[-85.056,65.437],[-85.24,65.51],[-85.105,65.623],[-85.176,65.747],[-85.241,65.796],[-85.442,65.845],[-85.523,65.915],[-85.699,65.883]],[[-74.374,67.789],[-73.407,67.793],[-73.402,67.879],[-73.459,67.99],[-73.584,68.015],[-73.881,68.022],[-74.38,68.093],[-74.731,68.049],[-74.746,67.985],[-74.573,67.829],[-74.374,67.789]],[[-75.4,68.526],[-74.96,68.342],[-74.881,68.349],[-74.819,68.394],[-74.831,68.441],[-74.798,68.458],[-74.984,68.648],[-75.075,68.685],[-75.288,68.688],[-75.37,68.636],[-75.4,68.526]],[[-75.086,67.751],[-75.127,67.965],[-75.062,68.075],[-75.064,68.141],[-75.103,68.202],[-75.154,68.234],[-75.866,68.337],[-76.364,68.319],[-76.688,68.255],[-77.126,67.947],[-77.229,67.85],[-77.306,67.706],[-77.224,67.508],[-77.076,67.32],[-76.944,67.25],[-76.694,67.236],[-75.78,67.284],[-75.4,67.367],[-75.202,67.459],[-75.127,67.537],[-75.086,67.751]],[[-77.215,69.138],[-76.995,69.144],[-76.911,69.175],[-76.669,69.366],[-76.746,69.404],[-77.109,69.437],[-77.319,69.416],[-77.379,69.274],[-77.322,69.193],[-77.215,69.138]],[[-78.848,69.483],[-78.47,69.502],[-77.969,69.639],[-78.029,69.715],[-78.201,69.739],[-78.295,69.667],[-78.578,69.639],[-78.848,69.483]],[[-78.853,68.916],[-78.234,69.315],[-78.332,69.386],[-78.596,69.371],[-78.689,69.325],[-78.662,69.262],[-78.772,69.252],[-78.93,69.123],[-79.243,69.049],[-79.406,68.923],[-79.362,68.858],[-79.211,68.846],[-78.853,68.916]],[[-78.829,68.268],[-78.953,68.353],[-79.154,68.335],[-79.174,68.235],[-79.064,68.182],[-78.983,68.193],[-78.829,68.268]],[[-84.118,65.772],[-84.009,65.752],[-83.814,65.788],[-83.702,65.756],[-83.798,65.71],[-83.788,65.669],[-83.649,65.658],[-83.607,65.701],[-83.382,65.63],[-83.234,65.697],[-83.263,65.723],[-83.47,65.735],[-83.726,65.797],[-83.765,65.831],[-83.693,65.89],[-83.701,65.92],[-83.951,66.027],[-84.407,66.131],[-84.456,66.106],[-84.451,66.064],[-84.37,66.012],[-84.143,65.916],[-84.118,65.772]],[[-84.626,65.604],[-84.603,65.657],[-84.692,65.793],[-84.92,65.997],[-85.15,66.015],[-85.174,65.944],[-85.096,65.756],[-84.931,65.689],[-84.783,65.57],[-84.626,65.604]]]},"properties":{"name":"Foxe Basin","name_en":"Foxe Basin","name_zh":"福克斯湾","featurecla":"bay","scalerank":5,"min_label":5.7,"max_label":10,"label":"Foxe Basin","wikidataid":"Q845217"}},{"type":"Feature","geometry":{"type":"Polygon","coordinates":[[[-93.024,15.31],[-96.213,15.693],[-95.772,15.888],[-95.464,15.975],[-95.134,16.177],[-94.8,16.209],[-94.786,16.229],[-95.021,16.278],[-95.023,16.306],[-94.901,16.417],[-94.859,16.42],[-94.793,16.365],[-94.791,16.287],[-94.651,16.352],[-94.587,16.316],[-94.682,16.228],[-94.661,16.202],[-94.471,16.187],[-94.001,16.019],[-94.029,16.062],[-94.194,16.145],[-94.426,16.226],[-94.409,16.287],[-94.374,16.285],[-93.916,16.053],[-93.024,15.31]]]},"properties":{"name":"Golfo de Tehuantepec","name_en":"Gulf of Tehuantepec","name_zh":"特萬特佩克灣","featurecla":"gulf","scalerank":5,"min_label":6,"max_label":10,"label":"Golfo de Tehuantepec","wikidataid":"Q2272405"}},{"type":"Feature","geometry":{"type":"Polygon","coordinates":[[[-80.801,-3.736],[-80.959,-2.264],[-80.839,-2.349],[-80.685,-2.397],[-80.45,-2.626],[-80.284,-2.707],[-80.007,-2.354],[-80.03,-2.557],[-79.989,-2.579],[-79.926,-2.548],[-79.88,-2.424],[-79.893,-2.146],[-79.842,-2.067],[-79.823,-2.356],[-79.745,-2.485],[-79.73,-2.579],[-79.921,-3.09],[-80.027,-3.228],[-80.504,-3.496],[-80.801,-3.736]],[[-79.997,-2.674],[-80.081,-2.669],[-80.224,-2.753],[-80.273,-2.996],[-80.151,-3.012],[-80.093,-2.846],[-80.013,-2.819],[-79.909,-2.726],[-79.997,-2.674]]]},"properties":{"name":"Golfo de Guayaquil","name_en":"Gulf of Guayaquil","name_zh":"瓜亚基尔湾","featurecla":"gulf","scalerank":5,"min_label":6,"max_label":10,"label":"Golfo de Guayaquil","wikidataid":"Q1138929"}},{"type":"Feature","geometry":{"type":"Polygon","coordinates":[[[58.648,20.208],[57.811,19.02],[57.714,19.679],[57.862,20.244],[58.103,20.57],[58.245,20.599],[58.209,20.424],[58.349,20.387],[58.481,20.417],[58.641,20.338],[58.648,20.208]]]},"properties":{"name":"Gulf of Masira","name_en":"Gulf of Masirah","name_zh":"马西拉湾","featurecla":"gulf","scalerank":5,"min_label":6,"max_label":10,"label":null,"wikidataid":null}},{"type":"Feature","geometry":{"type":"Polygon","coordinates":[[[136.198,73.914],[136.914,75.261],[136.962,75.27],[137.218,75.124],[137.683,75.008],[138.093,74.797],[139.099,74.656],[139.311,74.683],[140.187,74.233],[140.102,74.184],[140.183,74.005],[140.434,73.921],[140.432,73.872],[139.685,73.426],[139.785,73.355],[139.844,73.355],[140.652,72.843],[140.973,72.717],[140.983,72.63],[141.079,72.587],[140.45,72.493],[139.601,72.496],[139.141,72.33],[139.176,72.164],[139.43,72.164],[139.617,72.225],[140.187,72.191],[139.847,72.149],[139.64,71.998],[139.359,71.951],[139.723,71.885],[139.695,71.701],[139.939,71.558],[139.984,71.492],[139.21,71.445],[139.005,71.556],[138.78,71.629],[138.67,71.635],[138.525,71.563],[138.234,71.596],[138.049,71.526],[137.927,71.43],[137.918,71.384],[138.314,71.325],[138.09,71.307],[138.013,71.261],[137.844,71.227],[137.991,71.143],[137.94,71.133],[137.651,71.208],[137.116,71.416],[136.09,71.62],[135.559,71.611],[135.359,71.543],[135.022,71.515],[134.814,71.461],[134.703,71.387],[134.103,71.379],[133.689,71.434],[133.426,71.491],[133.131,71.607],[132.804,71.768],[132.662,71.919],[136.097,73.9],[136.198,73.914]],[[137.079,71.502],[137.265,71.456],[137.458,71.484],[137.712,71.423],[137.96,71.507],[137.817,71.588],[137.282,71.58],[137.082,71.543],[137.079,71.502]]]},"properties":{"name":"Gulf of Yana","name_en":"Yana Bay","name_zh":"亞納灣","featurecla":"gulf","scalerank":5,"min_label":5.7,"max_label":10,"label":null,"wikidataid":"Q2363133"}},{"type":"Feature","geometry":{"type":"Polygon","coordinates":[[[142.342,73.253],[143.529,73.223],[143.627,72.681],[142.061,72.721],[141.518,72.789],[141.31,72.858],[140.808,72.891],[140.708,72.89],[140.66,72.853],[139.844,73.355],[140.663,73.452],[141.597,73.311],[142.342,73.253]]]},"properties":{"name":"Dmitriy Laptev Strait","name_en":"Dmitry Laptev Strait","name_zh":"德米特里·拉普捷夫海峡","featurecla":"strait","scalerank":7,"min_label":7.6,"max_label":10,"label":"Dmitriy Laptev Strait","wikidataid":"Q1149827"}},{"type":"Feature","geometry":{"type":"MultiPolygon","coordinates":[[[[142.078,45.918],[142.077,45.917],[142.077,45.917],[142.078,45.918]]],[[[142.038,45.945],[141.962,46.013],[141.956,46.037],[142.038,45.945]]],[[[141.69,45.405],[141.83,45.439],[141.879,45.484],[141.938,45.509],[141.969,45.491],[141.904,45.491],[141.865,45.433],[141.69,45.405]]]]},"properties":{"name":"La Pérouse Strait","name_en":"La Pérouse Strait","name_zh":"拉彼鲁兹海峡","featurecla":"strait","scalerank":5,"min_label":6,"max_label":10,"label":"La Pérouse Strait","wikidataid":"Q208054"}},{"type":"Feature","geometry":{"type":"Polygon","coordinates":[[[128.313,40.041],[128.313,38.694],[127.972,38.898],[127.786,39.084],[127.394,39.208],[127.383,39.296],[127.457,39.401],[127.523,39.377],[127.549,39.461],[127.527,39.695],[127.568,39.782],[127.867,39.896],[127.966,39.996],[128.313,40.041]]]},"properties":{"name":"East Korea Bay","name_en":"East Korea Bay","name_zh":"东朝鲜湾","featurecla":"bay","scalerank":5,"min_label":6,"max_label":10,"label":null,"wikidataid":"Q52060"}},{"type":"Feature","geometry":{"type":"Polygon","coordinates":[[[109.864,20.303],[110.217,20.197],[110.57,20.408],[110.671,20.137],[110.478,20.027],[110.394,20.059],[110.388,20.016],[110.362,20.015],[110.172,20.054],[110.096,20.002],[109.758,19.985],[109.864,20.303]]]},"properties":{"name":"Qiongzhou Strait","name_en":"Qiongzhou Strait","name_zh":"琼州海峡","featurecla":"strait","scalerank":7,"min_label":7.6,"max_label":10,"label":"Qiongzhou Strait","wikidataid":"Q1075679"}},{"type":"Feature","geometry":{"type":"Polygon","coordinates":[[[175.243,-41.583],[174.286,-41.747],[174.17,-41.657],[174.084,-41.671],[174.161,-41.562],[174.092,-41.505],[174.07,-41.429],[174.102,-41.366],[174.237,-41.312],[174.367,-41.188],[174.37,-41.103],[174.138,-41.248],[174.039,-41.242],[174.2,-41.16],[174.302,-41.019],[174.224,-41.024],[174.212,-40.986],[174.081,-41.006],[175.052,-40.792],[174.635,-41.289],[174.67,-41.326],[174.757,-41.325],[174.841,-41.291],[174.82,-41.263],[174.865,-41.223],[174.9,-41.243],[174.875,-41.278],[174.881,-41.424],[175.054,-41.391],[175.165,-41.417],[175.243,-41.583]]]},"properties":{"name":"Cook Strait","name_en":"Cook Strait","name_zh":"库克海峡","featurecla":"strait","scalerank":7,"min_label":7.6,"max_label":10,"label":"Cook Strait","wikidataid":"Q5023"}},{"type":"Feature","geometry":{"type":"Polygon","coordinates":[[[143.078,-9.093],[142.78,-11.115],[142.723,-11.01],[142.553,-10.874],[142.605,-10.748],[142.545,-10.707],[142.457,-10.707],[142.326,-10.884],[142.156,-10.949],[141.185,-9.217],[141.406,-9.151],[141.622,-9.211],[142.229,-9.17],[142.647,-9.328],[143.078,-9.093]]]},"properties":{"name":"Torres Strait","name_en":"Torres Strait","name_zh":"托雷斯海峡","featurecla":"strait","scalerank":5,"min_label":6,"max_label":10,"label":"Torres Strait","wikidataid":"Q179188"}},{"type":"Feature","geometry":{"type":"Polygon","coordinates":[[[115.017,-33.53],[115.017,-30.308],[115.177,-30.808],[115.294,-30.962],[115.455,-31.302],[115.698,-31.694],[115.738,-31.888],[115.708,-32.568],[115.654,-32.597],[115.619,-32.667],[115.683,-33.193],[115.605,-33.372],[115.515,-33.531],[115.359,-33.64],[115.182,-33.643],[115.017,-33.53]]]},"properties":{"name":"Geographe Bay","name_en":"Geographe Bay","name_zh":"乔格拉菲湾","featurecla":"bay","scalerank":5,"min_label":6,"max_label":10,"label":"Geographe Bay","wikidataid":"Q1503116"}},{"type":"Feature","geometry":{"type":"Polygon","coordinates":[[[146.626,-8.943],[143.374,-8.943],[143.377,-8.762],[143.112,-8.475],[142.798,-8.345],[142.576,-8.336],[142.475,-8.369],[142.391,-8.313],[142.325,-8.198],[142.207,-8.196],[142.348,-8.168],[142.448,-8.316],[142.524,-8.322],[142.708,-8.272],[142.905,-8.314],[143.095,-8.311],[143.614,-8.2],[143.518,-8.0],[143.833,-8.029],[143.888,-8.018],[143.841,-7.942],[143.942,-7.944],[143.742,-7.55],[143.655,-7.46],[143.898,-7.674],[144.143,-7.757],[144.226,-7.765],[144.352,-7.667],[144.431,-7.679],[144.45,-7.598],[144.51,-7.568],[144.773,-7.643],[144.864,-7.632],[144.885,-7.734],[144.974,-7.802],[145.288,-7.862],[145.468,-7.93],[145.729,-7.952],[146.033,-8.076],[146.456,-8.643],[146.626,-8.943]]]},"properties":{"name":"Gulf of Papua","name_en":"Gulf of Papua","name_zh":"巴布亞灣","featurecla":"gulf","scalerank":5,"min_label":6,"max_label":10,"label":"Gulf of Papua","wikidataid":"Q1254743"}},{"type":"Feature","geometry":{"type":"Polygon","coordinates":[[[118.457,73.464],[123.331,73.557],[123.305,73.533],[123.322,73.431],[123.384,73.347],[123.622,73.193],[123.462,73.144],[123.301,73.002],[123.161,72.955],[122.615,73.028],[122.527,73.017],[122.502,72.971],[122.752,72.907],[122.26,72.881],[122.03,72.897],[121.886,72.961],[121.748,72.969],[120.997,72.937],[120.598,72.981],[119.751,72.979],[119.425,73.064],[118.961,73.117],[118.43,73.247],[118.377,73.367],[118.457,73.464]],[[119.64,73.125],[119.792,73.045],[120.008,73.045],[120.261,73.09],[119.964,73.168],[119.64,73.125]]]},"properties":{"name":"Gulf of Olen‘k","name_en":"Olenyok Gulf","name_zh":"奥兰克湾","featurecla":"gulf","scalerank":5,"min_label":6,"max_label":10,"label":null,"wikidataid":null}},{"type":"Feature","geometry":{"type":"Polygon","coordinates":[[[22.92,58.981],[23.477,59.026],[23.515,58.999],[23.432,58.921],[23.504,58.79],[23.681,58.787],[23.531,58.716],[23.509,58.659],[23.563,58.576],[23.691,58.506],[23.706,58.433],[23.768,58.361],[24.115,58.266],[24.235,58.289],[24.337,58.381],[24.529,58.354],[24.55,58.305],[24.487,58.262],[24.464,58.106],[24.332,57.91],[24.302,57.784],[24.363,57.645],[24.403,57.325],[24.383,57.25],[24.281,57.172],[23.931,57.009],[23.648,56.971],[23.287,57.09],[23.137,57.324],[22.648,57.596],[22.555,57.724],[21.74,57.573],[22.022,57.933],[22.153,57.967],[22.27,58.161],[22.372,58.217],[22.73,58.231],[23.127,58.436],[23.323,58.451],[22.964,58.606],[22.82,58.622],[22.688,58.597],[22.547,58.627],[22.463,58.603],[22.521,58.697],[22.661,58.709],[22.768,58.821],[22.842,58.777],[22.924,58.827],[23.009,58.834],[22.982,58.92],[22.92,58.981]]]},"properties":{"name":"Gulf of Riga","name_en":"Gulf of Riga","name_zh":"里加湾","featurecla":"gulf","scalerank":5,"min_label":6,"max_label":10,"label":"Gulf of Riga","wikidataid":"Q174731"}},{"type":"Feature","geometry":{"type":"Polygon","coordinates":[[[4.713,52.872],[4.763,53.008],[4.886,53.071],[4.881,53.18],[4.924,53.235],[5.233,53.378],[5.675,53.453],[5.926,53.459],[6.085,53.408],[5.532,53.269],[5.446,53.214],[5.358,53.097],[4.888,52.908],[4.769,52.941],[4.713,52.872]]]},"properties":{"name":"Waddenzee","name_en":"Wadden Sea","name_zh":"瓦登海","featurecla":"lagoon","scalerank":7,"min_label":7.6,"max_label":10,"label":"Waddenzee","wikidataid":"Q26080"}},{"type":"Feature","geometry":{"type":"Polygon","coordinates":[[[15.359,32.149],[19.984,32.029],[19.926,31.817],[19.961,31.556],[20.104,31.3],[20.151,31.079],[20.013,30.801],[19.713,30.489],[19.291,30.288],[19.124,30.266],[18.936,30.291],[18.67,30.415],[18.19,30.777],[17.949,30.852],[17.83,30.928],[17.349,31.082],[16.782,31.215],[16.123,31.264],[15.706,31.426],[15.496,31.657],[15.363,31.971],[15.359,32.149]]]},"properties":{"name":"Gulf of Sidra","name_en":"Gulf of Sidra","name_zh":"锡德拉湾","featurecla":"gulf","scalerank":5,"min_label":6,"max_label":10,"label":"Gulf of Sidra","wikidataid":"Q187274"}},{"type":"Feature","geometry":{"type":"Polygon","coordinates":[[[23.578,35.541],[23.222,35.789],[23.027,36.151],[23.097,36.246],[23.009,36.319],[23.086,36.468],[23.16,36.448],[23.041,36.644],[23.073,36.775],[23.06,36.853],[22.851,37.291],[22.765,37.393],[22.725,37.542],[22.775,37.585],[23.015,37.482],[23.097,37.441],[23.1,37.364],[23.162,37.334],[23.489,37.44],[23.396,37.58],[23.198,37.62],[23.147,37.716],[23.147,37.795],[23.036,37.878],[23.193,37.959],[23.42,37.992],[23.501,38.035],[23.58,38.011],[23.971,37.677],[24.056,37.712],[24.281,37.577],[24.289,37.528],[24.331,37.547],[24.379,37.314],[24.398,37.325],[24.444,37.188],[24.425,37.132],[24.507,37.118],[24.674,36.977],[24.703,36.917],[24.74,36.934],[25.275,36.739],[25.364,36.659],[25.4,36.706],[26.27,36.59],[26.27,36.547],[26.331,36.511],[26.454,36.592],[26.946,36.762],[26.918,36.726],[27.151,36.778],[27.304,36.851],[27.467,36.745],[27.454,36.712],[27.541,36.684],[27.656,36.674],[27.804,36.736],[28.084,36.752],[28.014,36.67],[28.02,36.634],[28.085,36.643],[28.136,36.415],[27.915,36.345],[27.716,36.172],[27.757,36.069],[27.716,35.957],[27.738,35.923],[27.17,35.612],[27.223,35.82],[27.158,35.789],[27.156,35.726],[27.071,35.598],[27.116,35.511],[27.107,35.447],[26.285,35.31],[26.168,35.215],[26.028,35.215],[25.791,35.123],[25.745,35.143],[25.756,35.326],[25.73,35.348],[25.476,35.306],[25.104,35.347],[25.003,35.41],[24.721,35.425],[24.313,35.364],[24.275,35.386],[24.256,35.469],[24.178,35.46],[24.109,35.496],[24.198,35.537],[24.166,35.595],[24.093,35.594],[24.013,35.529],[23.852,35.536],[23.794,35.556],[23.737,35.655],[23.715,35.55],[23.673,35.514],[23.609,35.566],[23.578,35.541]]]},"properties":{"name":"Sea of Crete","name_en":"Sea of Crete","name_zh":"克里特海","featurecla":"sea","scalerank":5,"min_label":6,"max_label":10,"label":"Sea of Crete","wikidataid":"Q193149"}},{"type":"Feature","geometry":{"type":"Polygon","coordinates":[[[9.384,43.021],[7.822,43.827],[8.082,43.919],[8.552,44.346],[8.766,44.423],[9.289,44.319],[9.765,44.093],[9.384,43.021]]]},"properties":{"name":"Ligurian Sea","name_en":"Ligurian Sea","name_zh":"利古里亞海","featurecla":"sea","scalerank":5,"min_label":6,"max_label":10,"label":"Ligurian Sea","wikidataid":"Q42820"}},{"type":"Feature","geometry":{"type":"Polygon","coordinates":[[[-5.584,35.842],[-5.618,36.027],[-5.462,36.074],[-5.443,36.151],[-5.361,36.135],[-5.33,36.236],[-5.171,36.424],[-4.935,36.502],[-4.674,36.506],[-4.435,36.7],[-3.828,36.756],[-3.431,36.708],[-3.149,36.759],[-2.787,36.715],[-2.671,36.747],[-2.596,36.807],[-2.305,36.82],[-2.187,36.745],[-2.091,36.796],[-2.073,36.777],[-1.25,35.452],[-1.336,35.364],[-1.674,35.183],[-1.913,35.094],[-2.84,35.128],[-2.954,35.315],[-2.972,35.407],[-3.063,35.317],[-3.206,35.239],[-3.394,35.212],[-3.591,35.228],[-3.693,35.28],[-4.33,35.162],[-4.628,35.207],[-4.837,35.281],[-5.105,35.468],[-5.338,35.745],[-5.338,35.856],[-5.278,35.903],[-5.397,35.93],[-5.584,35.842]]]},"properties":{"name":"Alboran Sea","name_en":"Alboran Sea","name_zh":"阿尔沃兰海","featurecla":"sea","scalerank":7,"min_label":7.6,"max_label":10,"label":"Alboran Sea","wikidataid":"Q199408"}},{"type":"Feature","geometry":{"type":"Polygon","coordinates":[[[5.383,5.129],[5.572,4.653],[0.947,5.81],[1.106,6.052],[1.311,6.147],[2.287,6.328],[3.335,6.397],[3.43,6.525],[3.717,6.598],[3.751,6.584],[3.451,6.427],[4.126,6.411],[4.431,6.348],[4.861,6.026],[5.093,5.767],[5.112,5.641],[5.173,5.603],[5.276,5.641],[5.327,5.708],[5.351,5.624],[5.457,5.612],[5.394,5.574],[5.216,5.572],[5.199,5.534],[5.233,5.484],[5.386,5.402],[5.55,5.474],[5.501,5.379],[5.368,5.338],[5.364,5.259],[5.388,5.174],[5.476,5.154],[5.383,5.129]]]},"properties":{"name":"Bight of Benin","name_en":"Bight of Benin","name_zh":"贝宁湾","featurecla":"bay","scalerank":5,"min_label":6,"max_label":10,"label":"Bight of Benin","wikidataid":"Q47530"}},{"type":"Feature","geometry":{"type":"Polygon","coordinates":[[[8.445,3.388],[6.623,4.321],[6.86,4.373],[6.793,4.469],[6.768,4.725],[6.825,4.645],[6.868,4.441],[6.923,4.391],[7.013,4.397],[7.155,4.514],[7.164,4.615],[7.077,4.716],[7.284,4.548],[7.46,4.555],[7.531,4.655],[7.566,4.561],[7.644,4.525],[8.293,4.558],[8.328,4.656],[8.234,4.908],[8.252,4.924],[8.342,4.825],[8.394,4.814],[8.431,4.746],[8.515,4.725],[8.571,4.752],[8.533,4.606],[8.574,4.526],[8.656,4.516],[8.69,4.55],[8.66,4.671],[8.762,4.58],[8.918,4.554],[8.913,4.358],[8.977,4.23],[9.0,4.092],[9.249,3.998],[9.311,3.94],[9.425,3.922],[9.501,4.001],[9.484,4.066],[9.551,4.029],[9.6,4.027],[9.67,4.077],[9.689,4.057],[9.64,3.965],[9.739,3.853],[9.628,3.87],[9.556,3.798],[9.642,3.612],[9.766,3.624],[9.672,3.538],[9.876,3.31],[9.948,3.079],[9.896,2.945],[8.695,3.194],[8.946,3.627],[8.95,3.705],[8.91,3.758],[8.676,3.736],[8.577,3.483],[8.465,3.451],[8.445,3.388]]]},"properties":{"name":"Bight of Biafra","name_en":"Bight of Biafra","name_zh":"邦尼湾","featurecla":"bay","scalerank":5,"min_label":6,"max_label":10,"label":"Bight of Biafra","wikidataid":"Q999031"}},{"type":"Feature","geometry":{"type":"Polygon","coordinates":[[[-55.694,52.14],[-55.389,51.966],[-55.49,51.59],[-55.7,51.559],[-55.66,51.511],[-55.69,51.472],[-55.866,51.508],[-55.902,51.564],[-56.025,51.568],[-56.619,51.363],[-56.751,51.273],[-57.031,51.438],[-56.017,51.929],[-55.694,52.14]]]},"properties":{"name":"Strait of Belle Isle","name_en":"Strait of Belle Isle","name_zh":"贝尔岛海峡","featurecla":"strait","scalerank":7,"min_label":7.6,"max_label":10,"label":"Strait of Belle Isle","wikidataid":"Q815831"}},{"type":"Feature","geometry":{"type":"Polygon","coordinates":[[[-147.768,59.944],[-147.914,60.092],[-148.08,60.151],[-148.176,60.127],[-148.199,60.166],[-148.204,60.365],[-147.964,60.485],[-148.051,60.567],[-148.64,60.49],[-148.509,60.565],[-148.339,60.57],[-148.284,60.609],[-148.268,60.7],[-148.558,60.803],[-148.556,60.827],[-148.344,60.854],[-148.209,61.03],[-148.411,61.011],[-148.389,61.037],[-148.27,61.082],[-148.05,61.083],[-147.752,61.219],[-148.005,60.969],[-147.891,60.89],[-147.808,60.885],[-147.656,60.909],[-147.567,60.995],[-147.361,60.915],[-147.195,60.997],[-146.98,60.978],[-146.583,61.128],[-146.384,61.136],[-146.285,61.112],[-146.599,61.054],[-146.636,60.992],[-146.638,60.897],[-146.392,60.811],[-146.571,60.729],[-146.503,60.701],[-146.251,60.749],[-146.182,60.735],[-146.149,60.661],[-145.675,60.651],[-145.811,60.525],[-146.106,60.413],[-146.372,60.422],[-146.561,60.481],[-146.96,60.286],[-147.02,60.332],[-147.181,60.358],[-147.337,60.185],[-147.768,59.944]],[[-147.703,60.487],[-147.76,60.439],[-147.795,60.46],[-147.855,60.321],[-147.891,60.3],[-147.871,60.23],[-147.805,60.231],[-147.816,60.185],[-147.76,60.19],[-147.66,60.353],[-147.69,60.399],[-147.659,60.45],[-147.703,60.487]]]},"properties":{"name":"Prince William Sound","name_en":"Prince William Sound","name_zh":"威廉王子湾","featurecla":"sound","scalerank":7,"min_label":7.6,"max_label":10,"label":"Prince William Sound","wikidataid":"Q631282"}},{"type":"Feature","geometry":{"type":"Polygon","coordinates":[[[-74.635,-52.747],[-74.017,-52.633],[-73.915,-52.688],[-73.711,-52.662],[-73.586,-52.686],[-73.382,-52.595],[-73.244,-52.624],[-73.178,-52.563],[-73.184,-52.488],[-73.124,-52.488],[-73.073,-52.535],[-73.241,-52.707],[-73.645,-52.837],[-73.507,-52.903],[-73.338,-53.055],[-73.131,-53.073],[-73.053,-53.244],[-72.998,-53.291],[-72.727,-53.42],[-72.38,-53.462],[-72.101,-53.666],[-71.694,-53.803],[-71.298,-53.883],[-70.996,-53.779],[-70.948,-53.571],[-70.984,-53.374],[-70.952,-53.227],[-70.821,-52.963],[-70.839,-52.89],[-70.795,-52.769],[-70.563,-52.673],[-70.391,-52.661],[-69.907,-52.513],[-69.62,-52.465],[-69.447,-52.269],[-69.241,-52.205],[-68.696,-52.314],[-68.762,-52.582],[-69.08,-52.674],[-69.167,-52.667],[-69.414,-52.486],[-69.498,-52.491],[-69.764,-52.731],[-69.936,-52.821],[-69.994,-52.821],[-70.19,-52.723],[-70.38,-52.752],[-70.131,-52.943],[-70.196,-52.99],[-70.391,-53.027],[-70.444,-53.085],[-70.461,-53.206],[-70.417,-53.301],[-70.531,-53.628],[-70.619,-53.655],[-70.695,-53.727],[-70.645,-53.823],[-70.867,-53.884],[-70.863,-54.098],[-71.023,-54.138],[-71.022,-54.112],[-71.169,-54.113],[-71.554,-53.956],[-72.015,-53.894],[-72.211,-53.802],[-72.482,-53.588],[-72.686,-53.558],[-72.882,-53.578],[-72.971,-53.423],[-73.175,-53.357],[-73.135,-53.354],[-73.451,-53.144],[-74.066,-52.965],[-74.369,-52.931],[-74.422,-52.86],[-74.635,-52.747]]]},"properties":{"name":"Estrecho de Magellanes","name_en":"Strait of Magellan","name_zh":"麦哲伦海峡","featurecla":"strait","scalerank":6,"min_label":7,"max_label":10,"label":"Estrecho de Magellanes","wikidataid":"Q48365"}},{"type":"Feature","geometry":{"type":"Polygon","coordinates":[[[-61.408,-38.983],[-62.077,-39.465],[-62.18,-39.381],[-62.054,-39.374],[-62.209,-39.262],[-62.295,-39.243],[-62.338,-39.151],[-62.303,-38.988],[-62.374,-38.853],[-62.335,-38.8],[-62.189,-38.813],[-62.067,-38.919],[-61.603,-38.999],[-61.408,-38.983]]]},"properties":{"name":"Bahía Blanca","name_en":"Bahía Blanca","name_zh":"布兰卡湾","featurecla":"bay","scalerank":5,"min_label":6,"max_label":10,"label":null,"wikidataid":null}},{"type":"Feature","geometry":{"type":"Polygon","coordinates":[[[-75.252,-47.758],[-75.501,-46.946],[-75.43,-46.934],[-75.387,-46.863],[-75.446,-46.751],[-75.565,-46.729],[-75.541,-46.699],[-75.479,-46.662],[-75.146,-46.6],[-74.984,-46.512],[-75.053,-46.628],[-75.006,-46.741],[-74.691,-46.864],[-74.512,-46.885],[-74.467,-46.865],[-74.49,-46.834],[-74.454,-46.767],[-74.313,-46.788],[-74.21,-46.885],[-74.152,-46.975],[-74.208,-47.083],[-74.158,-47.183],[-74.403,-47.328],[-74.483,-47.43],[-74.323,-47.531],[-74.134,-47.591],[-74.152,-47.627],[-74.243,-47.679],[-74.534,-47.568],[-74.651,-47.706],[-74.927,-47.723],[-75.09,-47.691],[-75.252,-47.758]]]},"properties":{"name":"Golfo de Penas","name_en":"Gulf of Penas","name_zh":"佩納斯灣","featurecla":"gulf","scalerank":5,"min_label":6,"max_label":10,"label":"Golfo de Penas","wikidataid":"Q1536356"}},{"type":"Feature","geometry":{"type":"Polygon","coordinates":[[[-68.145,-50.091],[-67.91,-49.984],[-68.399,-52.301],[-68.691,-52.013],[-68.965,-51.677],[-69.032,-51.636],[-69.18,-51.662],[-69.313,-51.601],[-69.466,-51.585],[-69.058,-51.547],[-69.035,-51.489],[-69.066,-51.304],[-69.201,-50.994],[-69.359,-51.028],[-69.155,-50.864],[-69.09,-50.583],[-68.94,-50.382],[-68.422,-50.158],[-68.533,-50.036],[-68.598,-50.009],[-68.979,-50.003],[-68.662,-49.936],[-68.639,-49.863],[-68.668,-49.753],[-68.488,-49.978],[-68.257,-50.105],[-68.145,-50.091]]]},"properties":{"name":"Bahía Grande","name_en":"Bahía Grande","name_zh":"格兰德湾","featurecla":"bay","scalerank":5,"min_label":6,"max_label":10,"label":null,"wikidataid":null}},{"type":"Feature","geometry":{"type":"Polygon","coordinates":[[[-67.708,-67.157],[-67.502,-67.137],[-67.586,-67.435],[-67.544,-67.535],[-67.124,-67.485],[-66.705,-67.527],[-66.678,-67.56],[-66.916,-67.693],[-67.15,-68.024],[-66.793,-68.24],[-66.893,-68.298],[-67.041,-68.453],[-67.117,-68.575],[-67.054,-68.672],[-67.134,-68.771],[-67.299,-68.771],[-67.39,-68.861],[-67.021,-69.029],[-66.975,-69.161],[-67.11,-69.248],[-67.305,-69.318],[-67.372,-69.412],[-68.141,-69.348],[-68.708,-69.432],[-68.68,-69.469],[-69.428,-69.574],[-69.708,-69.321],[-69.913,-69.267],[-70.08,-69.311],[-70.053,-69.14],[-70.105,-68.959],[-70.401,-68.796],[-69.137,-67.519],[-69.097,-67.603],[-68.902,-67.744],[-68.58,-67.733],[-68.44,-67.656],[-68.381,-67.555],[-68.093,-67.539],[-67.97,-67.45],[-68.007,-67.418],[-68.235,-67.372],[-67.708,-67.157]],[[-67.247,-67.599],[-67.557,-67.605],[-67.743,-67.661],[-67.69,-67.688],[-67.694,-67.763],[-67.545,-67.785],[-67.349,-67.766],[-67.15,-67.65],[-67.247,-67.599]]]},"properties":{"name":"Marguerite Bay","name_en":"Marguerite Bay","name_zh":"瑪格麗特灣","featurecla":"bay","scalerank":5,"min_label":5.7,"max_label":10,"label":"Marguerite Bay","wikidataid":"Q141727"}},{"type":"Feature","geometry":{"type":"Polygon","coordinates":[[[69.58,-67.785],[79.139,-68.152],[78.726,-68.278],[78.563,-68.394],[78.489,-68.626],[78.015,-68.892],[77.817,-69.069],[77.541,-69.174],[77.192,-69.206],[76.36,-69.49],[76.112,-69.487],[75.891,-69.575],[75.821,-69.726],[75.636,-69.849],[75.424,-69.893],[75.148,-69.855],[74.571,-69.88],[73.942,-69.743],[73.676,-69.826],[73.325,-69.849],[72.822,-70.096],[72.744,-70.239],[72.761,-70.395],[72.418,-70.599],[72.263,-70.657],[71.905,-70.707],[71.772,-70.801],[71.465,-71.154],[71.379,-71.309],[71.349,-71.514],[71.277,-71.624],[71.079,-71.737],[70.616,-71.842],[70.573,-71.931],[70.294,-72.055],[69.962,-72.133],[69.555,-72.375],[68.42,-72.515],[68.107,-72.651],[67.972,-72.75],[68.016,-72.918],[67.972,-73.086],[67.749,-73.168],[67.322,-73.3],[67.003,-73.237],[66.569,-73.209],[66.498,-73.126],[66.892,-72.949],[67.113,-72.641],[67.432,-72.003],[68.037,-71.391],[68.624,-71.181],[68.873,-71.035],[69.188,-70.705],[69.25,-70.431],[69.162,-70.334],[69.021,-70.325],[68.56,-70.412],[67.941,-70.423],[67.659,-70.326],[67.268,-70.273],[67.575,-70.088],[68.178,-69.837],[68.415,-69.902],[68.744,-69.921],[69.083,-69.866],[69.162,-69.77],[69.189,-69.655],[69.136,-69.578],[68.959,-69.54],[68.88,-69.469],[68.906,-69.373],[69.065,-69.337],[69.372,-69.331],[69.55,-69.294],[69.629,-69.231],[69.615,-69.154],[69.531,-69.024],[69.645,-68.932],[69.547,-68.857],[69.534,-68.737],[69.928,-68.536],[69.982,-68.464],[69.789,-68.279],[69.603,-68.041],[69.656,-67.865],[69.58,-67.785]],[[71.705,-70.284],[71.647,-70.336],[71.659,-70.498],[71.841,-70.622],[72.078,-70.609],[72.097,-70.574],[72.056,-70.501],[71.88,-70.406],[71.796,-70.264],[71.705,-70.284]],[[68.667,-72.103],[68.409,-72.3],[68.67,-72.276],[68.817,-72.229],[68.84,-72.166],[68.729,-72.089],[68.667,-72.103]]]},"properties":{"name":"Prydz Bay","name_en":"Prydz Bay","name_zh":"普里茲灣","featurecla":"bay","scalerank":5,"min_label":5.7,"max_label":10,"label":"Prydz Bay","wikidataid":"Q156116"}},{"type":"Feature","geometry":{"type":"Polygon","coordinates":[[[104.36,-66.057],[110.997,-66.057],[110.907,-66.076],[110.587,-66.312],[110.622,-66.524],[110.437,-66.621],[109.824,-66.834],[109.463,-66.909],[108.91,-66.862],[108.376,-66.766],[108.158,-66.639],[107.992,-66.672],[107.785,-66.664],[107.667,-66.58],[107.171,-66.47],[106.387,-66.411],[105.001,-66.164],[104.667,-66.137],[104.36,-66.057]]]},"properties":{"name":"Vincennes Bay","name_en":"Vincennes Bay","name_zh":"文森灣","featurecla":"bay","scalerank":5,"min_label":6,"max_label":10,"label":"Vincennes Bay","wikidataid":"Q281808"}},{"type":"Feature","geometry":{"type":"Polygon","coordinates":[[[126.424,-66.462],[130.578,-66.209],[130.121,-66.291],[129.741,-66.469],[129.237,-67.042],[128.982,-67.098],[128.816,-67.08],[128.43,-67.119],[127.968,-67.028],[127.541,-67.051],[126.874,-66.759],[126.665,-66.498],[126.424,-66.462]]]},"properties":{"name":"Porpoise Bay","name_en":"Porpoise Bay","name_zh":"波珀斯灣","featurecla":"bay","scalerank":5,"min_label":6,"max_label":10,"label":"Porpoise Bay","wikidataid":"Q7230362"}},{"type":"Feature","geometry":{"type":"Polygon","coordinates":[[[83.739,-67.352],[85.419,-65.073],[92.636,-63.32],[99.501,-63.155],[108.876,-64.047],[112.965,-65.811],[111.453,-65.961],[110.997,-66.057],[104.36,-66.057],[103.951,-65.988],[103.639,-65.999],[102.674,-65.865],[102.174,-65.954],[101.474,-65.951],[101.321,-66.021],[101.327,-66.1],[100.889,-66.358],[99.37,-66.648],[98.859,-66.671],[98.72,-66.553],[98.257,-66.468],[97.72,-66.607],[97.389,-66.579],[97.101,-66.499],[96.424,-66.6],[95.541,-66.631],[94.84,-66.501],[94.587,-66.544],[94.313,-66.647],[93.964,-66.69],[93.358,-66.585],[93.075,-66.571],[92.731,-66.624],[92.592,-66.615],[92.074,-66.508],[91.022,-66.603],[90.547,-66.734],[89.699,-66.823],[88.79,-66.792],[88.314,-66.817],[87.98,-66.788],[87.085,-66.94],[86.75,-67.037],[86.118,-67.055],[85.711,-67.161],[84.748,-67.102],[84.485,-67.115],[84.161,-67.244],[83.739,-67.352]],[[103.138,-65.435],[103.337,-65.468],[103.397,-65.445],[103.186,-65.33],[103.191,-65.237],[103.137,-65.191],[102.893,-65.13],[102.796,-65.136],[102.76,-65.168],[102.789,-65.236],[103.113,-65.312],[103.138,-65.435]],[[101.221,-65.472],[101.079,-65.403],[100.883,-65.378],[100.607,-65.396],[100.41,-65.466],[100.324,-65.521],[100.27,-65.603],[100.293,-65.651],[100.351,-65.673],[100.512,-65.675],[100.547,-65.701],[100.982,-65.677],[101.238,-65.565],[101.259,-65.528],[101.221,-65.472]],[[96.307,-66.186],[96.395,-66.225],[96.934,-66.201],[97.019,-66.139],[97.005,-66.097],[96.932,-66.058],[96.613,-66.036],[96.399,-66.08],[96.307,-66.186]],[[92.333,-65.807],[92.47,-65.822],[92.669,-65.775],[92.634,-65.731],[92.496,-65.702],[92.302,-65.707],[92.248,-65.74],[92.333,-65.807]],[[85.806,-66.774],[85.34,-66.723],[85.315,-66.776],[85.359,-66.854],[85.65,-66.98],[85.822,-66.953],[85.938,-66.894],[85.806,-66.774]]]},"properties":{"name":"Davis Sea","name_en":"Davis Sea","name_zh":"戴維斯海","featurecla":"sea","scalerank":5,"min_label":5.7,"max_label":10,"label":"Davis Sea","wikidataid":"Q509321"}},{"type":"Feature","geometry":{"type":"Polygon","coordinates":[[[34.201,-68.729],[40.652,-68.729],[40.652,-68.731],[40.484,-68.739],[40.216,-68.805],[39.864,-68.967],[39.762,-69.173],[39.705,-69.426],[39.487,-69.608],[38.859,-70.006],[38.912,-70.098],[38.885,-70.172],[38.499,-70.056],[38.145,-69.824],[37.787,-69.726],[37.56,-69.718],[37.115,-69.81],[36.718,-69.652],[36.586,-69.638],[35.357,-69.681],[35.225,-69.637],[35.132,-69.487],[34.749,-69.168],[34.596,-69.094],[33.814,-69.099],[33.772,-69.02],[34.219,-68.791],[34.201,-68.729]]]},"properties":{"name":"Lützow-Holm Bay","name_en":"Lützow-Holm Bay","name_zh":"呂佐夫-霍爾姆灣","featurecla":"bay","scalerank":5,"min_label":6,"max_label":10,"label":"Lützow-Holm Bay","wikidataid":"Q156123"}},{"type":"Feature","geometry":{"type":"Polygon","coordinates":[[[50.195,-15.959],[49.828,-16.249],[49.713,-16.077],[49.665,-15.521],[49.744,-15.449],[49.893,-15.458],[50.021,-15.802],[50.094,-15.899],[50.195,-15.959]]]},"properties":{"name":"Antongila Bay","name_en":"Antongil Bay","name_zh":"安通吉爾灣","featurecla":"bay","scalerank":7,"min_label":7.6,"max_label":10,"label":"Antongila Bay","wikidataid":"Q803725"}},{"type":"Feature","geometry":{"type":"Polygon","coordinates":[[[122.015,30.023],[122.003,29.889],[121.678,29.979],[121.433,30.227],[121.258,30.304],[121.159,30.302],[120.905,30.16],[120.633,30.133],[120.495,30.303],[120.352,30.247],[120.195,30.241],[120.45,30.388],[120.822,30.355],[120.897,30.393],[120.998,30.558],[121.31,30.7],[121.419,30.79],[121.527,30.841],[121.769,30.871],[121.863,30.911],[121.999,30.142],[121.969,30.143],[121.978,30.064],[122.015,30.023]]]},"properties":{"name":"Hangzhou Bay","name_en":"Hangzhouwan","name_zh":"杭州湾","featurecla":"bay","scalerank":5,"min_label":6,"max_label":10,"label":"Hangzhou Bay","wikidataid":"Q700024"}},{"type":"Feature","geometry":{"type":"Polygon","coordinates":[[[166.258,59.855],[166.261,59.819],[163.234,57.712],[163.226,57.79],[163.145,57.837],[162.654,57.948],[162.522,57.904],[162.467,57.766],[162.391,57.717],[162.411,57.778],[162.198,57.829],[162.039,57.918],[161.96,58.077],[162.142,58.448],[162.453,58.708],[162.97,58.986],[163.004,59.02],[162.94,59.114],[163.01,59.148],[163.085,59.131],[163.273,59.303],[163.269,59.52],[163.365,59.782],[163.41,59.835],[163.744,60.028],[163.913,60.037],[164.135,59.984],[164.113,59.897],[164.377,60.058],[164.525,60.062],[164.67,59.998],[164.779,59.874],[164.954,59.844],[165.019,59.861],[165.074,59.946],[165.085,60.099],[165.285,60.135],[165.416,60.205],[165.942,60.357],[166.18,60.481],[166.352,60.485],[166.136,59.98],[166.186,59.849],[166.258,59.855]],[[164.518,59.227],[164.202,59.096],[163.761,59.015],[163.785,58.93],[163.726,58.798],[163.577,58.641],[163.427,58.579],[163.432,58.546],[163.471,58.509],[163.96,58.744],[164.279,58.838],[164.616,58.886],[164.661,58.971],[164.629,59.112],[164.573,59.221],[164.518,59.227]]]},"properties":{"name":"Karaginskiy Gulf","name_en":"Karaginsky Gulf","name_zh":"卡拉加湾","featurecla":"gulf","scalerank":5,"min_label":6,"max_label":10,"label":"Karaginskiy Gulf","wikidataid":"Q2391874"}},{"type":"Feature","geometry":{"type":"Polygon","coordinates":[[[162.972,56.034],[163.034,55.986],[162.146,54.835],[162.092,54.825],[161.996,54.998],[161.824,55.139],[161.785,55.205],[161.729,55.358],[161.724,55.496],[161.775,55.655],[162.085,56.09],[162.528,56.261],[162.489,56.399],[162.589,56.455],[162.671,56.49],[162.878,56.476],[163.039,56.522],[162.893,56.4],[162.713,56.331],[162.628,56.232],[162.84,56.066],[162.972,56.034]]]},"properties":{"name":"Gulf of Kamchatka","name_en":"Kamchatka Gulf","name_zh":"堪察加灣","featurecla":"gulf","scalerank":5,"min_label":6,"max_label":10,"label":"Gulf of Kamchatka","wikidataid":"Q2450069"}},{"type":"Feature","geometry":{"type":"Polygon","coordinates":[[[29.054,41.215],[29.133,41.209],[29.094,41.177],[29.047,41.007],[28.959,41.009],[29.054,41.215]]]},"properties":{"name":"Bosporus","name_en":"Bosporus","name_zh":"伊斯坦布尔海峡","featurecla":"strait","scalerank":5,"min_label":6,"max_label":10,"label":"Bosporus","wikidataid":"Q35958"}},{"type":"Feature","geometry":{"type":"MultiPolygon","coordinates":[[[[43.925,12.62],[43.905,12.632],[43.93,12.624],[43.925,12.62]]],[[[43.857,12.661],[43.835,12.675],[43.737,12.709],[43.843,12.676],[43.857,12.661]]],[[[43.489,12.7],[43.475,12.839],[43.254,13.229],[43.477,12.847],[43.493,12.705],[43.629,12.743],[43.489,12.7]]],[[[43.403,12.184],[43.354,12.367],[43.41,12.19],[43.403,12.184]]],[[[43.006,12.894],[43.083,12.824],[43.131,12.66],[43.299,12.464],[43.308,12.447],[43.128,12.659],[43.082,12.812],[43.006,12.894]]]]},"properties":{"name":"Bab el Mandeb","name_en":"Bab-el-Mandeb","name_zh":"曼德海峡","featurecla":"strait","scalerank":7,"min_label":7.6,"max_label":10,"label":"Bab el Mandeb","wikidataid":"Q83318"}},{"type":"Feature","geometry":{"type":"Polygon","coordinates":[[[136.543,-35.885],[135.669,-34.927],[135.792,-34.863],[135.97,-34.982],[135.999,-34.944],[135.891,-34.661],[136.121,-34.429],[136.43,-34.03],[136.636,-33.897],[136.937,-33.75],[137.131,-33.703],[137.237,-33.63],[137.354,-33.43],[137.442,-33.194],[137.68,-32.978],[137.791,-32.823],[137.783,-32.578],[137.913,-32.771],[137.993,-33.094],[137.852,-33.201],[137.932,-33.579],[137.65,-33.859],[137.494,-34.161],[137.459,-34.379],[137.493,-34.598],[137.391,-34.913],[137.014,-34.916],[136.883,-35.24],[137.144,-35.237],[137.46,-35.131],[137.691,-35.143],[137.874,-34.728],[137.919,-34.456],[138.089,-34.17],[138.49,-34.764],[138.511,-35.024],[138.4,-35.326],[138.252,-35.486],[138.185,-35.613],[138.218,-35.618],[138.054,-35.764],[137.929,-35.726],[137.836,-35.762],[137.597,-35.739],[137.635,-35.656],[137.585,-35.62],[137.334,-35.593],[136.639,-35.749],[136.543,-35.885]]]},"properties":{"name":"Gulf St. Vincent","name_en":"Gulf St Vincent","name_zh":"圣文森特湾","featurecla":"gulf","scalerank":5,"min_label":6,"max_label":10,"label":"Gulf St. Vincent","wikidataid":"Q1323629"}},{"type":"Feature","geometry":{"type":"Polygon","coordinates":[[[-77.261,8.494],[-76.921,8.574],[-76.818,8.465],[-76.772,8.311],[-76.742,8.002],[-76.787,7.932],[-76.897,7.94],[-76.925,7.973],[-76.912,8.033],[-76.852,8.09],[-76.936,8.147],[-77.13,8.401],[-77.261,8.494]]]},"properties":{"name":"Golfo de Urabá","name_en":"Gulf of Urabá","name_zh":"烏拉巴灣","featurecla":"gulf","scalerank":7,"min_label":7.6,"max_label":10,"label":"Golfo de Urabá","wikidataid":"Q761784"}},{"type":"Feature","geometry":{"type":"MultiPolygon","coordinates":[[[[32.991,-25.472],[32.792,-25.644],[32.732,-25.796],[32.79,-25.623],[32.991,-25.472]]],[[[32.902,-26.114],[32.916,-26.087],[32.948,-26.084],[32.945,-26.123],[32.902,-26.114]]],[[[32.823,-26.253],[32.849,-26.268],[32.857,-26.243],[32.85,-26.278],[32.823,-26.253]]],[[[32.768,-26.202],[32.77,-26.203],[32.772,-26.205],[32.768,-26.202]]],[[[32.73,-25.803],[32.723,-25.821],[32.705,-25.843],[32.73,-25.803]]],[[[32.597,-26.014],[32.639,-26.079],[32.588,-26.028],[32.597,-26.014]]]]},"properties":{"name":"Baia de Maputo","name_en":"Maputo Bay","name_zh":"马普托湾","featurecla":"bay","scalerank":5,"min_label":6,"max_label":10,"label":"Baia de Maputo","wikidataid":"Q1134899"}},{"type":"Feature","geometry":{"type":"MultiPolygon","coordinates":[[[[18.006,-32.747],[18.037,-32.775],[18.125,-32.749],[18.251,-32.652],[18.325,-32.505],[18.329,-32.302],[18.337,-32.503],[18.259,-32.654],[18.125,-32.75],[18.034,-32.78],[18.006,-32.747]]],[[[18.324,-32.227],[18.311,-32.122],[18.224,-31.792],[18.316,-32.105],[18.324,-32.227]]],[[[18.198,-31.718],[18.164,-31.655],[18.102,-31.58],[18.181,-31.672],[18.198,-31.718]]],[[[17.93,-32.732],[17.965,-32.709],[17.982,-32.724],[17.93,-32.732]]]]},"properties":{"name":"St. Helena Bay","name_en":"St. Helena Bay","name_zh":"圣赫勒拿湾","featurecla":"bay","scalerank":5,"min_label":6,"max_label":10,"label":null,"wikidataid":null}},{"type":"Feature","geometry":{"type":"Polygon","coordinates":[[[5.562,58.98],[5.349,59.166],[5.468,59.204],[5.564,59.291],[5.845,59.353],[6.279,59.534],[6.415,59.547],[5.952,59.299],[5.937,59.234],[5.969,59.186],[5.889,59.098],[5.889,59.06],[6.099,58.952],[6.321,59.016],[6.363,59.001],[6.099,58.87],[5.612,59.013],[5.562,58.98]]]},"properties":{"name":"Boknafjorden","name_en":"Boknafjord","name_zh":"博肯峡湾","featurecla":"fjord","scalerank":5,"min_label":6,"max_label":10,"label":"Boknafjorden","wikidataid":"Q225004"}},{"type":"Feature","geometry":{"type":"Polygon","coordinates":[[[127.038,-13.808],[129.818,-13.611],[129.71,-13.98],[129.459,-14.213],[129.379,-14.392],[129.608,-14.559],[129.698,-14.557],[129.605,-14.647],[129.753,-14.79],[129.849,-14.829],[129.637,-14.851],[129.613,-14.926],[129.65,-15.087],[129.635,-15.14],[129.459,-14.933],[129.268,-14.872],[129.234,-14.906],[129.216,-15.16],[129.175,-15.115],[129.165,-14.988],[129.058,-14.884],[128.635,-14.781],[128.478,-14.788],[128.175,-15.043],[128.255,-15.299],[128.155,-15.226],[128.112,-15.312],[128.07,-15.329],[128.081,-15.088],[128.199,-14.752],[128.18,-14.712],[127.888,-14.485],[127.673,-14.195],[127.457,-14.031],[127.099,-13.867],[127.038,-13.808]]]},"properties":{"name":"Joseph Bonaparte Gulf","name_en":"Joseph Bonaparte Gulf","name_zh":"約瑟夫·波拿巴灣","featurecla":"gulf","scalerank":5,"min_label":6,"max_label":10,"label":"Joseph Bonaparte Gulf","wikidataid":"Q1706655"}},{"type":"Feature","geometry":{"type":"Polygon","coordinates":[[[97.809,14.945],[95.508,15.805],[95.679,15.977],[95.763,16.169],[96.012,16.254],[96.043,16.34],[96.135,16.342],[96.324,16.444],[96.236,16.567],[96.189,16.768],[96.249,16.765],[96.282,16.596],[96.365,16.521],[96.431,16.505],[96.622,16.564],[96.765,16.711],[96.909,17.031],[96.851,17.203],[96.91,17.305],[96.851,17.401],[97.2,17.095],[97.178,17.062],[97.212,16.893],[97.376,16.523],[97.726,16.569],[97.634,16.458],[97.64,16.254],[97.584,16.02],[97.71,15.876],[97.774,15.431],[97.744,15.307],[97.8,15.185],[97.809,14.945]]]},"properties":{"name":"Gulf of Martaban","name_en":"Gulf of Martaban","name_zh":"馬達班灣","featurecla":"gulf","scalerank":5,"min_label":6,"max_label":10,"label":"Gulf of Martaban","wikidataid":"Q138708"}},{"type":"Feature","geometry":{"type":"Polygon","coordinates":[[[139.757,54.266],[142.335,54.293],[142.67,53.968],[142.706,53.896],[142.643,53.737],[142.689,53.73],[142.679,53.674],[142.552,53.653],[142.509,53.588],[142.584,53.537],[142.526,53.447],[142.424,53.411],[142.319,53.406],[142.142,53.496],[141.964,53.456],[141.845,53.377],[141.374,53.292],[141.218,53.335],[141.015,53.454],[141.006,53.495],[140.688,53.596],[140.347,53.813],[140.241,54.001],[140.179,54.052],[139.757,54.266]]]},"properties":{"name":"Gulf of Sakhalin","name_en":"Sakhalin Gulf","name_zh":"萨哈林湾","featurecla":"gulf","scalerank":5,"min_label":6,"max_label":10,"label":"Gulf of Sakhalin","wikidataid":"Q715484"}},{"type":"Feature","geometry":{"type":"Polygon","coordinates":[[[-21.625,70.469],[-22.269,70.122],[-23.667,70.14],[-24.749,70.295],[-25.53,70.353],[-26.156,70.245],[-26.416,70.222],[-26.752,70.242],[-27.028,70.201],[-27.384,69.991],[-27.629,70.028],[-27.561,70.125],[-27.328,70.217],[-26.577,70.357],[-26.508,70.397],[-26.622,70.463],[-26.747,70.476],[-27.596,70.407],[-28.015,70.402],[-28.541,70.477],[-29.072,70.445],[-28.53,70.548],[-28.146,70.655],[-28.07,70.699],[-27.98,70.84],[-27.992,70.895],[-28.399,70.993],[-27.889,71.002],[-27.336,70.953],[-26.718,70.951],[-26.014,71.093],[-25.742,71.184],[-25.668,71.266],[-25.758,71.44],[-25.843,71.48],[-27.107,71.533],[-27.163,71.602],[-27.011,71.631],[-26.688,71.583],[-25.885,71.572],[-24.562,71.224],[-24.377,71.147],[-24.266,71.046],[-24.228,70.923],[-24.13,70.791],[-23.972,70.65],[-23.792,70.555],[-23.328,70.451],[-22.691,70.437],[-22.61,70.494],[-22.526,70.808],[-22.437,70.86],[-22.384,70.462],[-22.069,70.472],[-21.943,70.443],[-21.625,70.469]],[[-25.727,71.042],[-26.622,70.876],[-27.239,70.868],[-27.617,70.914],[-27.709,70.897],[-27.744,70.79],[-27.714,70.713],[-27.805,70.642],[-27.939,70.615],[-28.035,70.487],[-27.898,70.454],[-26.605,70.553],[-26.339,70.512],[-26.274,70.454],[-26.218,70.454],[-25.912,70.573],[-25.403,70.653],[-25.346,70.694],[-25.468,70.78],[-25.394,70.835],[-25.432,70.922],[-25.727,71.042]]]},"properties":{"name":"Kangertittivaq","name_en":"Scoresby Sound","name_zh":"斯科茲比峽灣","featurecla":"fjord","scalerank":5,"min_label":6,"max_label":10,"label":"Kangertittivaq","wikidataid":"Q426453"}},{"type":"Feature","geometry":{"type":"Polygon","coordinates":[[[-64.52,50.308],[-64.533,49.083],[-64.837,49.192],[-65.396,49.262],[-66.178,49.213],[-66.598,49.126],[-67.561,48.856],[-68.238,48.626],[-68.987,48.275],[-69.306,48.047],[-69.471,47.967],[-69.581,47.823],[-70.017,47.472],[-70.069,47.378],[-70.218,47.29],[-70.388,47.117],[-70.519,47.032],[-71.152,46.819],[-71.261,46.756],[-71.671,46.654],[-71.901,46.632],[-72.109,46.551],[-72.24,46.442],[-72.496,46.353],[-72.733,46.182],[-72.99,46.104],[-73.16,46.01],[-73.465,45.632],[-73.519,45.459],[-73.558,45.425],[-73.765,45.396],[-74.05,45.242],[-74.269,45.188],[-74.566,45.042],[-74.709,45.004],[-74.358,45.206],[-74.098,45.324],[-73.974,45.345],[-74.0,45.433],[-74.315,45.531],[-74.038,45.502],[-73.897,45.564],[-73.712,45.711],[-73.477,45.738],[-73.284,45.9],[-73.146,46.066],[-73.022,46.12],[-72.981,46.21],[-72.68,46.287],[-72.257,46.485],[-72.205,46.559],[-71.88,46.687],[-71.758,46.674],[-71.268,46.796],[-71.116,46.925],[-70.706,47.14],[-70.448,47.423],[-69.994,47.74],[-69.905,47.832],[-69.775,48.098],[-69.866,48.172],[-69.971,48.206],[-70.501,48.354],[-70.839,48.367],[-71.018,48.456],[-70.384,48.366],[-69.851,48.207],[-69.674,48.199],[-69.55,48.251],[-69.375,48.387],[-69.231,48.574],[-68.929,48.829],[-68.669,48.939],[-68.628,49.007],[-68.544,49.056],[-68.221,49.15],[-68.282,49.197],[-68.056,49.257],[-67.372,49.349],[-67.262,49.451],[-67.234,49.602],[-66.941,49.994],[-66.741,50.066],[-66.495,50.212],[-66.126,50.201],[-65.955,50.294],[-65.763,50.259],[-65.269,50.32],[-64.868,50.276],[-64.52,50.308]],[[-73.522,45.701],[-73.687,45.561],[-73.853,45.516],[-73.96,45.441],[-73.567,45.469],[-73.476,45.705],[-73.522,45.701]]]},"properties":{"name":"Saint Lawrence River","name_en":"Saint Lawrence River","name_zh":"圣劳伦斯河","featurecla":"channel","scalerank":6,"min_label":7,"max_label":10,"label":"St. Lawrence River","wikidataid":"Q134750"}},{"type":"Feature","geometry":{"type":"Polygon","coordinates":[[[169.431,69.837],[170.161,69.627],[170.582,69.583],[170.714,69.388],[170.884,69.264],[170.997,69.135],[170.996,69.045],[170.538,68.826],[169.61,68.786],[169.414,68.92],[169.311,69.08],[168.303,69.272],[168.15,69.576],[168.285,69.68],[168.916,69.571],[169.201,69.581],[169.264,69.629],[169.299,69.735],[169.332,69.77],[169.418,69.779],[169.431,69.837]]]},"properties":{"name":"Chaun Bay","name_en":"Chaunskaya Bay","name_zh":"恰翁灣","featurecla":"bay","scalerank":6,"min_label":7,"max_label":10,"label":"Chaun Bay","wikidataid":"Q915250"}},{"type":"Feature","geometry":{"type":"Polygon","coordinates":[[[112.775,74.096],[112.94,73.836],[112.795,73.746],[112.4,73.711],[111.804,73.745],[111.4,73.828],[111.228,73.969],[111.551,74.028],[111.131,74.053],[111.056,73.939],[110.262,74.017],[110.084,73.994],[109.869,73.93],[109.666,73.8],[109.753,73.723],[110.388,73.726],[110.722,73.78],[110.868,73.73],[109.855,73.473],[109.637,73.454],[109.331,73.488],[109.09,73.379],[108.351,73.31],[108.286,73.266],[107.75,73.173],[107.109,73.177],[106.478,73.139],[106.315,73.107],[106.067,72.95],[105.708,72.837],[105.144,72.777],[105.677,72.959],[106.189,73.308],[106.68,73.331],[107.271,73.621],[107.765,73.625],[108.199,73.694],[109.075,74.033],[109.511,74.089],[109.81,74.169],[109.911,74.261],[109.84,74.322],[110.226,74.379],[110.374,74.466],[110.893,74.548],[111.299,74.659],[111.868,74.74],[112.192,74.853],[112.925,75.015],[113.611,75.292],[113.42,74.408],[112.952,74.48],[112.085,74.549],[112.008,74.527],[111.949,74.389],[111.88,74.364],[111.504,74.353],[111.643,74.273],[112.105,74.163],[112.775,74.096]]]},"properties":{"name":"Khatanga Gulf","name_en":"Khatanga Gulf","name_zh":"哈坦加湾","featurecla":"gulf","scalerank":6,"min_label":7,"max_label":10,"label":"Khatanga Gulf","wikidataid":"Q939905"}},{"type":"Feature","geometry":{"type":"Polygon","coordinates":[[[52.943,41.038],[52.85,41.2],[52.83,41.342],[52.883,41.652],[52.815,41.712],[52.905,41.896],[52.97,41.976],[53.164,42.094],[53.285,42.082],[53.625,42.137],[53.847,42.091],[54.095,41.52],[54.181,41.432],[54.672,41.122],[54.723,40.951],[54.71,40.891],[54.657,40.859],[54.547,40.832],[54.374,40.871],[54.32,40.835],[54.377,40.693],[54.193,40.72],[53.87,40.649],[53.764,40.665],[53.615,40.818],[53.52,40.831],[53.333,40.783],[53.145,40.825],[52.943,41.038]]]},"properties":{"name":"Garabogaz Bay","name_en":"Garabogazköl","name_zh":"卡腊博加兹哥耳湾","featurecla":"bay","scalerank":6,"min_label":7,"max_label":10,"label":"Garabogaz Bay","wikidataid":"Q239379"}},{"type":"Feature","geometry":{"type":"Polygon","coordinates":[[[34.205,27.77],[34.0,27.525],[33.828,27.222],[33.697,27.341],[33.55,27.607],[33.547,27.898],[33.495,27.974],[33.202,28.208],[32.898,28.565],[32.785,28.787],[32.659,28.928],[32.599,29.322],[32.397,29.534],[32.36,29.631],[32.489,29.851],[32.473,29.925],[32.566,29.974],[32.722,29.522],[32.87,29.286],[33.13,28.978],[33.248,28.568],[33.594,28.255],[33.76,28.047],[34.045,27.829],[34.205,27.77]]]},"properties":{"name":"Gulf of Suez","name_en":"Gulf of Suez","name_zh":"苏伊士湾","featurecla":"gulf","scalerank":6,"min_label":7,"max_label":10,"label":"Gulf of Suez","wikidataid":"Q168277"}},{"type":"Feature","geometry":{"type":"Polygon","coordinates":[[[74.676,72.887],[75.06,72.549],[75.097,72.421],[75.09,72.263],[75.053,72.199],[74.992,72.145],[74.804,72.077],[73.672,71.845],[73.086,71.445],[73.151,71.385],[73.577,71.216],[73.732,71.069],[74.311,70.654],[74.343,70.579],[74.207,70.445],[73.83,70.175],[73.578,69.803],[73.56,69.707],[73.833,69.504],[73.891,69.418],[73.775,69.198],[73.836,69.143],[73.978,69.114],[74.363,69.145],[74.815,69.091],[75.053,69.116],[75.42,69.239],[76.001,69.235],[76.645,69.117],[77.466,68.905],[77.651,68.903],[77.785,68.63],[77.907,68.482],[77.995,68.259],[77.665,68.191],[77.536,68.008],[77.52,67.91],[77.588,67.752],[78.839,67.631],[78.923,67.589],[77.772,67.57],[77.174,67.778],[77.248,67.941],[77.238,68.469],[77.112,68.596],[76.735,68.777],[76.606,68.898],[76.459,68.979],[76.108,68.976],[75.125,68.862],[74.579,68.751],[74.481,68.659],[74.391,68.421],[74.632,68.218],[74.743,68.074],[74.787,67.897],[74.769,67.766],[74.676,67.695],[74.074,67.414],[73.986,67.328],[73.883,67.085],[73.792,66.995],[73.342,66.807],[72.418,66.561],[72.322,66.332],[72.067,66.253],[71.917,66.247],[71.358,66.36],[70.34,66.342],[69.701,66.485],[69.412,66.511],[69.195,66.579],[69.014,66.788],[69.218,66.829],[69.741,66.815],[69.877,66.845],[70.284,66.686],[70.444,66.697],[70.579,66.754],[70.69,66.745],[70.443,66.668],[70.383,66.603],[70.725,66.519],[70.94,66.548],[71.342,66.687],[71.54,66.683],[71.551,66.76],[71.365,66.961],[71.668,66.94],[71.847,67.008],[72.594,67.587],[72.949,67.696],[73.067,67.767],[73.152,67.865],[73.173,67.973],[73.129,68.091],[73.139,68.182],[73.465,68.431],[73.592,68.482],[73.548,68.575],[72.812,68.815],[72.679,68.875],[72.577,68.968],[72.527,69.154],[72.557,69.379],[72.616,69.484],[72.599,69.793],[72.53,70.172],[72.47,70.275],[72.7,70.458],[72.731,70.823],[72.704,70.963],[72.581,71.151],[72.079,71.307],[71.867,71.458],[71.884,71.512],[71.912,71.548],[72.13,71.609],[72.28,71.696],[72.625,72.079],[72.753,72.343],[72.788,72.483],[72.812,72.692],[72.76,72.708],[72.766,72.729],[74.104,72.971],[74.639,72.864],[74.676,72.887]],[[70.058,66.627],[70.077,66.696],[69.503,66.751],[69.469,66.716],[69.651,66.566],[69.845,66.49],[70.059,66.517],[70.11,66.569],[70.058,66.627]]]},"properties":{"name":"Gulf of Ob","name_en":"Gulf of Ob","name_zh":"鄂毕湾","featurecla":"gulf","scalerank":6,"min_label":7,"max_label":10,"label":"Gulf of Ob","wikidataid":"Q745945"}},{"type":"Feature","geometry":{"type":"Polygon","coordinates":[[[78.962,73.014],[79.19,73.131],[80.398,73.357],[80.424,73.231],[80.51,73.086],[80.757,73.025],[80.841,72.949],[80.656,72.712],[80.827,72.488],[81.098,72.39],[81.793,72.327],[82.093,72.266],[82.183,72.238],[82.319,72.072],[82.645,71.925],[83.2,71.875],[83.34,71.828],[83.534,71.684],[83.571,71.594],[83.531,71.514],[83.266,71.276],[83.151,71.104],[83.334,70.988],[83.579,70.766],[83.736,70.546],[83.701,70.467],[83.66,70.418],[83.497,70.345],[83.074,70.277],[83.132,70.157],[83.081,70.093],[82.857,70.105],[82.767,70.154],[82.682,70.218],[82.92,70.407],[83.03,70.58],[83.059,70.695],[83.051,70.815],[83.01,70.895],[82.869,70.955],[82.592,70.89],[82.452,70.69],[82.259,70.544],[82.221,70.396],[82.163,70.598],[82.336,70.807],[82.239,70.998],[82.323,71.26],[82.977,71.451],[83.234,71.668],[83.107,71.721],[82.758,71.764],[82.08,71.707],[81.662,71.716],[80.856,71.97],[80.763,72.089],[79.954,72.223],[79.422,72.381],[78.482,72.395],[78.114,72.356],[78.114,72.39],[78.177,72.424],[78.365,72.483],[78.341,72.512],[78.572,72.813],[78.638,72.847],[78.69,72.803],[78.88,72.751],[79.431,72.711],[79.502,72.722],[79.538,72.769],[79.541,72.919],[79.357,73.039],[79.165,73.094],[78.962,73.014]]]},"properties":{"name":"Yenisey Gulf","name_en":"Yenisei Gulf","name_zh":"叶尼塞湾","featurecla":"gulf","scalerank":6,"min_label":7,"max_label":10,"label":"Yenisey Gulf","wikidataid":"Q1338198"}},{"type":"Feature","geometry":{"type":"Polygon","coordinates":[[[26.185,39.991],[26.218,40.08],[26.33,40.124],[26.68,40.426],[26.736,40.399],[26.475,40.197],[26.313,40.025],[26.185,39.991]]]},"properties":{"name":"Dardanelles","name_en":"Dardanelles","name_zh":"達達尼爾海峽","featurecla":"channel","scalerank":7,"min_label":7.6,"max_label":10,"label":"Dardanelles","wikidataid":"Q6514"}},{"type":"Feature","geometry":{"type":"Polygon","coordinates":[[[28.78,40.974],[29.047,41.007],[29.114,40.938],[29.365,40.809],[29.849,40.76],[29.845,40.738],[29.054,40.649],[28.958,40.631],[28.788,40.534],[29.055,40.424],[29.007,40.39],[28.63,40.377],[28.289,40.403],[27.962,40.37],[27.929,40.38],[27.989,40.489],[27.875,40.513],[27.732,40.481],[27.849,40.382],[27.728,40.329],[27.476,40.32],[27.333,40.376],[27.285,40.455],[27.122,40.452],[27.012,40.396],[26.736,40.399],[26.68,40.426],[26.772,40.498],[27.258,40.687],[27.43,40.84],[27.499,40.973],[27.748,41.013],[27.925,40.99],[28.172,41.081],[28.78,40.974]]]},"properties":{"name":"Sea of Marmara","name_en":"Sea of Marmara","name_zh":"马尔马拉海","featurecla":"sea","scalerank":6,"min_label":7,"max_label":10,"label":"Sea of Marmara","wikidataid":"Q35367"}},{"type":"Feature","geometry":{"type":"Polygon","coordinates":[[[34.622,28.088],[34.506,27.996],[34.425,27.976],[34.389,27.999],[34.427,28.107],[34.446,28.358],[34.617,28.758],[34.736,29.27],[34.973,29.555],[34.982,29.485],[34.799,28.721],[34.78,28.507],[34.616,28.149],[34.622,28.088]]]},"properties":{"name":"Gulf of Aqaba","name_en":"Gulf of Aqaba","name_zh":"亚喀巴湾","featurecla":"gulf","scalerank":7,"min_label":7.6,"max_label":10,"label":"Gulf of Aqaba","wikidataid":"Q81611"}},{"type":"Feature","geometry":{"type":"Polygon","coordinates":[[[-71.598,10.725],[-71.545,10.779],[-71.494,10.533],[-71.387,10.264],[-71.262,10.144],[-71.082,9.833],[-71.053,9.706],[-71.086,9.348],[-71.242,9.16],[-71.537,9.048],[-71.687,9.073],[-71.74,9.134],[-71.781,9.25],[-71.761,9.336],[-71.976,9.553],[-71.994,9.641],[-72.113,9.816],[-71.956,10.108],[-71.665,10.444],[-71.598,10.725]]]},"properties":{"name":"Lago de Maracaibo","name_en":"Lake Maracaibo","name_zh":"马拉开波湖","featurecla":"lagoon","scalerank":6,"min_label":7,"max_label":10,"label":"Lago de Maracaibo","wikidataid":"Q182137"}},{"type":"Feature","geometry":{"type":"Polygon","coordinates":[[[-24.021,64.872],[-30.993,68.061],[-30.993,68.063],[-30.611,68.118],[-30.606,68.163],[-30.72,68.251],[-30.196,68.199],[-30.051,68.272],[-29.869,68.312],[-29.25,68.299],[-28.483,68.426],[-28.472,68.36],[-23.551,66.217],[-23.53,66.145],[-23.593,66.093],[-23.435,66.024],[-23.737,66.07],[-23.777,66.018],[-23.525,65.88],[-23.741,65.884],[-23.832,65.849],[-23.705,65.781],[-23.285,65.75],[-23.616,65.68],[-23.909,65.765],[-24.093,65.777],[-24.112,65.76],[-24.018,65.691],[-24.01,65.616],[-23.857,65.538],[-24.249,65.615],[-24.341,65.601],[-24.475,65.525],[-24.455,65.5],[-24.224,65.487],[-23.9,65.408],[-22.903,65.581],[-22.813,65.547],[-22.643,65.568],[-22.389,65.535],[-22.312,65.481],[-22.006,65.493],[-21.844,65.447],[-21.85,65.421],[-22.314,65.292],[-22.509,65.197],[-22.099,65.126],[-21.764,65.174],[-21.8,65.106],[-21.892,65.049],[-22.6,65.026],[-22.788,65.046],[-23.109,64.966],[-23.198,65.002],[-23.353,64.953],[-23.925,64.915],[-24.021,64.872]]]},"properties":{"name":"Denmark Strait","name_en":"Denmark Strait","name_zh":"丹麦海峡","featurecla":"strait","scalerank":6,"min_label":7,"max_label":10,"label":"Denmark Strait","wikidataid":"Q152058"}},{"type":"Feature","geometry":{"type":"Polygon","coordinates":[[[-70.614,42.623],[-70.237,42.071],[-70.196,42.035],[-70.173,42.063],[-70.11,42.03],[-70.001,41.826],[-70.295,41.729],[-70.427,41.757],[-70.515,41.803],[-70.549,41.939],[-70.656,41.987],[-70.618,42.04],[-70.738,42.229],[-71.046,42.331],[-70.831,42.552],[-70.614,42.623]]]},"properties":{"name":"Massachusetts Bay","name_en":"Massachusetts Bay","name_zh":"马萨诸塞湾","featurecla":"bay","scalerank":7,"min_label":7.6,"max_label":10,"label":"Massachusetts Bay","wikidataid":"Q959127"}},{"type":"Feature","geometry":{"type":"Polygon","coordinates":[[[-74.938,38.945],[-75.089,38.777],[-75.185,38.819],[-75.392,39.093],[-75.412,39.281],[-75.574,39.477],[-75.588,39.641],[-75.464,39.781],[-75.321,39.865],[-75.173,39.895],[-75.074,39.983],[-75.154,39.871],[-75.422,39.79],[-75.524,39.602],[-75.524,39.49],[-75.353,39.34],[-75.136,39.208],[-75.05,39.211],[-74.897,39.146],[-74.938,38.945]]]},"properties":{"name":"Delaware Bay","name_en":"Delaware Bay","name_zh":"特拉華灣","featurecla":"bay","scalerank":7,"min_label":7.6,"max_label":10,"label":"Delaware Bay","wikidataid":"Q738808"}},{"type":"Feature","geometry":{"type":"Polygon","coordinates":[[[-73.819,40.813],[-73.829,40.846],[-73.583,41.022],[-73.024,41.216],[-72.925,41.285],[-72.479,41.276],[-72.371,41.312],[-72.257,41.293],[-72.313,41.142],[-72.625,40.992],[-73.574,40.919],[-73.643,40.881],[-73.652,40.838],[-73.695,40.87],[-73.819,40.813]]]},"properties":{"name":"Long Island Sound","name_en":"Long Island Sound","name_zh":"长岛海湾","featurecla":"sound","scalerank":7,"min_label":7.6,"max_label":10,"label":"Long Island Sound","wikidataid":"Q867460"}},{"type":"Feature","geometry":{"type":"Polygon","coordinates":[[[-75.621,35.936],[-75.662,35.917],[-75.717,35.946],[-75.691,35.903],[-75.765,35.869],[-75.812,35.956],[-75.979,35.896],[-76.001,35.722],[-76.083,35.691],[-76.07,35.97],[-76.207,35.991],[-76.358,35.953],[-76.726,35.957],[-76.734,36.229],[-76.679,36.075],[-76.559,36.015],[-76.479,36.028],[-76.383,36.134],[-76.227,36.116],[-76.271,36.19],[-76.15,36.146],[-76.148,36.279],[-75.883,36.175],[-75.82,36.113],[-75.866,36.268],[-75.993,36.474],[-75.946,36.659],[-75.81,36.271],[-75.621,35.936]]]},"properties":{"name":"Albemarle Sound","name_en":"Albemarle Sound","name_zh":"阿尔伯马尔湾","featurecla":"sound","scalerank":7,"min_label":7.6,"max_label":10,"label":"Albemarle Sound","wikidataid":"Q1441345"}},{"type":"Feature","geometry":{"type":"Polygon","coordinates":[[[-75.621,35.936],[-75.504,35.755],[-75.481,35.572],[-75.536,35.279],[-75.984,35.123],[-75.964,35.119],[-76.437,34.756],[-76.517,34.647],[-76.733,34.707],[-76.707,34.752],[-76.517,34.777],[-76.362,34.937],[-76.457,34.989],[-76.745,34.941],[-76.899,34.97],[-77.07,35.155],[-76.861,35.005],[-76.779,34.99],[-76.628,35.073],[-76.607,35.153],[-76.513,35.271],[-76.596,35.33],[-76.975,35.458],[-77.04,35.527],[-76.741,35.431],[-76.634,35.453],[-76.611,35.53],[-76.577,35.533],[-76.533,35.508],[-76.489,35.397],[-76.174,35.354],[-76.104,35.38],[-75.774,35.647],[-75.745,35.765],[-75.765,35.869],[-75.691,35.903],[-75.717,35.946],[-75.662,35.917],[-75.621,35.936]]]},"properties":{"name":"Pamlico Sound","name_en":"Pamlico Sound","name_zh":"帕姆利科灣","featurecla":"sound","scalerank":7,"min_label":7.6,"max_label":10,"label":"Pamlico Sound","wikidataid":"Q2033236"}},{"type":"Feature","geometry":{"type":"Polygon","coordinates":[[[-129.264,52.801],[-129.344,53.053],[-129.451,53.175],[-129.514,53.179],[-129.563,53.252],[-129.463,53.346],[-129.258,53.418],[-129.208,53.642],[-128.959,53.842],[-128.89,53.83],[-128.705,53.918],[-128.532,53.858],[-128.715,53.81],[-128.764,53.747],[-128.751,53.661],[-128.676,53.554],[-128.512,53.477],[-128.207,53.483],[-127.95,53.33],[-127.928,53.275],[-128.133,53.418],[-128.358,53.46],[-128.478,53.41],[-128.542,53.42],[-128.905,53.559],[-128.855,53.705],[-129.021,53.692],[-129.114,53.641],[-129.172,53.534],[-129.081,53.367],[-128.868,53.328],[-128.652,53.244],[-128.525,53.141],[-128.452,52.877],[-128.365,52.826],[-128.053,52.911],[-128.132,52.806],[-128.275,52.436],[-128.271,52.363],[-128.038,52.531],[-127.94,52.545],[-128.051,52.453],[-128.038,52.318],[-128.355,52.16],[-128.679,52.29],[-128.51,52.519],[-128.552,52.94],[-128.633,53.113],[-128.858,53.228],[-129.033,53.28],[-129.184,52.991],[-129.095,52.892],[-129.085,52.823],[-128.9,52.674],[-128.831,52.679],[-128.746,52.763],[-128.766,52.598],[-128.732,52.375],[-128.945,52.498],[-128.94,52.601],[-128.994,52.662],[-129.186,52.791],[-129.264,52.801]],[[-128.324,52.459],[-128.247,52.784],[-128.365,52.782],[-128.44,52.697],[-128.413,52.473],[-128.446,52.388],[-128.369,52.401],[-128.324,52.459]]]},"properties":{"name":null,"name_en":null,"name_zh":null,"featurecla":"generic","scalerank":8,"min_label":7.7,"max_label":10,"label":null,"wikidataid":null}},{"type":"Feature","geometry":{"type":"Polygon","coordinates":[[[-128.083,51.685],[-128.102,51.789],[-127.834,52.251],[-127.713,52.319],[-127.519,52.36],[-127.066,52.653],[-127.013,52.72],[-127.008,52.843],[-126.951,52.721],[-126.995,52.658],[-127.187,52.538],[-127.194,52.458],[-127.127,52.371],[-126.938,52.309],[-126.895,52.226],[-126.714,52.061],[-127.008,52.291],[-127.176,52.315],[-127.242,52.395],[-127.438,52.356],[-127.795,52.191],[-127.859,51.99],[-127.727,51.993],[-127.863,51.821],[-127.851,51.673],[-127.729,51.505],[-127.669,51.477],[-127.443,51.679],[-127.339,51.708],[-126.691,51.703],[-127.346,51.642],[-127.633,51.427],[-127.705,51.297],[-127.941,51.457],[-127.916,51.585],[-127.999,51.704],[-128.083,51.685]]]},"properties":{"name":"Smith Sound","name_en":"Smith Sound","name_zh":"史密斯湾","featurecla":"sound","scalerank":8,"min_label":7.7,"max_label":10,"label":"Smith Sound","wikidataid":"Q7545320"}},{"type":"Feature","geometry":{"type":"Polygon","coordinates":[[[-134.24,56.224],[-134.644,56.258],[-134.631,56.436],[-134.657,56.523],[-134.61,56.603],[-134.621,56.718],[-134.823,57.156],[-134.97,57.352],[-135.346,57.533],[-135.487,57.516],[-135.625,57.354],[-135.798,57.306],[-135.916,57.45],[-135.692,57.42],[-135.618,57.48],[-135.608,57.651],[-135.564,57.667],[-134.932,57.481],[-134.873,57.589],[-134.979,57.724],[-135.25,57.733],[-135.338,57.769],[-135.231,57.816],[-135.102,57.794],[-134.971,57.817],[-134.928,57.953],[-134.955,58.015],[-135.002,58.051],[-135.346,58.124],[-135.613,57.992],[-135.693,58.039],[-135.615,58.058],[-135.588,58.147],[-135.787,58.269],[-135.948,58.206],[-136.094,58.198],[-136.142,58.154],[-136.144,58.098],[-136.322,58.219],[-136.369,58.143],[-136.508,58.097],[-136.595,58.244],[-136.462,58.328],[-136.081,58.364],[-136.056,58.384],[-136.061,58.453],[-136.225,58.602],[-136.484,58.617],[-136.41,58.7],[-136.533,58.74],[-136.614,58.81],[-136.879,58.881],[-137.059,58.874],[-136.948,58.935],[-136.989,59.034],[-136.566,58.941],[-136.451,58.847],[-136.226,58.766],[-136.124,58.82],[-136.124,58.894],[-136.16,58.947],[-136.15,59.048],[-136.017,58.874],[-135.826,58.898],[-136.043,58.822],[-136.045,58.789],[-135.862,58.577],[-135.898,58.4],[-135.572,58.412],[-135.45,58.376],[-135.302,58.256],[-135.142,58.233],[-135.09,58.246],[-135.05,58.307],[-135.334,58.91],[-135.386,59.087],[-135.502,59.202],[-135.4,59.208],[-135.484,59.309],[-135.413,59.319],[-135.364,59.42],[-135.331,59.239],[-135.217,59.077],[-135.132,58.843],[-134.986,58.766],[-134.943,58.647],[-134.776,58.454],[-134.664,58.385],[-134.485,58.367],[-134.209,58.233],[-134.131,58.279],[-133.944,58.498],[-133.877,58.518],[-134.045,58.289],[-134.063,58.211],[-134.031,58.072],[-133.722,57.844],[-133.657,57.841],[-133.559,57.924],[-133.194,57.878],[-133.511,57.88],[-133.535,57.833],[-133.515,57.775],[-133.117,57.566],[-133.554,57.695],[-133.603,57.695],[-133.649,57.642],[-133.539,57.554],[-133.437,57.337],[-133.466,57.172],[-132.913,57.047],[-132.824,57.056],[-132.839,56.96],[-132.802,56.895],[-132.64,56.797],[-132.487,56.766],[-132.476,56.649],[-132.358,56.626],[-132.305,56.52],[-132.182,56.421],[-132.022,56.38],[-131.888,56.241],[-131.551,56.207],[-131.844,56.16],[-132.006,55.93],[-132.207,55.754],[-132.223,55.721],[-132.156,55.6],[-131.984,55.535],[-131.869,55.647],[-131.799,55.783],[-131.826,55.836],[-131.784,55.876],[-131.033,56.088],[-131.141,55.998],[-131.128,55.96],[-130.918,55.736],[-130.856,55.355],[-130.751,55.297],[-130.984,55.244],[-131.046,55.179],[-131.14,55.234],[-131.083,55.267],[-131.014,55.379],[-130.966,55.669],[-131.12,55.857],[-131.269,55.955],[-131.625,55.832],[-131.648,55.585],[-131.846,55.417],[-131.821,55.265],[-131.983,55.213],[-132.207,55.224],[-132.158,55.3],[-132.215,55.384],[-132.418,55.483],[-132.631,55.473],[-132.511,55.594],[-132.172,55.481],[-132.43,55.687],[-132.597,55.895],[-132.758,55.995],[-133.096,56.09],[-133.082,56.194],[-133.203,56.32],[-133.566,56.339],[-133.599,56.316],[-133.594,56.217],[-133.531,56.146],[-133.754,55.996],[-133.983,56.105],[-133.885,56.292],[-133.855,56.582],[-133.767,56.6],[-133.738,56.651],[-133.831,56.781],[-133.925,56.776],[-134.001,56.869],[-134.143,56.933],[-134.274,56.918],[-134.374,56.839],[-134.391,56.749],[-134.279,56.617],[-134.29,56.58],[-134.084,56.456],[-134.195,56.413],[-134.24,56.224]],[[-132.287,55.929],[-132.133,55.943],[-132.067,56.244],[-132.316,56.488],[-132.38,56.499],[-132.599,56.241],[-132.699,56.198],[-132.692,56.13],[-132.66,56.078],[-132.451,56.056],[-132.406,56.029],[-132.406,55.958],[-132.287,55.929]],[[-132.842,56.795],[-132.948,56.567],[-132.931,56.525],[-132.885,56.512],[-132.758,56.511],[-132.568,56.576],[-132.656,56.685],[-132.842,56.795]],[[-132.886,56.453],[-133.017,56.392],[-133.035,56.341],[-132.831,56.244],[-132.647,56.313],[-132.643,56.435],[-132.886,56.453]],[[-133.484,56.452],[-133.213,56.465],[-133.145,56.528],[-133.157,56.611],[-133.329,56.83],[-133.004,56.624],[-132.959,56.677],[-132.954,56.88],[-133.071,56.974],[-133.196,57.003],[-133.264,57.005],[-133.3,56.972],[-133.708,57.063],[-133.962,57.044],[-133.98,57.01],[-133.823,56.925],[-133.681,56.798],[-133.688,56.71],[-133.631,56.484],[-133.484,56.452]],[[-134.435,57.057],[-134.26,57.147],[-134.1,57.3],[-133.925,57.337],[-133.909,57.369],[-133.974,57.451],[-133.921,57.492],[-133.937,57.581],[-134.267,57.885],[-134.307,58.034],[-134.25,58.049],[-134.18,58.011],[-133.925,57.671],[-133.823,57.628],[-133.965,57.874],[-134.24,58.144],[-134.68,58.162],[-134.837,58.32],[-134.924,58.354],[-134.908,58.263],[-134.781,58.078],[-134.66,57.638],[-134.487,57.482],[-134.576,57.232],[-134.619,57.196],[-134.613,57.138],[-134.555,57.057],[-134.435,57.057]]]},"properties":{"name":null,"name_en":null,"name_zh":null,"featurecla":"generic","scalerank":8,"min_label":7.7,"max_label":10,"label":null,"wikidataid":null}},{"type":"Feature","geometry":{"type":"Polygon","coordinates":[[[-127.911,50.859],[-127.704,51.149],[-127.357,50.946],[-127.058,50.868],[-126.632,50.915],[-126.563,50.966],[-126.517,51.057],[-126.484,50.96],[-126.521,50.866],[-126.374,50.838],[-126.517,50.724],[-126.514,50.679],[-125.904,50.705],[-125.898,50.684],[-126.416,50.607],[-126.45,50.55],[-126.405,50.53],[-125.965,50.487],[-125.772,50.508],[-125.641,50.466],[-125.539,50.649],[-125.507,50.507],[-125.21,50.476],[-125.059,50.514],[-124.985,50.592],[-124.942,50.666],[-124.933,50.811],[-124.86,50.873],[-124.854,50.669],[-125.057,50.419],[-125.046,50.374],[-125.125,50.318],[-125.261,50.418],[-125.301,50.414],[-125.345,50.354],[-125.358,50.312],[-125.205,50.058],[-125.235,50.015],[-125.42,50.254],[-125.535,50.342],[-126.701,50.515],[-127.911,50.859]]]},"properties":{"name":"Queen Charlotte Strait","name_en":"Queen Charlotte Strait","name_zh":"夏洛特皇后海峡","featurecla":"strait","scalerank":8,"min_label":7.7,"max_label":10,"label":"Queen Charlotte Strait","wikidataid":"Q1796011"}},{"type":"Feature","geometry":{"type":"Polygon","coordinates":[[[-164.805,60.892],[-164.806,60.93],[-164.754,60.931],[-164.442,60.87],[-163.994,60.865],[-163.749,60.97],[-163.587,60.903],[-163.907,60.854],[-163.623,60.822],[-163.421,60.757],[-163.529,60.665],[-163.73,60.59],[-163.895,60.745],[-164.0,60.766],[-164.372,60.592],[-164.266,60.725],[-164.318,60.771],[-164.805,60.892]]]},"properties":{"name":"Baird Inlet","name_en":"Baird Inlet","name_zh":"贝尔德湾","featurecla":"inlet","scalerank":8,"min_label":7.7,"max_label":10,"label":"Baird Inlet","wikidataid":"Q4848613"}},{"type":"Feature","geometry":{"type":"Polygon","coordinates":[[[-132.284,54.088],[-132.124,54.037],[-132.114,53.86],[-132.171,53.707],[-132.465,53.653],[-132.567,53.664],[-132.565,53.688],[-132.214,53.815],[-132.155,53.875],[-132.166,53.955],[-132.284,54.088]]]},"properties":{"name":null,"name_en":null,"name_zh":null,"featurecla":"generic","scalerank":8,"min_label":7.7,"max_label":10,"label":null,"wikidataid":null}},{"type":"Feature","geometry":{"type":"Polygon","coordinates":[[[-131.64,69.567],[-131.632,69.459],[-131.788,69.432],[-131.82,69.402],[-131.787,69.371],[-131.92,69.291],[-132.719,69.079],[-132.77,69.012],[-132.739,68.922],[-132.704,68.896],[-132.542,68.89],[-132.578,68.848],[-132.706,68.815],[-133.337,68.835],[-133.138,68.747],[-133.197,68.74],[-133.348,68.77],[-133.418,68.844],[-132.687,69.26],[-132.331,69.308],[-132.129,69.402],[-131.989,69.518],[-131.64,69.567]]]},"properties":{"name":"Husky Lakes","name_en":"Husky Lakes","name_zh":"哈斯基湖","featurecla":"lagoon","scalerank":8,"min_label":7.7,"max_label":10,"label":"Husky Lakes","wikidataid":"Q22423345"}},{"type":"Feature","geometry":{"type":"Polygon","coordinates":[[[-89.728,30.205],[-89.773,30.137],[-89.894,30.126],[-89.994,30.059],[-90.175,30.029],[-90.413,30.14],[-90.332,30.277],[-90.225,30.38],[-90.045,30.351],[-89.954,30.269],[-89.728,30.205]]]},"properties":{"name":"Lake Pontchartrain","name_en":"Lake Pontchartrain","name_zh":"庞恰特雷恩湖","featurecla":"lagoon","scalerank":8,"min_label":7.7,"max_label":10,"label":"Lake Pontchartrain","wikidataid":"Q1331750"}},{"type":"Feature","geometry":{"type":"Polygon","coordinates":[[[13.805,54.043],[13.827,54.06],[13.921,53.997],[13.902,53.939],[13.926,53.879],[14.559,53.823],[14.552,53.707],[14.583,53.64],[13.951,53.801],[13.865,53.853],[13.805,54.043]]]},"properties":{"name":"Stettiner Haff","name_en":"Szczecin Lagoon","name_zh":"什切青泻湖","featurecla":"lagoon","scalerank":8,"min_label":7.7,"max_label":10,"label":null,"wikidataid":null}},{"type":"Feature","geometry":{"type":"Polygon","coordinates":[[[-124.132,69.669],[-123.087,69.769],[-123.214,69.542],[-123.361,69.497],[-123.529,69.389],[-124.112,69.359],[-124.472,69.4],[-124.454,69.455],[-124.132,69.669]]]},"properties":{"name":"Darnley Bay","name_en":"Darnley Bay","name_zh":"达恩利湾","featurecla":"bay","scalerank":7,"min_label":7.6,"max_label":10,"label":"Darnley Bay","wikidataid":"Q1166530"}},{"type":"Feature","geometry":{"type":"Polygon","coordinates":[[[-118.219,71.472],[-118.673,71.661],[-118.371,71.64],[-117.742,71.659],[-117.879,71.561],[-118.148,71.526],[-118.219,71.472]]]},"properties":{"name":null,"name_en":null,"name_zh":null,"featurecla":"generic","scalerank":8,"min_label":7.7,"max_label":10,"label":null,"wikidataid":null}},{"type":"Feature","geometry":{"type":"Polygon","coordinates":[[[-118.974,71.751],[-120.472,71.596],[-120.366,71.888],[-120.194,72.127],[-120.18,72.213],[-119.767,72.244],[-119.513,72.303],[-119.408,72.36],[-119.132,72.609],[-118.962,72.684],[-116.483,73.253],[-115.524,73.417],[-115.412,73.465],[-115.397,73.513],[-114.642,73.372],[-116.573,73.055],[-117.256,72.914],[-118.133,72.633],[-118.374,72.534],[-118.481,72.428],[-118.246,72.311],[-118.214,72.263],[-118.59,72.167],[-118.944,71.986],[-118.984,71.913],[-118.974,71.751]]]},"properties":{"name":"Prince of Wales Strait","name_en":"Prince of Wales Strait","name_zh":"威尔士亲王海峡","featurecla":"strait","scalerank":7,"min_label":7.6,"max_label":10,"label":"Prince of Wales Strait","wikidataid":"Q156271"}},{"type":"Feature","geometry":{"type":"Polygon","coordinates":[[[-118.324,71.012],[-118.204,71.442],[-117.936,71.392],[-117.724,71.39],[-115.587,71.547],[-115.303,71.494],[-115.472,71.466],[-115.98,71.469],[-116.044,71.454],[-116.045,71.423],[-115.892,71.382],[-117.814,71.159],[-118.324,71.012]]]},"properties":{"name":"Minto Inlet","name_en":"Minto Inlet","name_zh":"明托湾","featurecla":"sound","scalerank":8,"min_label":7.7,"max_label":10,"label":null,"wikidataid":null}},{"type":"Feature","geometry":{"type":"Polygon","coordinates":[[[-114.118,73.216],[-113.171,72.985],[-113.45,72.863],[-113.491,72.822],[-113.5,72.694],[-113.578,72.652],[-113.692,72.673],[-114.522,72.593],[-114.178,72.805],[-114.075,72.907],[-114.052,73.071],[-114.118,73.216]]]},"properties":{"name":"Richard Collinson Inlet","name_en":"Richard Collinson Inlet","name_zh":"理查德柯林斯湾","featurecla":"bay","scalerank":8,"min_label":7.7,"max_label":10,"label":"Richard Collinson Inlet","wikidataid":"Q7324843"}},{"type":"Feature","geometry":{"type":"Polygon","coordinates":[[[-117.191,70.06],[-117.588,70.63],[-116.993,70.604],[-116.327,70.624],[-115.991,70.586],[-113.757,70.691],[-112.114,70.447],[-111.632,70.309],[-111.784,70.273],[-112.19,70.276],[-112.638,70.225],[-114.592,70.313],[-116.554,70.175],[-117.136,70.1],[-117.191,70.06]]]},"properties":{"name":"Prince ALbert Sound","name_en":"Prince Albert Sound","name_zh":"艾伯特王子灣","featurecla":"sound","scalerank":7,"min_label":7.6,"max_label":10,"label":"Prince ALbert Sound","wikidataid":"Q7243787"}},{"type":"Feature","geometry":{"type":"Polygon","coordinates":[[[-114.365,74.679],[-115.042,74.98],[-114.452,75.088],[-114.356,75.141],[-114.358,75.171],[-114.514,75.276],[-114.169,75.24],[-114.075,75.393],[-114.017,75.434],[-113.879,75.376],[-113.467,75.416],[-113.759,75.322],[-113.853,75.259],[-113.886,75.211],[-113.845,75.112],[-113.712,75.069],[-112.952,75.108],[-112.597,75.212],[-112.214,75.133],[-111.621,75.168],[-111.181,75.26],[-111.033,75.227],[-111.258,75.128],[-111.671,75.019],[-112.836,74.976],[-113.325,74.875],[-114.133,74.766],[-114.365,74.679]]]},"properties":{"name":"Liddon Gulf","name_en":"Liddon Gulf","name_zh":"利登湾","featurecla":"gulf","scalerank":7,"min_label":7.6,"max_label":10,"label":"Liddon Gulf","wikidataid":"Q6543624"}},{"type":"Feature","geometry":{"type":"Polygon","coordinates":[[[-111.289,72.719],[-110.681,72.963],[-110.554,72.862],[-110.197,72.759],[-110.205,72.662],[-110.44,72.633],[-110.781,72.534],[-111.14,72.365],[-111.268,72.364],[-111.287,72.401],[-111.265,72.459],[-111.675,72.3],[-111.895,72.356],[-111.611,72.436],[-111.356,72.572],[-111.25,72.668],[-111.289,72.719]]]},"properties":{"name":"Wynniatt Bay","name_en":"Wynniatt Bay","name_zh":"威尼亚特湾","featurecla":"bay","scalerank":8,"min_label":7.7,"max_label":10,"label":"Wynniatt Bay","wikidataid":"Q8040226"}},{"type":"Feature","geometry":{"type":"Polygon","coordinates":[[[-108.739,72.537],[-108.232,73.095],[-107.997,72.653],[-107.935,72.588],[-107.932,72.52],[-107.824,72.443],[-107.794,72.303],[-107.696,72.149],[-107.306,71.895],[-107.382,71.875],[-107.329,71.835],[-107.687,71.716],[-107.813,71.626],[-108.188,71.724],[-108.276,71.901],[-108.739,72.537]]]},"properties":{"name":"Hadley Bay","name_en":"Hadley Bay","name_zh":"哈德利湾","featurecla":"bay","scalerank":7,"min_label":7.6,"max_label":10,"label":null,"wikidataid":null}},{"type":"Feature","geometry":{"type":"Polygon","coordinates":[[[-108.049,67.665],[-107.954,67.7],[-107.65,67.511],[-107.644,67.385],[-107.567,67.273],[-107.483,67.199],[-107.283,67.103],[-107.348,67.055],[-107.157,66.882],[-107.402,66.948],[-107.499,66.936],[-107.626,67.003],[-107.746,66.961],[-107.71,66.74],[-107.259,66.398],[-107.48,66.492],[-107.761,66.684],[-108.496,67.092],[-108.221,67.051],[-107.929,67.127],[-107.909,67.162],[-107.996,67.26],[-107.891,67.437],[-107.99,67.514],[-107.991,67.622],[-108.049,67.665]]]},"properties":{"name":"Bathurst Inlet","name_en":"Bathurst Inlet","name_zh":"巴瑟斯特湾","featurecla":"bay","scalerank":8,"min_label":7.7,"max_label":10,"label":"Bathurst Inlet","wikidataid":"Q810805"}},{"type":"Feature","geometry":{"type":"Polygon","coordinates":[[[-107.799,68.037],[-107.803,68.171],[-107.678,68.203],[-107.741,68.286],[-107.619,68.331],[-107.298,68.296],[-107.146,68.304],[-106.854,68.387],[-106.608,68.357],[-106.543,68.46],[-106.458,68.517],[-105.932,68.637],[-105.75,68.592],[-105.781,68.527],[-105.933,68.443],[-106.271,68.383],[-106.404,68.319],[-106.424,68.201],[-106.668,68.216],[-106.791,68.145],[-106.923,68.114],[-107.799,68.037]]]},"properties":{"name":null,"name_en":null,"name_zh":null,"featurecla":"generic","scalerank":8,"min_label":7.7,"max_label":10,"label":null,"wikidataid":null}},{"type":"Feature","geometry":{"type":"Polygon","coordinates":[[[-105.335,72.915],[-105.426,72.733],[-105.415,72.789],[-105.496,72.849],[-105.813,73.011],[-106.482,73.196],[-106.829,73.266],[-107.0,73.257],[-106.931,73.489],[-106.526,73.413],[-106.18,73.304],[-106.071,73.197],[-105.335,72.915]]]},"properties":{"name":"Goldsmith Channel","name_en":"Goldsmith Channel","name_zh":"戈德史密斯海峡","featurecla":"channel","scalerank":8,"min_label":7.7,"max_label":10,"label":"Goldsmith Channel","wikidataid":"Q1550455"}},{"type":"Feature","geometry":{"type":"Polygon","coordinates":[[[-98.415,67.988],[-98.388,68.036],[-98.111,67.903],[-97.739,67.978],[-97.546,67.961],[-97.207,67.855],[-97.14,67.796],[-97.155,67.727],[-97.274,67.666],[-97.455,67.617],[-97.607,67.631],[-97.931,67.711],[-98.415,67.988]]]},"properties":{"name":"Sherman Basin","name_en":"Sherman Basin","name_zh":"谢尔曼盆地","featurecla":"bay","scalerank":8,"min_label":7.7,"max_label":10,"label":null,"wikidataid":null}},{"type":"Feature","geometry":{"type":"Polygon","coordinates":[[[-87.678,65.335],[-87.68,65.271],[-88.198,65.28],[-88.974,65.348],[-89.242,65.446],[-89.6,65.648],[-89.924,65.78],[-90.984,65.919],[-91.065,65.9],[-91.041,65.83],[-91.427,65.948],[-91.01,65.966],[-90.316,65.926],[-89.89,65.869],[-89.848,65.872],[-89.944,65.934],[-89.749,65.936],[-89.421,65.861],[-89.088,65.739],[-88.744,65.679],[-88.672,65.611],[-87.97,65.349],[-87.678,65.335]]]},"properties":{"name":"Wager Bay","name_en":"Wager Bay","name_zh":"瓦格湾","featurecla":"bay","scalerank":8,"min_label":7.7,"max_label":10,"label":"Wager Bay","wikidataid":"Q2539134"}},{"type":"Feature","geometry":{"type":"Polygon","coordinates":[[[-85.485,69.846],[-85.717,70.05],[-85.432,70.111],[-84.909,70.078],[-84.522,70.005],[-83.859,69.963],[-83.15,70.009],[-82.215,69.824],[-82.393,69.645],[-82.618,69.691],[-83.665,69.7],[-84.319,69.844],[-84.645,69.85],[-85.02,69.805],[-85.485,69.846]]]},"properties":{"name":"Fury and Hecla Strait","name_en":"Fury and Hecla Strait","name_zh":"弗里和赫克拉海峽","featurecla":"strait","scalerank":7,"min_label":7.6,"max_label":10,"label":"Fury and Hecla Strait","wikidataid":"Q691945"}},{"type":"Feature","geometry":{"type":"Polygon","coordinates":[[[-80.726,69.741],[-80.84,69.771],[-80.925,69.851],[-81.197,69.983],[-81.652,70.095],[-81.56,70.111],[-80.67,70.052],[-79.588,69.892],[-79.594,69.81],[-79.971,69.739],[-80.125,69.737],[-80.214,69.802],[-80.424,69.798],[-80.466,69.737],[-80.726,69.741]]]},"properties":{"name":null,"name_en":null,"name_zh":null,"featurecla":"generic","scalerank":8,"min_label":7.7,"max_label":10,"label":null,"wikidataid":null}},{"type":"Feature","geometry":{"type":"Polygon","coordinates":[[[-79.052,75.867],[-79.01,75.799],[-79.626,75.42],[-79.738,75.461],[-80.261,75.479],[-80.287,75.49],[-80.119,75.562],[-80.322,75.629],[-81.001,75.643],[-81.173,75.669],[-81.193,75.684],[-81.151,75.735],[-81.269,75.756],[-82.354,75.833],[-83.237,75.751],[-83.932,75.819],[-84.605,75.653],[-84.987,75.645],[-85.372,75.572],[-85.581,75.58],[-86.069,75.502],[-85.905,75.442],[-85.951,75.395],[-86.237,75.406],[-86.814,75.491],[-87.257,75.618],[-87.365,75.592],[-87.539,75.485],[-87.73,75.576],[-88.201,75.512],[-88.645,75.658],[-88.852,75.625],[-88.864,75.589],[-88.804,75.503],[-88.869,75.452],[-89.337,75.572],[-89.646,75.565],[-89.361,75.646],[-89.205,75.737],[-89.278,75.795],[-89.511,75.857],[-89.695,75.853],[-89.794,75.925],[-90.033,75.971],[-90.251,76.053],[-90.712,76.076],[-91.28,76.16],[-91.408,76.22],[-90.312,76.158],[-89.407,76.189],[-89.219,76.258],[-89.285,76.302],[-89.985,76.362],[-89.974,76.487],[-89.726,76.507],[-88.546,76.421],[-88.614,76.651],[-88.496,76.773],[-88.482,76.58],[-88.396,76.405],[-87.498,76.386],[-87.49,76.586],[-87.354,76.448],[-86.68,76.377],[-86.562,76.516],[-86.454,76.585],[-86.296,76.492],[-86.116,76.435],[-85.68,76.349],[-85.141,76.305],[-84.275,76.357],[-84.224,76.675],[-83.987,76.495],[-83.885,76.453],[-82.233,76.466],[-82.209,76.514],[-82.262,76.575],[-82.53,76.723],[-82.311,76.655],[-82.034,76.629],[-81.717,76.495],[-81.171,76.513],[-80.975,76.47],[-80.832,76.409],[-80.835,76.369],[-80.997,76.215],[-80.963,76.184],[-80.8,76.174],[-79.511,76.311],[-78.496,76.532],[-78.484,76.465],[-79.013,76.145],[-79.699,75.883],[-79.545,75.825],[-79.052,75.867]]]},"properties":{"name":"Jones Sound","name_en":"Jones Sound","name_zh":"瓊斯灣","featurecla":"sound","scalerank":6,"min_label":7,"max_label":10,"label":"Jones Sound","wikidataid":"Q1703405"}},{"type":"Feature","geometry":{"type":"Polygon","coordinates":[[[-77.014,72.844],[-77.018,72.726],[-77.753,72.725],[-78.422,72.572],[-78.484,72.47],[-78.287,72.36],[-77.535,72.219],[-77.516,72.178],[-77.726,72.18],[-78.116,72.281],[-78.429,72.28],[-78.699,72.351],[-78.82,72.265],[-78.863,72.101],[-78.585,71.88],[-78.776,71.93],[-79.008,72.043],[-79.0,72.272],[-79.324,72.391],[-79.427,72.337],[-79.584,72.315],[-79.654,72.332],[-79.778,72.439],[-80.042,72.394],[-80.109,72.332],[-80.091,72.301],[-79.884,72.177],[-80.182,72.209],[-80.386,72.149],[-80.802,71.929],[-80.925,71.907],[-80.948,71.916],[-80.921,72.073],[-80.691,72.103],[-80.941,72.21],[-80.703,72.338],[-80.605,72.426],[-80.612,72.451],[-80.761,72.457],[-81.241,72.278],[-81.23,72.312],[-80.999,72.426],[-80.274,72.746],[-80.592,72.928],[-80.619,72.997],[-80.583,73.065],[-80.604,73.121],[-80.681,73.166],[-80.645,73.279],[-80.183,73.225],[-80.052,72.977],[-79.937,72.864],[-79.5,72.756],[-79.134,72.772],[-78.314,72.882],[-77.836,72.897],[-77.014,72.844]]]},"properties":{"name":"Eclipse Sound","name_en":"Eclipse Sound","name_zh":"伊克利斯灣","featurecla":"sound","scalerank":7,"min_label":7.6,"max_label":10,"label":"Eclipse Sound","wikidataid":"Q5333028"}},{"type":"Feature","geometry":{"type":"Polygon","coordinates":[[[-61.229,81.705],[-61.131,81.532],[-61.1,81.396],[-61.162,81.282],[-61.436,81.133],[-61.636,81.115],[-62.299,81.194],[-62.993,81.207],[-63.213,81.143],[-63.235,81.083],[-63.029,80.89],[-63.059,80.886],[-63.578,81.044],[-64.096,81.038],[-65.008,81.397],[-64.833,81.439],[-64.78,81.493],[-65.736,81.494],[-68.318,81.261],[-68.721,81.261],[-68.688,81.293],[-66.914,81.485],[-66.626,81.617],[-65.701,81.646],[-65.226,81.744],[-64.436,81.743],[-62.264,82.034],[-61.229,81.705]]]},"properties":{"name":"Hall Basin","name_en":"Hall Basin","name_zh":"霍爾灣","featurecla":"gulf","scalerank":7,"min_label":7.6,"max_label":10,"label":"Hall Basin","wikidataid":"Q1457158"}},{"type":"Feature","geometry":{"type":"Polygon","coordinates":[[[-54.443,70.749],[-54.78,71.373],[-54.318,71.385],[-53.963,71.459],[-53.912,71.526],[-54.02,71.658],[-53.894,71.642],[-53.78,71.678],[-53.716,71.758],[-53.477,71.85],[-53.463,71.894],[-53.513,71.976],[-53.793,72.134],[-53.928,72.319],[-53.652,72.363],[-53.81,72.293],[-53.693,72.16],[-53.42,72.0],[-53.334,71.79],[-53.145,71.807],[-53.139,71.775],[-53.25,71.71],[-53.476,71.64],[-53.44,71.579],[-53.167,71.536],[-52.656,71.672],[-52.196,71.63],[-51.77,71.672],[-51.967,71.599],[-52.749,71.502],[-52.892,71.458],[-53.117,71.313],[-53.008,71.18],[-52.534,71.2],[-52.061,71.122],[-51.377,71.119],[-51.019,71.002],[-51.13,70.972],[-51.775,71.011],[-51.257,70.853],[-51.34,70.688],[-51.323,70.589],[-50.933,70.454],[-50.663,70.417],[-50.947,70.364],[-51.524,70.44],[-52.405,70.687],[-52.802,70.751],[-53.513,70.767],[-54.166,70.82],[-54.443,70.749]],[[-51.607,70.869],[-51.97,70.977],[-52.107,70.968],[-52.148,70.904],[-52.12,70.871],[-51.607,70.869]],[[-53.437,71.115],[-53.441,71.186],[-53.584,71.297],[-53.701,71.283],[-53.958,71.128],[-53.898,71.085],[-53.629,71.034],[-53.488,71.056],[-53.437,71.115]]]},"properties":{"name":"Uummannaq Fjord","name_en":"Uummannaq fjord","name_zh":"烏馬納克峽灣","featurecla":"fjord","scalerank":7,"min_label":7.6,"max_label":10,"label":"Uummannaq Fjord","wikidataid":"Q384323"}},{"type":"Feature","geometry":{"type":"Polygon","coordinates":[[[-95.592,-72.412],[-95.529,-73.241],[-95.881,-73.294],[-96.152,-73.309],[-96.676,-73.268],[-97.477,-73.126],[-97.651,-73.145],[-98.013,-73.033],[-98.208,-73.022],[-99.811,-73.0],[-100.259,-73.041],[-100.82,-72.981],[-101.681,-73.03],[-102.409,-72.987],[-102.482,-72.951],[-102.363,-72.912],[-102.272,-72.835],[-102.363,-72.76],[-102.485,-72.736],[-102.276,-72.124],[-102.022,-72.185],[-101.602,-72.176],[-100.195,-72.272],[-99.149,-72.472],[-98.641,-72.49],[-98.408,-72.548],[-97.828,-72.557],[-97.25,-72.521],[-97.028,-72.574],[-96.693,-72.548],[-96.052,-72.577],[-96.014,-72.525],[-96.078,-72.454],[-95.592,-72.412]]]},"properties":{"name":"Peacock Sound","name_en":"Peacock Sound","name_zh":"皮考克峽灣","featurecla":"sound","scalerank":7,"min_label":7.6,"max_label":10,"label":"Peacock Sound","wikidataid":"Q1618810"}},{"type":"Feature","geometry":{"type":"Polygon","coordinates":[[[-74.562,-73.711],[-74.575,-73.611],[-74.452,-73.565],[-74.366,-73.464],[-74.467,-73.427],[-74.668,-73.275],[-74.522,-73.244],[-74.224,-72.997],[-74.276,-72.951],[-73.77,-72.106],[-73.537,-72.022],[-73.573,-71.981],[-73.83,-71.87],[-73.776,-71.849],[-73.41,-71.853],[-72.928,-71.922],[-72.336,-71.632],[-71.816,-71.822],[-71.574,-71.851],[-71.355,-71.836],[-70.821,-71.906],[-70.891,-71.987],[-71.034,-72.034],[-71.898,-72.121],[-71.892,-72.153],[-71.661,-72.25],[-71.412,-72.285],[-70.533,-72.163],[-70.206,-72.228],[-70.428,-72.323],[-70.873,-72.367],[-71.605,-72.359],[-72.738,-72.28],[-73.086,-72.408],[-72.888,-72.547],[-72.67,-72.596],[-72.531,-72.589],[-72.368,-72.67],[-70.923,-72.613],[-70.544,-72.665],[-69.21,-72.534],[-69.149,-72.426],[-68.543,-72.158],[-68.241,-71.822],[-68.252,-71.314],[-68.314,-70.912],[-68.336,-70.856],[-68.451,-70.818],[-68.459,-70.683],[-68.553,-70.581],[-69.091,-70.09],[-69.234,-69.909],[-69.428,-69.574],[-68.68,-69.469],[-68.47,-69.644],[-68.404,-69.809],[-68.403,-70.02],[-67.888,-70.421],[-67.598,-70.845],[-67.505,-71.058],[-67.53,-71.285],[-67.46,-71.527],[-66.952,-71.897],[-66.828,-72.09],[-67.307,-72.611],[-67.667,-72.834],[-68.0,-72.935],[-69.282,-73.169],[-70.322,-73.274],[-71.017,-73.263],[-71.453,-73.355],[-71.994,-73.379],[-72.381,-73.438],[-72.929,-73.448],[-73.996,-73.7],[-74.345,-73.684],[-74.562,-73.711]],[[-73.975,-73.376],[-73.721,-73.296],[-73.682,-73.225],[-73.542,-73.124],[-73.832,-73.113],[-74.049,-73.22],[-74.147,-73.315],[-73.975,-73.376]]]},"properties":{"name":"George VI Sound","name_en":"George VI Sound","name_zh":"喬治六世海峽","featurecla":"sound","scalerank":7,"min_label":7.6,"max_label":10,"label":"George VI Sound","wikidataid":"Q2831049"}},{"type":"Feature","geometry":{"type":"Polygon","coordinates":[[[-73.044,-53.233],[-73.131,-53.073],[-73.023,-53.022],[-73.02,-52.892],[-72.932,-52.782],[-72.802,-52.712],[-72.766,-52.643],[-72.777,-52.577],[-72.712,-52.536],[-72.504,-52.56],[-72.437,-52.626],[-72.315,-52.539],[-72.226,-52.521],[-71.812,-52.537],[-71.511,-52.605],[-71.591,-52.661],[-71.797,-52.683],[-72.117,-52.65],[-72.453,-52.815],[-72.626,-52.818],[-72.632,-52.774],[-72.676,-52.749],[-72.727,-52.762],[-72.889,-52.872],[-72.915,-53.122],[-73.044,-53.233]]]},"properties":{"name":"Seno de Skyring","name_en":"Seno Skyring","name_zh":"斯凯灵湾","featurecla":"sound","scalerank":8,"min_label":7.7,"max_label":10,"label":"Seno de Skyring","wikidataid":"Q7450889"}},{"type":"Feature","geometry":{"type":"Polygon","coordinates":[[[-72.38,-53.462],[-72.546,-53.447],[-72.531,-53.372],[-72.458,-53.254],[-72.278,-53.133],[-71.898,-53.002],[-71.388,-52.764],[-71.155,-52.846],[-71.18,-52.92],[-71.4,-53.107],[-71.741,-53.233],[-71.791,-53.484],[-71.892,-53.524],[-71.903,-53.496],[-71.828,-53.398],[-71.853,-53.285],[-71.942,-53.234],[-72.306,-53.254],[-72.413,-53.35],[-72.38,-53.462]]]},"properties":{"name":"Seno Otway","name_en":"Seno Otway","name_zh":"奧特韋灣","featurecla":"sound","scalerank":8,"min_label":7.7,"max_label":10,"label":"Seno Otway","wikidataid":"Q4169149"}},{"type":"Feature","geometry":{"type":"Polygon","coordinates":[[[-70.531,-53.628],[-70.417,-53.301],[-70.329,-53.378],[-70.213,-53.414],[-70.091,-53.418],[-69.756,-53.337],[-69.394,-53.373],[-69.352,-53.48],[-70.091,-53.722],[-70.149,-53.761],[-70.151,-53.888],[-70.086,-54.011],[-69.988,-54.109],[-69.196,-54.354],[-69.045,-54.428],[-69.312,-54.571],[-69.365,-54.437],[-69.742,-54.306],[-69.867,-54.368],[-69.99,-54.381],[-70.169,-54.379],[-70.244,-54.347],[-70.246,-54.278],[-70.38,-54.181],[-70.535,-54.136],[-70.63,-54.006],[-70.38,-53.987],[-70.443,-53.893],[-70.531,-53.628]]]},"properties":{"name":"Bay Inútil","name_en":"Inútil Bay","name_zh":"伊努蒂尔湾","featurecla":"bay","scalerank":8,"min_label":7.7,"max_label":10,"label":"B. Inútil","wikidataid":"Q750763"}},{"type":"Feature","geometry":{"type":"Polygon","coordinates":[[[-52.069,-32.063],[-52.168,-32.083],[-52.194,-31.885],[-52.12,-31.695],[-52.027,-31.599],[-51.973,-31.384],[-51.506,-31.104],[-51.463,-31.053],[-51.485,-30.977],[-51.459,-30.913],[-51.377,-30.847],[-51.359,-30.675],[-51.283,-30.751],[-51.288,-30.591],[-51.246,-30.468],[-51.157,-30.364],[-51.282,-30.244],[-51.298,-30.035],[-51.25,-30.06],[-51.179,-30.211],[-51.041,-30.261],[-51.025,-30.369],[-50.932,-30.374],[-50.646,-30.237],[-50.563,-30.253],[-50.546,-30.317],[-50.582,-30.439],[-50.615,-30.457],[-50.685,-30.413],[-50.716,-30.426],[-50.689,-30.704],[-50.77,-30.813],[-50.941,-30.904],[-50.98,-31.094],[-51.106,-31.082],[-51.161,-31.119],[-51.175,-31.34],[-51.272,-31.477],[-51.446,-31.557],[-51.68,-31.775],[-51.804,-31.797],[-51.893,-31.868],[-51.995,-31.815],[-52.063,-31.83],[-52.043,-31.977],[-52.069,-32.063]]]},"properties":{"name":"Lagoa dos Patos","name_en":"Patos Lagoon","name_zh":"帕托斯湖","featurecla":"lagoon","scalerank":7,"min_label":7.6,"max_label":10,"label":null,"wikidataid":null}},{"type":"Feature","geometry":{"type":"Polygon","coordinates":[[[-49.789,-1.78],[-49.738,-1.921],[-49.999,-1.832],[-50.117,-1.857],[-50.403,-2.016],[-50.69,-1.762],[-50.679,-1.644],[-50.786,-1.49],[-50.845,-1.226],[-50.918,-1.115],[-50.838,-1.039],[-50.895,-0.938],[-51.297,-1.223],[-51.647,-1.394],[-51.948,-1.587],[-52.197,-1.64],[-52.31,-1.559],[-52.664,-1.552],[-52.229,-1.363],[-52.021,-1.399],[-51.981,-1.368],[-51.934,-1.32],[-51.922,-1.181],[-51.721,-1.019],[-51.703,-0.762],[-51.404,-0.393],[-51.333,-0.246],[-51.036,-0.23],[-50.942,-0.344],[-50.71,-0.496],[-50.72,-0.584],[-50.781,-0.69],[-50.796,-0.906],[-50.783,-1.01],[-50.709,-1.078],[-50.593,-1.073],[-50.577,-1.103],[-50.596,-1.147],[-50.729,-1.127],[-50.76,-1.24],[-50.602,-1.698],[-50.508,-1.788],[-50.444,-1.801],[-50.338,-1.756],[-50.109,-1.748],[-50.066,-1.704],[-49.789,-1.78]],[[-51.802,-1.203],[-51.939,-1.453],[-51.638,-1.342],[-51.465,-1.211],[-51.31,-1.024],[-51.276,-1.022],[-51.161,-0.667],[-51.254,-0.541],[-51.424,-0.566],[-51.546,-0.65],[-51.678,-0.855],[-51.68,-1.086],[-51.802,-1.203]]]},"properties":{"name":"Amazon River","name_en":"Amazon","name_zh":"亚马逊河","featurecla":"river","scalerank":4,"min_label":5.7,"max_label":10,"label":"Amazon River","wikidataid":"Q3783"}},{"type":"Feature","geometry":{"type":"Polygon","coordinates":[[[-60.534,46.214],[-60.513,46.195],[-60.586,46.117],[-60.573,46.061],[-60.733,45.957],[-60.705,45.933],[-60.461,45.969],[-60.473,45.947],[-60.738,45.751],[-60.93,45.748],[-61.059,45.703],[-61.092,45.749],[-60.971,45.838],[-61.038,45.882],[-60.868,45.949],[-60.865,45.984],[-61.105,45.945],[-60.577,46.172],[-60.534,46.214]]]},"properties":{"name":"Bras d'Or Lake","name_en":"Bras d'Or Lake","name_zh":"布拉多尔湖","featurecla":"lagoon","scalerank":9,"min_label":7.8,"max_label":10,"label":"Bras d'Or Lake","wikidataid":"Q898989"}},{"type":"Feature","geometry":{"type":"Polygon","coordinates":[[[21.115,55.617],[21.158,55.641],[21.238,55.455],[21.201,55.344],[21.236,55.271],[21.189,54.935],[20.887,54.91],[20.595,54.983],[21.032,55.35],[21.104,55.488],[21.115,55.617]]]},"properties":{"name":"Kaliningrad","name_en":"Kaliningrad","name_zh":"加里宁格勒","featurecla":"lagoon","scalerank":8,"min_label":7.7,"max_label":10,"label":null,"wikidataid":null}},{"type":"Feature","geometry":{"type":"Polygon","coordinates":[[[54.146,73.279],[54.215,73.417],[54.3,73.351],[54.769,73.449],[55.007,73.454],[55.549,73.357],[56.489,73.299],[56.4,73.21],[56.138,73.256],[55.32,73.308],[54.804,73.388],[54.146,73.279]]]},"properties":{"name":"Matochkin Shar Strait","name_en":"Matochkin Strait","name_zh":"马托奇金海峡","featurecla":"strait","scalerank":8,"min_label":7.7,"max_label":10,"label":"Matochkin Strait","wikidataid":"Q908356"}},{"type":"Feature","geometry":{"type":"Polygon","coordinates":[[[146.235,72.35],[146.236,72.293],[145.039,72.26],[144.471,72.175],[144.295,72.193],[144.169,72.259],[144.588,72.305],[144.776,72.382],[144.898,72.396],[146.235,72.35]]]},"properties":{"name":"Ozero Mogotoyevo","name_en":"Lake Mogotoyevo","name_zh":"莫戈托耶沃湖","featurecla":"lagoon","scalerank":8,"min_label":7.7,"max_label":10,"label":"Ozero Mogotoyevo","wikidataid":"Q2639916"}},{"type":"Feature","geometry":{"type":"Polygon","coordinates":[[[146.825,72.279],[147.149,72.298],[146.073,71.808],[145.805,71.747],[145.189,71.696],[145.075,71.707],[144.99,71.753],[145.074,71.831],[145.064,71.926],[145.407,71.89],[145.756,71.941],[145.756,72.021],[145.664,72.067],[145.71,72.206],[145.759,72.226],[146.052,72.142],[146.23,72.138],[146.006,71.946],[146.113,71.945],[146.599,72.123],[146.807,72.237],[146.825,72.279]]]},"properties":{"name":"Guba Gusinaya","name_en":"Guba Gusinaya","name_zh":"古巴古西纳亚湾","featurecla":"bay","scalerank":8,"min_label":7.7,"max_label":10,"label":null,"wikidataid":null}},{"type":"Feature","geometry":{"type":"Polygon","coordinates":[[[116.958,-9.076],[116.602,-8.978],[115.144,-8.852],[115.22,-8.82],[115.334,-8.616],[115.661,-8.448],[115.705,-8.407],[115.691,-8.363],[115.55,-8.208],[115.191,-8.068],[114.938,-8.187],[114.42,-8.107],[114.444,-7.896],[114.385,-7.773],[115.208,-6.932],[115.296,-6.988],[115.393,-6.961],[117.007,-7.091],[117.237,-8.378],[117.165,-8.367],[116.953,-8.504],[116.835,-8.532],[116.802,-8.598],[116.783,-8.665],[116.807,-8.811],[116.768,-8.956],[116.788,-9.006],[116.958,-9.076]],[[116.061,-8.438],[116.077,-8.745],[116.032,-8.765],[115.869,-8.743],[115.874,-8.825],[116.377,-8.929],[116.587,-8.886],[116.514,-8.821],[116.641,-8.614],[116.734,-8.387],[116.719,-8.336],[116.647,-8.283],[116.401,-8.204],[116.304,-8.238],[116.061,-8.438]]]},"properties":{"name":"Bali Sea","name_en":"Bali Sea","name_zh":"峇里海","featurecla":"sea","scalerank":7,"min_label":7.6,"max_label":10,"label":"Bali Sea","wikidataid":"Q277014"}},{"type":"Feature","geometry":{"type":"Polygon","coordinates":[[[126.171,6.344],[125.668,5.985],[125.671,6.225],[125.588,6.466],[125.381,6.69],[125.465,6.911],[125.641,7.105],[125.689,7.263],[125.774,7.322],[125.824,7.333],[126.043,6.843],[126.11,6.49],[126.171,6.344]]]},"properties":{"name":"Davao Gulf","name_en":"Davao Gulf","name_zh":"达沃湾","featurecla":"gulf","scalerank":7,"min_label":7.6,"max_label":10,"label":"Davao Gulf","wikidataid":"Q1536317"}},{"type":"Feature","geometry":{"type":"Polygon","coordinates":[[[127.638,-1.335],[127.748,-1.105],[128.255,-0.827],[128.278,-0.87],[128.426,-0.893],[128.254,-0.732],[128.09,-0.485],[127.978,-0.248],[127.889,0.049],[127.915,0.206],[127.888,0.298],[127.925,0.438],[127.983,0.472],[128.446,0.392],[129.32,0.025],[129.309,0.046],[129.542,-0.139],[129.552,-0.191],[129.981,-0.191],[130.367,-0.942],[130.832,-0.863],[130.846,-0.906],[130.673,-0.96],[130.739,-1.173],[130.845,-1.317],[130.967,-1.343],[131.027,-1.327],[130.986,-1.455],[129.902,-1.252],[129.196,-1.182],[128.095,-1.57],[127.905,-1.439],[127.638,-1.335]]]},"properties":{"name":"Halmahera Sea","name_en":"Halmahera Sea","name_zh":"哈马黑拉海","featurecla":"sea","scalerank":7,"min_label":7.6,"max_label":10,"label":"Halmahera Sea","wikidataid":"Q212083"}},{"type":"Feature","geometry":{"type":"Polygon","coordinates":[[[115.144,-8.852],[114.595,-8.738],[114.595,-8.685],[114.449,-8.559],[114.387,-8.405],[114.42,-8.107],[114.475,-8.12],[114.502,-8.261],[114.613,-8.378],[114.842,-8.429],[115.055,-8.573],[115.142,-8.697],[115.14,-8.769],[115.091,-8.83],[115.144,-8.852]]]},"properties":{"name":"Selat Bali","name_en":"Bali Strait","name_zh":"峇里海峽","featurecla":"strait","scalerank":9,"min_label":7.8,"max_label":10,"label":"Selat Bali","wikidataid":"Q604492"}},{"type":"Feature","geometry":{"type":"Polygon","coordinates":[[[123.499,0.302],[123.481,-0.723],[123.424,-0.737],[123.38,-0.649],[123.172,-0.571],[122.829,-0.659],[122.888,-0.755],[122.28,-0.757],[122.175,-0.794],[122.094,-0.875],[121.97,-0.933],[121.738,-0.925],[121.576,-0.829],[121.431,-0.939],[121.277,-1.118],[121.149,-1.339],[121.034,-1.406],[120.668,-1.37],[120.517,-1.039],[120.241,-0.868],[120.097,-0.65],[120.032,-0.432],[120.013,-0.196],[120.127,0.167],[120.307,0.408],[120.46,0.51],[120.7,0.515],[121.013,0.442],[121.516,0.499],[121.842,0.437],[122.281,0.481],[122.997,0.494],[123.083,0.486],[123.265,0.327],[123.499,0.302]]]},"properties":{"name":"Gulf of Tomini","name_en":"Gulf of Tomini","name_zh":"托米尼湾","featurecla":"gulf","scalerank":7,"min_label":7.6,"max_label":10,"label":"Gulf of Tomini","wikidataid":"Q1507546"}},{"type":"Feature","geometry":{"type":"Polygon","coordinates":[[[120.452,-6.229],[120.377,-6.579],[120.759,-7.061],[120.633,-7.018],[120.641,-7.116],[120.774,-7.119],[120.78,-7.078],[121.082,-7.32],[122.818,-8.11],[122.758,-8.186],[122.919,-8.222],[122.85,-8.304],[122.556,-8.432],[122.433,-8.601],[122.323,-8.629],[122.263,-8.625],[121.967,-8.455],[121.611,-8.526],[121.548,-8.575],[121.444,-8.578],[121.009,-8.366],[120.751,-8.322],[120.61,-8.241],[120.354,-8.258],[120.231,-8.29],[119.964,-8.435],[119.875,-8.42],[119.808,-8.698],[119.912,-8.86],[119.125,-8.676],[119.042,-8.561],[119.044,-8.457],[118.988,-8.337],[118.926,-8.298],[118.794,-8.306],[118.748,-8.331],[118.714,-8.415],[118.671,-8.323],[118.552,-8.27],[118.292,-8.357],[118.118,-8.122],[117.921,-8.089],[117.755,-8.15],[117.738,-8.205],[117.815,-8.342],[117.979,-8.459],[118.101,-8.475],[118.235,-8.592],[118.206,-8.652],[118.104,-8.65],[117.969,-8.728],[117.806,-8.711],[117.643,-8.535],[117.622,-8.46],[117.567,-8.426],[117.357,-8.429],[117.236,-8.38],[117.007,-7.091],[118.825,-6.509],[119.465,-5.523],[119.557,-5.611],[119.717,-5.693],[119.952,-5.577],[120.311,-5.541],[120.482,-5.609],[120.48,-5.783],[120.446,-5.876],[120.452,-6.229]]]},"properties":{"name":"Flores Sea","name_en":"Flores Sea","name_zh":"弗洛勒斯海","featurecla":"sea","scalerank":7,"min_label":7.6,"max_label":10,"label":"Flores Sea","wikidataid":"Q150370"}},{"type":"Feature","geometry":{"type":"Polygon","coordinates":[[[121.964,11.897],[121.47,12.4],[121.418,12.389],[121.412,12.423],[121.541,12.638],[121.48,12.837],[121.49,13.02],[121.536,13.095],[121.843,13.314],[122.005,13.205],[122.122,13.365],[122.112,13.448],[122.302,13.576],[122.407,13.493],[122.498,13.364],[122.515,13.26],[122.6,13.194],[122.66,13.241],[122.955,13.091],[123.044,13.113],[123.206,12.905],[123.282,12.854],[123.375,12.688],[123.236,12.584],[123.267,12.395],[123.156,11.968],[123.116,11.54],[122.894,11.441],[122.931,11.53],[122.838,11.596],[122.726,11.608],[122.613,11.564],[122.291,11.772],[122.029,11.895],[121.964,11.897]],[[122.423,12.455],[122.603,12.286],[122.655,12.309],[122.683,12.383],[122.604,12.492],[122.472,12.492],[122.423,12.455]],[[121.989,12.435],[121.923,12.331],[121.982,12.246],[121.96,12.192],[122.014,12.106],[122.094,12.355],[122.145,12.652],[122.002,12.598],[121.989,12.435]]]},"properties":{"name":"Sibuyan Sea","name_en":"Sibuyan Sea","name_zh":"錫布延海","featurecla":"sea","scalerank":7,"min_label":7.6,"max_label":10,"label":"Sibuyan Sea","wikidataid":"Q594834"}},{"type":"Feature","geometry":{"type":"Polygon","coordinates":[[[129.913,-0.058],[130.566,-0.058],[130.295,-0.102],[130.237,-0.209],[130.34,-0.262],[130.496,-0.267],[130.551,-0.367],[130.689,-0.297],[130.7,-0.392],[130.75,-0.444],[130.896,-0.416],[130.899,-0.344],[130.843,-0.298],[130.761,-0.292],[130.638,-0.143],[130.622,-0.086],[130.684,-0.081],[130.947,-0.338],[131.005,-0.361],[131.098,-0.33],[131.218,-0.374],[131.33,-0.302],[131.94,-0.607],[131.804,-0.704],[131.257,-0.856],[131.254,-1.007],[131.191,-1.166],[131.027,-1.327],[131.002,-1.315],[131.074,-0.968],[131.033,-0.918],[130.846,-0.906],[130.832,-0.863],[130.905,-0.777],[130.807,-0.765],[130.813,-0.814],[130.484,-0.832],[130.367,-0.942],[129.913,-0.058]]]},"properties":{"name":"Selat Dampier","name_en":"Dampier Strait","name_zh":"丹皮尔海峡","featurecla":"strait","scalerank":8,"min_label":7.7,"max_label":10,"label":"Selat Dampier","wikidataid":"Q3233971"}},{"type":"Feature","geometry":{"type":"Polygon","coordinates":[[[129.037,1.647],[129.913,-0.058],[129.981,-0.191],[129.552,-0.191],[129.542,-0.139],[129.309,0.046],[129.32,0.025],[128.916,0.202],[128.815,0.305],[128.691,0.36],[128.655,0.508],[128.611,0.55],[128.398,0.639],[128.261,0.734],[128.257,0.805],[128.299,0.877],[128.702,1.107],[128.698,1.546],[129.037,1.647]]]},"properties":{"name":"Gulf of Buli","name_en":"Buli Bay","name_zh":"布利湾","featurecla":"gulf","scalerank":7,"min_label":7.6,"max_label":10,"label":null,"wikidataid":null}},{"type":"Feature","geometry":{"type":"Polygon","coordinates":[[[128.663,2.376],[129.037,1.647],[128.698,1.546],[128.688,1.573],[128.539,1.559],[128.222,1.401],[128.157,1.317],[128.161,1.158],[127.967,1.043],[127.881,0.832],[127.732,0.848],[127.635,0.936],[127.653,1.014],[127.885,1.163],[128.012,1.332],[128.011,1.701],[127.887,1.833],[127.907,1.946],[128.041,2.165],[128.218,2.294],[128.26,2.082],[128.296,2.035],[128.454,2.052],[128.547,2.097],[128.623,2.225],[128.663,2.376]]]},"properties":{"name":"Gulf of Kau","name_en":"Kao Bay","name_zh":"教湾","featurecla":"gulf","scalerank":8,"min_label":7.7,"max_label":10,"label":null,"wikidataid":null}},{"type":"Feature","geometry":{"type":"Polygon","coordinates":[[[123.404,8.654],[123.175,9.081],[123.32,9.273],[123.295,9.377],[123.329,9.436],[123.493,9.589],[123.7,10.128],[123.789,10.221],[123.952,10.317],[124.023,10.471],[124.334,10.607],[124.289,10.601],[124.459,10.919],[124.503,10.905],[124.663,10.962],[124.738,10.88],[124.797,10.732],[124.737,10.44],[124.789,10.328],[124.781,10.168],[125.027,10.033],[124.987,10.367],[125.137,10.194],[125.139,10.155],[125.231,10.116],[125.291,9.936],[125.472,9.757],[125.414,9.669],[125.533,9.141],[125.499,9.015],[125.376,8.992],[125.209,9.027],[125.141,8.869],[124.869,8.972],[124.787,8.874],[124.731,8.563],[124.621,8.523],[124.451,8.606],[124.405,8.6],[124.325,8.509],[124.198,8.23],[123.799,8.049],[123.753,8.058],[123.878,8.189],[123.849,8.433],[123.783,8.548],[123.68,8.621],[123.435,8.703],[123.404,8.654]],[[124.352,10.142],[124.173,10.135],[124.06,10.0],[123.864,9.879],[123.817,9.817],[123.872,9.676],[123.936,9.624],[124.123,9.599],[124.36,9.63],[124.478,9.748],[124.584,9.75],[124.555,9.879],[124.577,10.027],[124.352,10.142]]]},"properties":{"name":"Bohol Sea","name_en":"Bohol Sea","name_zh":"保和海","featurecla":"sea","scalerank":7,"min_label":7.6,"max_label":10,"label":"Bohol Sea","wikidataid":"Q242326"}},{"type":"Feature","geometry":{"type":"Polygon","coordinates":[[[125.677,10.363],[126.058,10.031],[125.998,9.927],[125.991,9.838],[126.047,9.761],[126.098,9.767],[126.168,9.273],[126.088,9.261],[126.006,9.321],[125.877,9.513],[125.558,9.727],[125.649,9.943],[125.672,9.886],[125.69,9.915],[125.703,10.072],[125.647,10.245],[125.677,10.363]]]},"properties":{"name":null,"name_en":null,"name_zh":null,"featurecla":"generic","scalerank":9,"min_label":7.8,"max_label":10,"label":null,"wikidataid":null}},{"type":"Feature","geometry":{"type":"Polygon","coordinates":[[[125.661,10.607],[125.642,10.428],[125.525,10.31],[125.495,10.119],[125.649,9.943],[125.558,9.727],[125.472,9.757],[125.291,9.936],[125.231,10.116],[125.139,10.155],[125.14,10.235],[125.149,10.272],[125.253,10.264],[125.269,10.308],[125.24,10.384],[125.366,10.54],[125.515,10.603],[125.661,10.607]]]},"properties":{"name":"Surigao Strait","name_en":"Surigao Strait","name_zh":"苏里高海峡","featurecla":"strait","scalerank":9,"min_label":7.8,"max_label":10,"label":"Surigao Strait","wikidataid":"Q1632248"}},{"type":"Feature","geometry":{"type":"Polygon","coordinates":[[[123.329,9.436],[123.295,9.377],[123.15,9.606],[123.162,9.864],[123.567,10.782],[123.819,10.711],[123.726,10.562],[123.711,10.474],[123.386,9.967],[123.404,9.889],[123.327,9.578],[123.329,9.436]]]},"properties":{"name":null,"name_en":null,"name_zh":null,"featurecla":"generic","scalerank":9,"min_label":7.8,"max_label":10,"label":null,"wikidataid":null}},{"type":"Feature","geometry":{"type":"Polygon","coordinates":[[[123.145,12.984],[123.044,13.113],[122.955,13.091],[122.66,13.241],[122.668,13.395],[122.596,13.562],[122.508,13.657],[122.468,13.887],[122.486,13.93],[122.595,13.908],[122.782,13.737],[122.864,13.617],[123.192,13.403],[123.295,13.215],[123.317,13.043],[123.145,12.984]]]},"properties":{"name":"Ragay Gulf","name_en":"Ragay Gulf","name_zh":"拉盖湾","featurecla":"gulf","scalerank":9,"min_label":7.8,"max_label":10,"label":null,"wikidataid":null}},{"type":"Feature","geometry":{"type":"Polygon","coordinates":[[[124.101,12.688],[124.3,12.568],[124.326,12.404],[124.446,12.153],[124.529,12.079],[124.677,12.021],[124.885,11.776],[124.995,11.765],[124.979,11.639],[124.917,11.559],[124.945,11.479],[125.034,11.341],[125.156,11.267],[125.248,11.144],[125.044,11.125],[125.027,11.212],[124.93,11.373],[124.821,11.401],[124.724,11.322],[124.644,11.308],[124.374,11.515],[124.33,11.535],[124.321,11.514],[124.047,11.741],[124.041,11.967],[123.908,12.169],[123.717,12.287],[123.559,12.445],[123.242,12.581],[123.375,12.688],[123.282,12.854],[123.145,12.984],[123.317,13.043],[123.402,13.033],[123.627,12.912],[123.736,12.897],[123.918,12.94],[123.948,12.916],[123.878,12.689],[123.962,12.595],[124.06,12.567],[124.101,12.688]],[[124.511,11.687],[124.361,11.666],[124.483,11.486],[124.608,11.492],[124.622,11.55],[124.511,11.687]]]},"properties":{"name":"Samar Sea","name_en":"Samar Sea","name_zh":"萨马海","featurecla":"sea","scalerank":8,"min_label":7.7,"max_label":10,"label":"Samar Sea","wikidataid":"Q392623"}},{"type":"Feature","geometry":{"type":"Polygon","coordinates":[[[120.934,13.497],[120.974,13.76],[121.204,13.64],[121.344,13.649],[121.446,13.712],[121.451,13.791],[121.501,13.842],[121.743,13.946],[122.072,13.789],[122.302,13.576],[122.112,13.448],[121.996,13.547],[121.866,13.566],[121.815,13.424],[121.843,13.314],[121.536,13.095],[121.203,13.432],[121.123,13.381],[120.934,13.497]]]},"properties":{"name":"Tayabas Bay","name_en":"Tayabas Bay","name_zh":"塔亚巴斯湾","featurecla":"bay","scalerank":8,"min_label":7.7,"max_label":10,"label":"Tayabas Bay","wikidataid":"Q999060"}},{"type":"Feature","geometry":{"type":"Polygon","coordinates":[[[125.712,11.077],[125.661,10.607],[125.515,10.603],[125.366,10.54],[125.24,10.384],[125.164,10.637],[125.013,10.786],[125.044,11.125],[125.628,11.132],[125.712,11.077]]]},"properties":{"name":"Leyte Gulf","name_en":"Leyte Gulf","name_zh":"萊特灣","featurecla":"gulf","scalerank":9,"min_label":7.8,"max_label":10,"label":"Leyte Gulf","wikidataid":"Q240753"}},{"type":"Feature","geometry":{"type":"Polygon","coordinates":[[[122.648,10.723],[122.62,10.762],[122.77,10.824],[122.803,10.99],[123.017,11.117],[123.075,11.197],[123.156,11.443],[123.158,11.535],[123.116,11.54],[123.164,11.931],[123.419,12.194],[123.474,12.217],[123.531,12.197],[123.612,12.09],[123.736,12.003],[123.725,11.952],[123.848,11.914],[123.983,11.819],[124.321,11.514],[124.459,10.919],[124.289,10.601],[124.334,10.607],[124.023,10.471],[124.051,10.586],[124.027,10.768],[124.053,10.926],[124.039,11.273],[123.967,11.187],[123.93,10.964],[123.819,10.711],[123.567,10.782],[123.511,10.923],[123.257,10.994],[122.983,10.887],[122.958,10.698],[122.817,10.504],[122.699,10.546],[122.729,10.706],[122.701,10.741],[122.648,10.723]]]},"properties":{"name":"Visayan Sea","name_en":"Visayan Sea","name_zh":"米沙鄢海","featurecla":"sea","scalerank":8,"min_label":7.7,"max_label":10,"label":"Visayan Sea","wikidataid":"Q474708"}},{"type":"Feature","geometry":{"type":"Polygon","coordinates":[[[118.963,-9.531],[118.507,-8.854],[118.479,-8.86],[118.728,-8.805],[118.832,-8.833],[118.746,-8.735],[118.821,-8.712],[118.903,-8.703],[119.007,-8.75],[119.079,-8.731],[119.125,-8.676],[119.912,-8.86],[120.121,-8.777],[120.319,-8.82],[120.551,-8.802],[121.035,-8.935],[121.191,-8.895],[121.329,-8.917],[121.415,-8.815],[121.585,-8.821],[121.651,-8.899],[121.839,-8.86],[122.094,-8.744],[122.47,-8.725],[122.783,-8.612],[122.847,-8.562],[122.811,-8.481],[123.006,-8.329],[123.032,-8.338],[123.025,-8.396],[123.297,-8.398],[123.325,-8.439],[123.23,-8.531],[123.33,-8.535],[123.411,-8.587],[123.489,-8.532],[123.553,-8.567],[123.629,-8.423],[123.698,-8.424],[123.784,-8.299],[123.925,-8.272],[123.972,-8.354],[123.928,-8.449],[124.017,-8.444],[124.066,-8.552],[124.184,-8.499],[124.226,-8.391],[124.287,-8.33],[124.444,-8.444],[125.121,-8.335],[125.09,-8.751],[125.027,-8.859],[124.575,-9.156],[124.198,-9.256],[123.877,-9.453],[123.709,-9.615],[123.589,-9.967],[123.599,-10.015],[123.717,-10.078],[123.614,-10.215],[123.605,-10.27],[123.669,-10.319],[123.384,-10.569],[123.358,-10.473],[123.265,-10.518],[123.062,-10.699],[122.846,-10.762],[122.822,-10.856],[121.329,-10.795],[120.653,-10.223],[120.804,-10.109],[120.833,-10.038],[120.785,-9.957],[120.7,-9.903],[120.504,-9.674],[120.444,-9.646],[120.291,-9.648],[120.221,-9.506],[120.057,-9.42],[119.942,-9.302],[119.795,-9.38],[119.615,-9.352],[119.185,-9.384],[119.031,-9.44],[118.963,-9.531]]]},"properties":{"name":"Savu Sea","name_en":"Savu Sea","name_zh":"萨武海","featurecla":"sea","scalerank":7,"min_label":7.6,"max_label":10,"label":"Savu Sea","wikidataid":"Q193465"}},{"type":"Feature","geometry":{"type":"Polygon","coordinates":[[[-132.524,53.145],[-132.523,53.195],[-132.347,53.189],[-132.011,53.265],[-131.958,53.309],[-131.889,53.714],[-131.686,54.023],[-131.668,54.141],[-132.02,54.731],[-131.981,54.805],[-131.983,55.213],[-131.821,55.265],[-131.762,55.166],[-131.641,55.299],[-131.522,55.341],[-131.448,55.409],[-131.422,55.368],[-131.451,55.316],[-131.421,55.276],[-131.316,55.268],[-131.262,55.22],[-131.188,55.206],[-131.14,55.234],[-131.046,55.179],[-130.85,54.807],[-130.616,54.791],[-130.522,54.754],[-130.43,54.421],[-130.397,54.352],[-130.29,54.27],[-130.084,54.181],[-129.899,54.226],[-129.626,54.23],[-129.791,54.166],[-130.043,54.134],[-130.086,53.976],[-130.233,53.868],[-130.335,53.724],[-130.263,53.654],[-130.074,53.576],[-129.912,53.551],[-129.822,53.413],[-129.676,53.326],[-129.768,53.259],[-129.945,53.436],[-130.452,53.631],[-130.518,53.544],[-129.892,53.169],[-131.134,52.268],[-131.143,52.291],[-131.32,52.303],[-131.26,52.416],[-131.43,52.422],[-131.59,52.578],[-131.573,52.624],[-131.455,52.702],[-131.727,52.756],[-131.972,52.88],[-131.88,52.915],[-131.795,52.885],[-131.635,52.922],[-131.622,53.02],[-131.652,53.103],[-131.754,53.196],[-131.893,53.232],[-132.154,53.161],[-132.524,53.145]],[[-130.664,53.848],[-130.625,53.941],[-130.384,53.844],[-130.236,53.959],[-130.316,54.047],[-130.448,54.089],[-130.696,53.951],[-130.703,53.892],[-130.664,53.848]],[[-131.513,55.263],[-131.578,55.249],[-131.556,55.138],[-131.595,55.091],[-131.592,55.025],[-131.482,55.036],[-131.431,54.996],[-131.446,54.91],[-131.406,54.894],[-131.232,54.904],[-131.405,55.213],[-131.513,55.263]]]},"properties":{"name":"Hecate Strait","name_en":"Hecate Strait","name_zh":"赫卡特海峡","featurecla":"strait","scalerank":7,"min_label":7.6,"max_label":10,"label":"Hecate Strait","wikidataid":"Q1592911"}},{"type":"Feature","geometry":{"type":"Polygon","coordinates":[[[-133.312,55.546],[-133.283,55.604],[-133.09,55.613],[-133.033,55.59],[-133.083,55.504],[-132.959,55.395],[-133.103,55.36],[-133.119,55.328],[-132.913,55.188],[-132.782,55.049],[-132.704,55.03],[-132.683,55.074],[-132.702,55.131],[-132.622,55.136],[-132.594,54.996],[-132.549,54.952],[-132.341,54.907],[-132.168,54.716],[-132.706,54.68],[-132.647,54.756],[-132.617,54.893],[-132.773,54.926],[-132.838,54.881],[-132.982,55.033],[-132.996,55.111],[-133.097,55.214],[-133.296,55.325],[-133.429,55.304],[-133.445,55.276],[-133.527,55.334],[-133.427,55.431],[-133.282,55.498],[-133.312,55.546]]]},"properties":{"name":"Cordova Bay","name_en":"Cordova Bay","name_zh":"科尔多瓦湾","featurecla":"bay","scalerank":8,"min_label":7.7,"max_label":10,"label":"Cordova Bay","wikidataid":"Q5170043"}},{"type":"Feature","geometry":{"type":"Polygon","coordinates":[[[-130.424,54.432],[-130.522,54.754],[-130.349,54.814],[-130.204,54.947],[-130.218,55.06],[-130.037,55.298],[-130.146,55.655],[-130.112,55.78],[-130.025,55.888],[-130.094,55.695],[-130.08,55.563],[-129.985,55.359],[-129.996,55.264],[-130.092,55.108],[-130.048,55.057],[-129.838,55.319],[-129.795,55.559],[-129.701,55.439],[-129.561,55.463],[-129.89,55.165],[-130.219,54.73],[-130.351,54.656],[-130.424,54.432]]]},"properties":{"name":null,"name_en":null,"name_zh":null,"featurecla":"generic","scalerank":8,"min_label":7.7,"max_label":10,"label":null,"wikidataid":null}},{"type":"Feature","geometry":{"type":"Polygon","coordinates":[[[-72.443,77.446],[-72.653,78.108],[-72.065,77.937],[-71.65,77.9],[-71.272,77.813],[-70.729,77.793],[-70.412,77.843],[-70.114,77.842],[-70.082,77.831],[-70.562,77.717],[-70.127,77.638],[-70.118,77.583],[-69.977,77.548],[-69.351,77.467],[-68.975,77.493],[-68.622,77.602],[-68.137,77.53],[-67.688,77.524],[-66.824,77.686],[-66.445,77.616],[-66.307,77.565],[-66.266,77.516],[-66.453,77.393],[-66.448,77.35],[-66.371,77.298],[-66.39,77.28],[-66.938,77.364],[-68.135,77.38],[-68.591,77.343],[-68.748,77.307],[-68.978,77.195],[-69.657,77.229],[-70.604,77.194],[-71.009,77.137],[-71.602,77.334],[-71.467,77.354],[-71.434,77.394],[-72.089,77.467],[-72.443,77.446]]]},"properties":{"name":"Murchison Sound","name_en":"Murchison Sound","name_zh":"默奇森湾","featurecla":"sound","scalerank":7,"min_label":7.6,"max_label":10,"label":null,"wikidataid":null}},{"type":"Feature","geometry":{"type":"Polygon","coordinates":[[[-61.217,82.332],[-57.346,82.208],[-58.717,82.093],[-59.262,82.007],[-59.268,81.982],[-58.817,81.92],[-57.853,81.662],[-56.86,81.46],[-56.615,81.363],[-56.862,81.383],[-57.505,81.54],[-58.08,81.622],[-59.282,81.884],[-59.902,81.933],[-60.432,81.92],[-60.843,81.855],[-61.203,81.747],[-61.229,81.705],[-62.264,82.034],[-61.274,82.28],[-61.217,82.332]]]},"properties":{"name":"Robeson Channel","name_en":"Robeson Channel","name_zh":"罗伯逊海峡","featurecla":"channel","scalerank":8,"min_label":7.7,"max_label":10,"label":"Robeson Channel","wikidataid":"Q1152327"}},{"type":"Feature","geometry":{"type":"Polygon","coordinates":[[[-67.193,80.275],[-67.751,80.864],[-66.727,81.041],[-65.008,81.397],[-64.096,81.038],[-64.694,80.966],[-65.062,80.836],[-65.645,80.685],[-66.61,80.53],[-66.996,80.413],[-67.193,80.275]]]},"properties":{"name":"Kennedy Channel","name_en":"Kennedy Channel","name_zh":"肯尼迪海峡","featurecla":"channel","scalerank":7,"min_label":7.6,"max_label":10,"label":"Kennedy Channel","wikidataid":"Q908591"}},{"type":"Feature","geometry":{"type":"Polygon","coordinates":[[[-50.038,0.561],[-49.835,0.293],[-49.879,0.304],[-50.128,0.227],[-50.273,0.232],[-50.345,0.134],[-50.339,0.043],[-50.314,0.037],[-50.44,0.023],[-50.426,0.139],[-50.332,0.259],[-50.348,0.504],[-50.282,0.516],[-50.261,0.359],[-50.153,0.393],[-50.04,0.523],[-50.038,0.561]]]},"properties":{"name":null,"name_en":null,"name_zh":null,"featurecla":"generic","scalerank":9,"min_label":7.8,"max_label":10,"label":null,"wikidataid":null}},{"type":"Feature","geometry":{"type":"Polygon","coordinates":[[[-49.699,0.213],[-49.507,0.083],[-49.712,0.015],[-49.825,-0.087],[-49.964,-0.043],[-49.839,0.007],[-49.699,0.213]]]},"properties":{"name":"Canal Perigoso","name_en":"Canal Perigoso","name_zh":"佩里戈索海峡","featurecla":"channel","scalerank":9,"min_label":7.8,"max_label":10,"label":null,"wikidataid":null}},{"type":"Feature","geometry":{"type":"Polygon","coordinates":[[[-49.41,-0.082],[-49.326,-0.174],[-49.535,-0.234],[-50.248,-0.116],[-50.462,-0.158],[-50.645,-0.273],[-50.693,-0.365],[-50.71,-0.496],[-50.942,-0.344],[-50.967,-0.299],[-50.926,-0.328],[-50.653,-0.132],[-50.667,-0.058],[-50.697,-0.053],[-50.599,0.022],[-50.444,-0.008],[-50.44,0.023],[-50.113,0.033],[-49.709,-0.144],[-49.444,-0.112],[-49.41,-0.082]]]},"properties":{"name":"Canal do Sul","name_en":"Canal do Sul","name_zh":"南海海峽","featurecla":"channel","scalerank":8,"min_label":7.7,"max_label":10,"label":null,"wikidataid":null}},{"type":"Feature","geometry":{"type":"Polygon","coordinates":[[[-50.243,0.877],[-50.084,0.63],[-50.251,0.585],[-50.282,0.516],[-50.348,0.504],[-50.373,0.591],[-50.425,0.558],[-50.452,0.327],[-50.61,0.205],[-50.624,0.055],[-50.529,0.022],[-50.599,0.022],[-50.697,-0.053],[-50.842,-0.05],[-50.995,-0.105],[-51.036,-0.23],[-51.333,-0.246],[-51.283,-0.085],[-51.102,-0.031],[-50.967,0.13],[-50.816,0.173],[-50.755,0.223],[-50.581,0.421],[-50.463,0.637],[-50.243,0.877]]]},"properties":{"name":"Canal do Norte","name_en":"Canal do Norte","name_zh":"北海海峽","featurecla":"channel","scalerank":9,"min_label":7.8,"max_label":10,"label":null,"wikidataid":null}},{"type":"Feature","geometry":{"type":"Polygon","coordinates":[[[12.886,55.411],[12.409,55.302],[12.385,55.386],[12.275,55.414],[12.215,55.467],[12.243,55.538],[12.321,55.588],[12.507,55.637],[12.571,55.685],[12.525,55.919],[12.609,56.033],[12.587,56.056],[12.643,56.084],[12.974,55.748],[12.94,55.482],[12.886,55.411]]]},"properties":{"name":"Øresund","name_en":"Øresund","name_zh":"厄勒海峡","featurecla":"sound","scalerank":7,"min_label":7.6,"max_label":10,"label":"Øresund","wikidataid":"Q104662"}},{"type":"Feature","geometry":{"type":"Polygon","coordinates":[[[10.899,56.37],[11.465,55.92],[11.463,55.88],[11.322,55.753],[10.979,55.721],[11.009,55.645],[11.121,55.601],[11.128,55.535],[11.19,55.466],[11.171,55.329],[11.286,55.204],[11.654,55.187],[11.741,54.915],[11.859,54.776],[11.76,54.746],[11.74,54.807],[11.538,54.83],[11.259,54.952],[11.059,54.941],[11.035,54.773],[11.353,54.665],[11.194,54.51],[11.234,54.501],[11.283,54.418],[11.11,54.429],[11.029,54.349],[11.013,54.379],[10.956,54.376],[10.732,54.316],[10.361,54.438],[10.213,54.409],[10.144,54.488],[9.869,54.472],[10.029,54.581],[10.022,54.674],[9.892,54.78],[9.746,54.807],[9.705,54.928],[9.733,54.968],[9.688,55.0],[9.572,55.04],[9.454,55.04],[9.505,55.116],[9.643,55.205],[9.671,55.266],[9.591,55.493],[10.024,55.762],[9.904,55.843],[10.017,55.876],[10.183,55.865],[10.319,56.213],[10.374,56.252],[10.427,56.276],[10.539,56.2],[10.621,56.202],[10.857,56.295],[10.899,56.37]],[[10.857,55.052],[10.622,54.851],[10.69,54.745],[10.734,54.751],[10.766,54.799],[10.951,55.156],[10.925,55.158],[10.857,55.052]],[[10.623,55.613],[10.505,55.558],[10.286,55.611],[9.861,55.515],[9.859,55.357],[9.989,55.163],[10.443,55.049],[10.624,55.052],[10.785,55.133],[10.808,55.203],[10.785,55.27],[10.819,55.322],[10.687,55.558],[10.623,55.613]],[[10.061,54.886],[9.999,54.986],[9.771,55.06],[9.806,54.906],[9.957,54.873],[10.061,54.886]]]},"properties":{"name":null,"name_en":null,"name_zh":null,"featurecla":"generic","scalerank":7,"min_label":7.6,"max_label":10,"label":null,"wikidataid":null}},{"type":"Feature","geometry":{"type":"Polygon","coordinates":[[[12.056,54.846],[12.464,54.399],[12.111,54.168],[11.796,54.145],[11.399,53.944],[11.104,54.009],[10.918,53.995],[10.854,54.01],[10.81,54.075],[11.008,54.181],[11.064,54.28],[11.029,54.349],[11.11,54.429],[11.283,54.418],[11.234,54.501],[11.194,54.51],[11.353,54.665],[11.458,54.629],[11.68,54.653],[11.766,54.679],[11.76,54.746],[12.05,54.815],[12.056,54.846]]]},"properties":{"name":"Mecklenburger Bucht","name_en":"Bay of Mecklenburg","name_zh":"梅克伦堡湾","featurecla":"bay","scalerank":7,"min_label":7.6,"max_label":10,"label":"Mecklenburger Bucht","wikidataid":"Q317006"}},{"type":"Feature","geometry":{"type":"Polygon","coordinates":[[[-67.593,35.027],[-53.864,35.029],[-51.487,34.615],[-50.417,33.792],[-50.026,32.341],[-50.026,23.5],[-50.17,22.837],[-50.664,21.272],[-51.817,20.366],[-53.893,20.036],[-57.658,20.036],[-61.575,20.471],[-66.446,21.893],[-67.879,22.59],[-69.773,24.155],[-70.058,25.137],[-70.058,31.482],[-69.608,33.792],[-68.785,34.78],[-67.593,35.027]]]},"properties":{"name":"Sargasso Sea","name_en":"Sargasso Sea","name_zh":"马尾藻海","featurecla":"sea","scalerank":2,"min_label":4,"max_label":8.5,"label":"Sargasso Sea","wikidataid":"Q169274"}},{"type":"Feature","geometry":{"type":"Polygon","coordinates":[[[-122.514,37.772],[-122.522,37.827],[-122.467,37.838],[-122.495,37.953],[-122.484,38.109],[-122.393,38.145],[-122.154,38.066],[-122.032,38.123],[-121.881,38.075],[-121.626,38.084],[-121.525,38.056],[-122.217,38.041],[-122.386,37.96],[-122.071,37.478],[-122.166,37.502],[-122.37,37.656],[-122.384,37.788],[-122.514,37.772]]]},"properties":{"name":"San Francisco Bay","name_en":"San Francisco Bay","name_zh":"旧金山湾","featurecla":"bay","scalerank":7,"min_label":7.6,"max_label":10,"label":"San Francisco Bay","wikidataid":"Q232264"}},{"type":"Feature","geometry":{"type":"Polygon","coordinates":[[[-121.919,36.572],[-122.165,36.99],[-122.165,36.991],[-121.881,36.939],[-121.808,36.851],[-121.79,36.732],[-121.919,36.572]]]},"properties":{"name":"Monterey Bay","name_en":"Monterey Bay","name_zh":"蒙特利湾","featurecla":"bay","scalerank":7,"min_label":7.6,"max_label":10,"label":"Monterey Bay","wikidataid":"Q584588"}},{"type":"Feature","geometry":{"type":"Polygon","coordinates":[[[121.855,31.703],[121.949,31.456],[121.869,30.947],[121.786,31.163],[121.661,31.32],[121.351,31.485],[121.205,31.628],[121.055,31.719],[120.788,31.82],[120.716,31.984],[120.497,32.02],[120.191,31.906],[120.036,31.936],[120.099,31.976],[120.184,31.966],[120.52,32.106],[120.792,32.032],[120.973,31.869],[121.146,31.842],[121.352,31.859],[121.681,31.712],[121.855,31.703]],[[121.464,31.756],[121.211,31.806],[121.336,31.644],[121.78,31.464],[121.862,31.492],[121.808,31.552],[121.577,31.637],[121.492,31.693],[121.464,31.756]]]},"properties":{"name":"Yangtze River","name_en":"Yangtze","name_zh":"长江","featurecla":"river","scalerank":4,"min_label":5.7,"max_label":10,"label":null,"wikidataid":"Q5413"}},{"type":"Feature","geometry":{"type":"MultiPolygon","coordinates":[[[[-123.912,46.182],[-124.072,46.279],[-123.96,46.301],[-123.896,46.268],[-123.688,46.3],[-123.65,46.268],[-123.465,46.271],[-123.221,46.153],[-123.402,46.155],[-123.522,46.223],[-123.674,46.183],[-123.912,46.182]]],[[[-124.072,46.279],[-124.073,46.28],[-124.072,46.28],[-124.072,46.279]]]]},"properties":{"name":"Columbia River","name_en":"Columbia River","name_zh":"哥倫比亞河","featurecla":"river","scalerank":4,"min_label":5.7,"max_label":10,"label":"Columbia River","wikidataid":"Q2251"}},{"type":"Feature","geometry":{"type":"Polygon","coordinates":[[[-124.71,48.38],[-124.765,48.621],[-123.917,48.387],[-123.573,48.323],[-123.446,48.427],[-123.334,48.407],[-123.284,48.455],[-123.415,48.698],[-123.458,48.674],[-123.497,48.582],[-123.626,48.824],[-123.752,48.951],[-123.82,49.083],[-123.996,49.224],[-124.643,49.428],[-124.831,49.53],[-124.931,49.643],[-124.904,49.686],[-124.935,49.732],[-125.235,50.015],[-125.074,50.221],[-125.125,50.318],[-125.046,50.374],[-124.933,50.298],[-124.934,50.258],[-124.784,50.073],[-124.782,50.02],[-124.413,49.778],[-124.142,49.793],[-123.985,49.876],[-123.958,49.993],[-123.866,50.072],[-123.863,50.103],[-123.946,50.184],[-123.825,50.144],[-123.785,50.088],[-123.904,49.981],[-123.904,49.796],[-123.875,49.737],[-123.762,49.659],[-123.583,49.681],[-123.739,49.594],[-123.817,49.587],[-123.923,49.717],[-123.993,49.736],[-124.054,49.662],[-124.029,49.603],[-123.892,49.495],[-123.508,49.403],[-123.437,49.451],[-123.335,49.459],[-123.325,49.578],[-123.188,49.68],[-123.277,49.344],[-123.016,49.322],[-122.879,49.399],[-122.948,49.294],[-123.23,49.261],[-123.191,49.219],[-123.182,49.129],[-123.08,49.131],[-123.118,49.056],[-123.077,48.98],[-123.003,49.061],[-122.924,49.074],[-122.789,48.993],[-122.653,48.764],[-122.545,48.762],[-122.497,48.506],[-122.658,48.49],[-122.662,48.446],[-122.542,48.411],[-122.408,48.294],[-122.404,48.269],[-122.52,48.229],[-122.494,48.13],[-122.395,48.084],[-122.416,48.184],[-122.242,48.011],[-122.402,47.784],[-122.383,47.717],[-122.41,47.653],[-122.369,47.604],[-122.354,47.372],[-122.42,47.312],[-122.542,47.276],[-122.604,47.167],[-122.702,47.111],[-122.812,47.146],[-123.027,47.139],[-122.919,47.29],[-122.828,47.337],[-122.768,47.218],[-122.708,47.317],[-122.649,47.282],[-122.578,47.293],[-122.558,47.463],[-122.676,47.612],[-122.614,47.616],[-122.63,47.693],[-122.524,47.77],[-122.511,47.816],[-122.533,47.92],[-122.586,47.928],[-122.588,47.856],[-122.757,47.701],[-122.982,47.559],[-123.06,47.454],[-123.067,47.4],[-122.922,47.408],[-123.031,47.36],[-123.136,47.356],[-123.131,47.438],[-123.051,47.552],[-122.822,47.793],[-122.802,47.735],[-122.779,47.738],[-122.656,47.881],[-122.779,48.138],[-122.974,48.073],[-123.162,48.155],[-123.295,48.119],[-123.976,48.169],[-124.71,48.38]],[[-122.624,48.384],[-122.742,48.225],[-122.623,48.152],[-122.558,47.992],[-122.383,47.923],[-122.366,47.985],[-122.503,48.08],[-122.524,48.026],[-122.598,48.2],[-122.697,48.229],[-122.543,48.294],[-122.536,48.321],[-122.624,48.384]],[[-124.309,49.667],[-124.547,49.765],[-124.65,49.758],[-124.363,49.588],[-124.14,49.51],[-124.309,49.667]]]},"properties":{"name":"Salish Sea","name_en":"Salish Sea","name_zh":"薩利希海","featurecla":"sea","scalerank":6,"min_label":6,"max_label":10,"label":"Salish Sea","wikidataid":"Q2097617"}},{"type":"Feature","geometry":{"type":"MultiPolygon","coordinates":[[[[180.0,62.653],[179.528,62.653],[179.57,62.687],[179.57,62.774],[179.511,62.863],[179.381,62.884],[179.26,63.008],[179.405,63.078],[179.389,63.147],[178.921,63.345],[178.918,63.4],[178.793,63.54],[178.786,63.442],[178.744,63.395],[178.679,63.402],[178.707,63.522],[178.654,63.557],[178.466,63.574],[178.44,63.605],[178.731,63.667],[178.651,63.965],[178.452,64.011],[178.477,64.128],[178.382,64.261],[178.229,64.364],[178.13,64.235],[178.045,64.22],[177.687,64.305],[177.433,64.445],[177.41,64.573],[177.467,64.737],[177.428,64.763],[177.05,64.719],[176.843,64.634],[176.731,64.625],[176.507,64.682],[176.141,64.586],[176.351,64.705],[176.247,64.843],[176.056,64.905],[175.678,64.782],[174.549,64.684],[175.098,64.777],[175.397,64.784],[175.781,64.844],[176.061,64.961],[176.43,64.855],[176.831,64.849],[177.069,64.786],[177.223,64.862],[177.037,65.0],[176.341,65.047],[176.413,65.071],[176.625,65.038],[176.881,65.082],[177.179,65.014],[177.582,64.778],[177.749,64.717],[178.285,64.672],[178.52,64.603],[178.699,64.631],[179.15,64.782],[179.448,64.822],[179.827,65.034],[180.0,65.067],[180.0,62.653]]],[[[-173.695,64.36],[-173.699,64.329],[-180.0,61.654],[-180.0,65.068],[-179.705,65.187],[-179.352,65.517],[-179.345,65.575],[-179.366,65.638],[-179.728,65.804],[-179.79,65.901],[-179.784,66.018],[-179.683,66.184],[-179.616,66.128],[-179.327,66.163],[-179.34,66.288],[-179.193,66.313],[-179.143,66.375],[-179.107,66.346],[-179.105,66.232],[-178.868,66.187],[-178.526,66.401],[-178.587,66.198],[-178.694,66.124],[-178.747,66.014],[-178.939,66.033],[-178.791,65.865],[-178.502,65.741],[-178.526,65.593],[-178.505,65.537],[-178.413,65.496],[-177.489,65.503],[-177.056,65.614],[-176.093,65.471],[-175.923,65.353],[-175.856,65.233],[-175.83,65.106],[-175.854,65.011],[-175.442,64.817],[-175.256,64.794],[-175.036,64.813],[-174.57,64.718],[-174.318,64.638],[-174.001,64.449],[-173.695,64.36]]]]},"properties":{"name":"Gulf of Anadyr'","name_en":"Gulf of Anadyr","name_zh":"阿納德爾灣","featurecla":"gulf","scalerank":6,"min_label":5.7,"max_label":10,"label":"Gulf of Anadyr'","wikidataid":"Q483824"}},{"type":"Feature","geometry":{"type":"Polygon","coordinates":[[[11.127,36.874],[11.054,37.072],[10.951,37.059],[10.766,36.93],[10.571,36.879],[10.518,36.791],[10.413,36.732],[10.294,36.781],[10.334,36.866],[10.189,37.034],[10.197,37.206],[10.087,37.251],[9.875,37.254],[9.897,37.181],[9.83,37.135],[9.784,37.212],[9.838,37.309],[9.688,37.34],[9.142,37.195],[8.823,36.998],[8.576,36.937],[8.127,36.91],[7.911,36.857],[7.792,36.88],[7.608,37.0],[7.432,37.059],[7.204,37.093],[7.239,36.969],[6.927,36.919],[6.576,37.003],[6.487,37.086],[6.328,37.046],[6.249,36.939],[6.065,36.864],[5.726,36.799],[5.296,36.648],[4.758,36.896],[3.779,36.896],[3.521,36.795],[2.973,36.785],[2.594,36.601],[2.343,36.61],[1.257,36.519],[0.972,36.444],[0.312,36.162],[0.151,36.063],[0.048,35.9],[-0.048,35.833],[-0.189,35.819],[-0.426,35.862],[-0.917,35.669],[-1.25,35.452],[-2.091,36.796],[-1.939,36.946],[-1.797,37.233],[-1.641,37.387],[-1.328,37.561],[-0.822,37.581],[-0.722,37.631],[-0.823,37.712],[-0.815,37.77],[-0.683,37.992],[-0.647,38.152],[-0.551,38.203],[-0.521,38.317],[-0.381,38.436],[-0.053,38.586],[0.202,38.759],[0.228,38.74],[1.563,38.66],[1.406,38.671],[1.436,38.768],[1.497,38.712],[1.593,38.702],[1.58,38.659],[3.184,39.317],[4.282,39.816],[4.315,39.917],[4.226,40.033],[4.128,40.057],[3.263,41.962],[5.406,43.23],[5.672,43.178],[5.809,43.098],[6.031,43.101],[6.116,43.072],[6.57,43.199],[6.657,43.262],[6.717,43.374],[7.261,43.696],[7.822,43.827],[9.384,43.021],[9.331,42.944],[9.338,42.767],[9.313,42.713],[9.288,42.695],[9.138,42.733],[9.044,42.661],[8.815,42.608],[8.713,42.55],[8.566,42.358],[8.626,42.343],[8.675,42.284],[8.566,42.219],[8.588,42.161],[8.701,42.096],[8.702,42.043],[8.615,41.959],[8.622,41.931],[8.74,41.925],[8.759,41.87],[8.718,41.761],[8.887,41.701],[8.808,41.588],[8.895,41.516],[9.187,41.387],[9.202,41.249],[9.163,41.185],[8.998,41.11],[8.821,40.95],[8.572,40.85],[8.363,40.846],[8.224,40.913],[8.181,40.771],[8.19,40.652],[8.353,40.5],[8.409,40.352],[8.471,40.293],[8.471,40.131],[8.409,40.038],[8.408,39.917],[8.496,39.898],[8.548,39.839],[8.54,39.731],[8.471,39.748],[8.451,39.721],[8.447,39.563],[8.399,39.482],[8.418,39.205],[8.595,38.964],[8.648,38.927],[8.902,38.926],[12.453,37.73],[12.475,37.744],[12.527,37.669],[12.64,37.594],[12.924,37.57],[13.17,37.479],[13.361,37.349],[13.801,37.136],[13.906,37.1],[14.143,37.104],[14.368,36.973],[14.502,36.799],[14.776,36.71],[14.89,36.724],[15.113,36.688],[15.112,36.634],[22.489,36.447],[22.489,36.568],[22.608,36.78],[22.78,36.786],[22.832,36.687],[22.983,36.528],[23.086,36.468],[23.009,36.319],[23.097,36.246],[23.027,36.151],[23.222,35.789],[23.578,35.541],[23.548,35.416],[23.593,35.257],[23.638,35.235],[23.884,35.246],[24.463,35.161],[24.709,35.089],[24.745,34.95],[24.8,34.935],[25.83,35.025],[26.165,35.019],[26.244,35.045],[26.319,35.313],[27.107,35.447],[27.116,35.511],[27.071,35.598],[27.156,35.726],[27.158,35.789],[27.223,35.82],[27.17,35.612],[27.738,35.923],[27.843,35.929],[27.966,36.047],[28.088,36.065],[28.068,36.129],[28.144,36.21],[28.23,36.37],[28.232,36.434],[28.136,36.415],[28.085,36.643],[28.196,36.686],[28.304,36.812],[28.484,36.804],[28.817,36.676],[28.896,36.673],[28.969,36.715],[29.038,36.694],[29.143,36.397],[29.224,36.325],[29.689,36.156],[30.231,36.307],[30.388,36.243],[30.446,36.27],[30.558,36.526],[30.582,36.797],[30.644,36.866],[31.241,36.822],[32.022,36.535],[32.378,36.183],[32.534,36.101],[32.795,36.036],[32.93,36.096],[33.695,36.182],[33.955,36.295],[34.3,36.604],[34.703,36.817],[35.393,36.575],[35.537,36.597],[35.626,36.653],[35.661,36.724],[36.049,36.91],[36.18,36.807],[36.188,36.659],[35.883,36.406],[35.811,36.31],[35.957,35.998],[35.84,35.849],[35.764,35.572],[35.902,35.421],[35.943,35.224],[35.89,35.061],[35.888,34.949],[35.978,34.547],[35.804,34.437],[35.648,34.248],[35.612,34.032],[35.109,33.084],[34.679,31.896],[34.484,31.592],[34.176,31.304],[33.903,31.181],[33.666,31.13],[33.378,31.131],[33.194,31.084],[33.13,31.168],[32.603,31.068],[32.324,31.256],[32.216,31.294],[32.282,31.201],[32.206,31.119],[32.101,31.093],[32.008,31.22],[31.771,31.292],[31.876,31.414],[31.893,31.482],[32.076,31.345],[32.136,31.341],[31.889,31.542],[31.607,31.456],[31.524,31.458],[31.083,31.603],[31.052,31.591],[31.002,31.463],[30.7,31.404],[30.563,31.417],[30.884,31.523],[30.924,31.567],[30.571,31.473],[30.395,31.457],[30.222,31.258],[30.049,31.265],[29.93,31.227],[29.429,30.928],[29.072,30.83],[28.515,31.05],[27.968,31.098],[27.83,31.195],[27.54,31.212],[27.248,31.378],[26.769,31.47],[25.893,31.621],[25.382,31.513],[25.226,31.534],[25.025,31.883],[24.951,31.954],[24.684,32.016],[24.13,32.009],[23.798,32.159],[23.286,32.214],[23.106,32.332],[23.129,32.448],[23.091,32.619],[22.188,32.918],[21.839,32.909],[21.636,32.937],[21.425,32.799],[21.063,32.776],[20.621,32.58],[20.37,32.431],[20.122,32.219],[19.988,32.027],[15.359,32.149],[15.267,32.311],[15.177,32.391],[14.514,32.511],[14.237,32.681],[13.835,32.792],[13.648,32.799],[13.283,32.915],[12.754,32.801],[12.28,32.859],[11.813,33.094],[11.657,33.119],[11.401,33.225],[11.338,33.209],[11.203,33.249],[11.27,33.286],[11.258,33.309],[11.15,33.369],[11.085,33.563],[10.958,33.626],[10.898,33.534],[10.723,33.514],[10.708,33.688],[10.747,33.723],[10.883,33.69],[11.037,33.785],[10.926,33.89],[11.182,34.709],[11.124,34.682],[11.188,34.771],[11.12,35.24],[11.043,35.335],[11.004,35.634],[10.784,35.772],[10.689,35.799],[10.591,35.887],[10.506,36.033],[10.477,36.175],[10.526,36.323],[10.642,36.419],[10.798,36.493],[10.967,36.743],[11.127,36.874]],[[32.317,34.953],[32.449,34.729],[32.693,34.649],[32.867,34.661],[32.942,34.576],[33.008,34.569],[33.062,34.675],[33.415,34.751],[33.7,34.97],[34.05,34.989],[33.908,35.202],[33.942,35.292],[34.556,35.662],[34.192,35.546],[34.064,35.474],[33.607,35.354],[33.308,35.342],[32.942,35.39],[32.88,35.181],[32.773,35.159],[32.652,35.183],[32.391,35.05],[32.301,35.083],[32.317,34.953]]]},"properties":{"name":"Mediterranean Sea","name_en":"Mediterranean Sea","name_zh":"地中海","featurecla":"sea","scalerank":1,"min_label":2,"max_label":7.5,"label":"Mediterranean Sea","wikidataid":"Q4918"}},{"type":"Feature","geometry":{"type":"MultiPolygon","coordinates":[[[[170.73,-71.939],[180.0,-71.939],[180.0,-84.352],[179.403,-84.206],[175.606,-83.968],[175.323,-83.94],[175.011,-83.839],[173.822,-83.81],[173.662,-83.761],[173.397,-83.759],[172.874,-83.673],[171.917,-83.644],[171.289,-83.555],[171.22,-83.475],[171.036,-83.448],[170.817,-83.436],[170.332,-83.479],[169.838,-83.399],[168.11,-83.362],[167.658,-83.272],[167.675,-83.232],[168.24,-83.23],[168.607,-83.065],[168.092,-82.975],[167.602,-83.047],[167.297,-82.986],[167.233,-82.952],[167.271,-82.88],[167.116,-82.801],[166.446,-82.722],[164.747,-82.354],[163.269,-82.463],[163.175,-82.519],[163.012,-82.535],[162.644,-82.482],[161.283,-82.49],[161.166,-82.408],[163.68,-82.187],[163.603,-82.121],[162.854,-81.921],[162.821,-81.866],[162.577,-81.832],[161.996,-81.653],[161.582,-81.61],[160.908,-81.39],[160.47,-81.341],[160.478,-81.27],[160.717,-81.2],[160.717,-80.907],[160.276,-80.847],[160.26,-80.787],[160.83,-80.73],[160.823,-80.674],[160.601,-80.636],[160.521,-80.584],[160.637,-80.45],[160.542,-80.425],[158.573,-80.423],[158.56,-80.349],[158.768,-80.294],[160.559,-80.01],[160.558,-79.93],[160.387,-79.88],[160.111,-79.892],[159.896,-79.859],[159.872,-79.79],[160.265,-79.736],[160.346,-79.691],[160.323,-79.635],[160.084,-79.633],[159.976,-79.586],[160.209,-79.554],[160.646,-79.427],[160.67,-79.359],[160.567,-79.302],[160.483,-79.201],[160.874,-79.049],[161.191,-78.979],[161.737,-79.06],[161.952,-79.03],[161.952,-78.968],[161.813,-78.908],[161.502,-78.677],[161.51,-78.571],[161.757,-78.545],[161.974,-78.694],[162.64,-78.898],[163.902,-78.717],[164.301,-78.63],[164.635,-78.603],[166.117,-78.571],[166.525,-78.695],[167.049,-78.686],[167.131,-78.606],[167.058,-78.518],[166.801,-78.521],[166.209,-78.452],[165.663,-78.306],[165.534,-78.154],[166.324,-77.592],[166.651,-77.774],[166.729,-77.851],[167.393,-77.649],[168.519,-77.681],[169.353,-77.525],[169.276,-77.455],[169.859,-73.568],[169.961,-73.514],[169.783,-73.324],[169.711,-73.331],[169.538,-73.052],[169.712,-72.877],[169.845,-72.795],[169.829,-72.729],[168.82,-72.552],[168.429,-72.384],[168.719,-72.385],[169.073,-72.469],[169.44,-72.487],[170.048,-72.601],[170.207,-72.565],[170.286,-72.477],[170.26,-72.371],[169.954,-72.403],[170.03,-72.115],[170.224,-71.948],[170.675,-71.969],[170.73,-71.939]],[[166.626,-78.284],[166.936,-78.222],[167.377,-78.249],[167.517,-78.216],[167.643,-78.141],[167.64,-78.112],[167.594,-78.022],[167.498,-77.992],[167.138,-78.13],[166.864,-78.197],[166.111,-78.09],[166.013,-78.102],[166.051,-78.213],[166.122,-78.275],[166.285,-78.307],[166.626,-78.284]]],[[[-180.0,-71.939],[-102.128,-71.939],[-102.128,-71.986],[-114.624,-73.903],[-114.791,-73.989],[-115.105,-74.455],[-115.223,-74.488],[-116.433,-74.447],[-117.068,-74.473],[-118.342,-74.382],[-118.803,-74.422],[-119.023,-74.518],[-119.677,-74.655],[-121.544,-74.75],[-123.889,-74.773],[-124.883,-74.724],[-124.935,-74.201],[-123.938,-74.256],[-123.836,-74.226],[-123.801,-74.076],[-123.932,-74.008],[-124.129,-73.971],[-124.152,-73.944],[-124.042,-73.881],[-124.129,-73.834],[-124.54,-73.74],[-124.694,-73.749],[-124.993,-73.83],[-125.327,-73.795],[-125.674,-73.822],[-125.799,-73.802],[-125.857,-73.78],[-125.828,-73.718],[-125.276,-73.691],[-125.264,-73.666],[-125.562,-73.537],[-125.627,-73.453],[-126.065,-73.315],[-126.597,-73.279],[-127.124,-73.294],[-134.94,-74.693],[-135.362,-74.69],[-136.03,-74.765],[-136.228,-74.836],[-136.55,-75.139],[-136.65,-75.162],[-137.09,-75.153],[-137.618,-75.075],[-139.149,-75.16],[-139.691,-75.213],[-140.471,-75.447],[-141.223,-75.546],[-140.874,-75.746],[-141.134,-75.746],[-141.506,-75.69],[-142.33,-75.491],[-143.574,-75.563],[-144.721,-75.832],[-145.105,-75.879],[-145.988,-75.889],[-146.323,-76.021],[-146.383,-76.1],[-145.442,-76.409],[-145.886,-76.424],[-146.817,-76.318],[-147.86,-76.131],[-148.321,-76.105],[-158.003,-77.091],[-158.214,-77.157],[-158.247,-77.355],[-158.23,-77.497],[-158.501,-77.778],[-158.407,-77.888],[-158.286,-77.951],[-157.267,-78.2],[-155.341,-78.192],[-154.293,-78.259],[-154.717,-78.398],[-155.92,-78.51],[-156.469,-78.635],[-156.115,-78.745],[-155.21,-78.965],[-154.518,-79.046],[-153.517,-79.117],[-152.138,-79.116],[-152.053,-79.193],[-152.091,-79.242],[-151.048,-79.46],[-150.491,-79.545],[-149.051,-79.657],[-148.177,-79.776],[-148.083,-79.857],[-148.129,-79.908],[-148.434,-79.93],[-148.43,-79.971],[-148.34,-80.003],[-148.317,-80.071],[-150.221,-80.15],[-150.436,-80.211],[-150.575,-80.354],[-150.516,-80.409],[-150.133,-80.511],[-149.214,-80.604],[-149.207,-80.67],[-149.147,-80.718],[-148.543,-80.76],[-148.024,-80.836],[-148.123,-80.901],[-156.528,-81.162],[-157.033,-81.319],[-154.908,-81.51],[-154.485,-81.566],[-153.957,-81.7],[-154.188,-81.811],[-154.718,-81.941],[-153.01,-82.449],[-153.398,-82.586],[-153.822,-82.67],[-155.15,-82.858],[-155.459,-82.981],[-157.679,-83.129],[-157.589,-83.188],[-157.028,-83.234],[-157.429,-83.346],[-159.444,-83.543],[-159.924,-83.494],[-162.197,-83.519],[-162.574,-83.411],[-163.111,-83.329],[-163.734,-83.373],[-164.446,-83.468],[-164.916,-83.29],[-165.619,-83.216],[-168.418,-83.229],[-171.821,-82.847],[-173.071,-82.916],[-174.236,-82.793],[-174.066,-82.9],[-171.188,-83.256],[-169.168,-83.45],[-167.801,-83.791],[-167.553,-83.811],[-165.922,-83.79],[-165.536,-83.756],[-164.951,-83.806],[-164.083,-83.946],[-164.011,-84.016],[-164.124,-84.053],[-164.502,-84.072],[-164.685,-84.154],[-163.757,-84.306],[-163.899,-84.353],[-165.241,-84.381],[-165.135,-84.41],[-164.114,-84.445],[-163.568,-84.528],[-158.303,-84.778],[-156.986,-84.811],[-156.621,-84.84],[-156.49,-84.889],[-157.454,-84.912],[-156.988,-84.982],[-156.643,-85.079],[-156.459,-85.186],[-156.81,-85.192],[-162.933,-84.901],[-166.911,-84.819],[-167.492,-84.834],[-168.048,-84.729],[-168.668,-84.684],[-171.704,-84.542],[-174.663,-84.463],[-175.875,-84.51],[-176.289,-84.418],[-177.731,-84.395],[-178.389,-84.337],[-180.0,-84.352],[-180.0,-71.939]],[[-117.376,-74.083],[-117.398,-74.122],[-117.363,-74.161],[-117.23,-74.193],[-116.739,-74.165],[-116.514,-74.095],[-116.609,-74.068],[-116.585,-74.056],[-116.155,-73.91],[-116.381,-73.865],[-117.376,-74.083]],[[-119.821,-74.12],[-119.549,-74.11],[-119.059,-73.998],[-118.877,-73.878],[-118.959,-73.81],[-119.216,-73.777],[-119.516,-73.775],[-119.803,-73.814],[-119.661,-73.989],[-119.905,-74.082],[-119.821,-74.12]],[[-123.112,-73.682],[-123.249,-73.739],[-123.346,-73.843],[-122.991,-73.844],[-122.625,-73.965],[-122.881,-74.099],[-122.875,-74.141],[-122.765,-74.219],[-122.956,-74.24],[-122.939,-74.302],[-122.859,-74.343],[-122.287,-74.403],[-121.063,-74.337],[-121.002,-74.326],[-121.054,-74.26],[-120.99,-74.157],[-120.273,-73.989],[-120.378,-73.856],[-120.556,-73.756],[-122.436,-73.682],[-123.112,-73.682]],[[-145.541,-75.692],[-145.238,-75.711],[-145.418,-75.588],[-145.761,-75.514],[-145.895,-75.505],[-146.151,-75.573],[-145.541,-75.692]],[[-147.418,-76.073],[-147.345,-76.147],[-146.894,-76.261],[-146.69,-76.247],[-146.949,-76.098],[-147.361,-76.063],[-147.418,-76.073]],[[-155.751,-79.829],[-155.045,-79.9],[-154.941,-79.966],[-154.349,-80.026],[-153.93,-80.033],[-154.025,-79.988],[-155.674,-79.765],[-155.751,-79.829]],[[-158.154,-82.058],[-158.076,-82.112],[-157.987,-82.105],[-157.834,-82.031],[-158.989,-81.78],[-158.773,-81.875],[-158.154,-82.058]],[[-161.866,-79.704],[-160.302,-79.844],[-159.053,-79.807],[-158.996,-79.735],[-159.419,-79.508],[-159.684,-79.402],[-161.643,-78.901],[-162.39,-78.76],[-163.256,-78.722],[-163.345,-78.78],[-163.66,-78.856],[-163.815,-78.929],[-164.126,-78.996],[-164.2,-79.051],[-164.282,-79.245],[-164.226,-79.321],[-163.712,-79.442],[-161.866,-79.704]],[[-163.766,-81.445],[-160.571,-81.598],[-160.467,-81.589],[-160.617,-81.522],[-160.938,-81.464],[-162.457,-81.313],[-163.201,-81.282],[-163.869,-81.324],[-163.951,-81.391],[-163.766,-81.445]],[[-163.796,-82.843],[-163.635,-82.902],[-163.602,-82.969],[-163.552,-82.988],[-163.047,-83.097],[-162.305,-83.142],[-161.994,-83.119],[-161.828,-83.043],[-161.635,-83.027],[-162.799,-82.865],[-163.796,-82.843]]]]},"properties":{"name":"Ross Sea","name_en":"Ross Sea","name_zh":"罗斯海","featurecla":"sea","scalerank":1,"min_label":2,"max_label":7.5,"label":"Ross Sea","wikidataid":"Q164466"}},{"type":"Feature","geometry":{"type":"Polygon","coordinates":[[[169.456,-19.611],[169.769,-20.151],[169.737,-20.202],[169.836,-20.267],[167.536,-22.601],[167.443,-22.541],[167.422,-22.619],[167.472,-22.666],[159.041,-29.016],[159.041,-29.876],[153.275,-29.876],[153.347,-29.497],[153.348,-29.29],[153.462,-29.05],[153.605,-28.854],[153.617,-28.673],[153.569,-28.533],[153.575,-28.24],[153.455,-28.048],[153.385,-27.768],[153.117,-27.194],[153.162,-26.983],[153.084,-26.304],[153.165,-25.964],[153.028,-25.87],[152.92,-25.689],[152.913,-25.432],[152.789,-25.274],[152.654,-25.202],[152.502,-24.964],[152.456,-24.803],[152.13,-24.598],[151.832,-24.123],[151.691,-24.038],[151.501,-24.012],[151.154,-23.784],[150.843,-23.458],[150.783,-23.176],[150.764,-22.576],[150.623,-22.367],[150.569,-22.384],[150.58,-22.556],[150.541,-22.559],[150.235,-22.373],[150.076,-22.165],[150.02,-22.168],[149.981,-22.184],[149.942,-22.308],[150.006,-22.522],[149.974,-22.551],[149.823,-22.39],[149.704,-22.44],[149.596,-22.258],[149.524,-22.024],[149.46,-21.766],[149.454,-21.579],[149.329,-21.476],[149.205,-21.125],[149.061,-20.961],[148.79,-20.736],[148.684,-20.58],[148.73,-20.468],[148.885,-20.481],[148.759,-20.289],[148.601,-20.145],[148.367,-20.088],[148.081,-19.899],[147.915,-19.869],[147.853,-19.795],[147.742,-19.77],[147.586,-19.623],[147.51,-19.474],[147.419,-19.378],[147.278,-19.414],[147.139,-19.393],[147.003,-19.256],[146.692,-19.188],[146.481,-19.079],[146.383,-18.977],[146.297,-18.841],[146.333,-18.554],[146.223,-18.51],[146.032,-18.273],[146.023,-18.176],[146.126,-17.635],[146.05,-17.381],[145.902,-17.07],[145.912,-16.913],[145.755,-16.879],[145.55,-16.625],[145.426,-16.406],[145.458,-16.056],[145.375,-15.881],[145.272,-15.476],[145.293,-15.327],[145.252,-15.098],[145.288,-14.943],[144.648,-14.493],[144.586,-14.355],[144.473,-14.232],[144.21,-14.302],[144.106,-14.394],[143.962,-14.463],[143.756,-14.349],[143.548,-13.741],[143.587,-13.443],[143.53,-13.304],[143.458,-12.856],[143.397,-12.736],[143.402,-12.64],[143.289,-12.499],[143.254,-12.398],[143.11,-12.304],[143.105,-12.17],[143.179,-11.954],[142.988,-11.919],[142.872,-11.822],[142.837,-11.307],[142.78,-11.115],[143.078,-9.093],[143.374,-8.943],[146.626,-8.943],[146.697,-9.025],[146.856,-9.088],[146.964,-9.06],[146.925,-9.247],[147.017,-9.388],[147.409,-9.675],[147.553,-9.912],[147.769,-10.07],[148.051,-10.128],[148.15,-10.107],[148.269,-10.128],[148.43,-10.191],[148.654,-10.157],[148.937,-10.255],[149.754,-10.353],[149.948,-10.483],[150.017,-10.577],[150.32,-10.655],[150.482,-10.637],[150.618,-10.557],[150.68,-10.566],[151.28,-10.989],[153.185,-11.236],[153.284,-11.35],[153.203,-11.324],[153.235,-11.42],[153.322,-11.472],[153.287,-11.517],[153.357,-11.495],[153.379,-11.56],[153.554,-11.631],[153.755,-11.589],[159.983,-11.519],[160.004,-11.58],[160.27,-11.664],[160.355,-11.712],[160.395,-11.789],[160.506,-11.832],[160.576,-11.798],[160.523,-11.749],[160.558,-11.765],[162.118,-10.822],[162.373,-10.824],[162.288,-10.776],[162.288,-10.736],[167.155,-9.895],[167.504,-13.733],[167.481,-13.71],[167.407,-13.748],[167.392,-13.788],[167.451,-13.91],[167.508,-13.882],[167.508,-14.143],[167.411,-14.197],[167.404,-14.282],[167.543,-14.312],[167.559,-14.292],[168.072,-14.87],[168.159,-15.47],[168.123,-15.681],[168.212,-15.97],[168.194,-16.115],[168.164,-16.082],[168.065,-16.181],[167.929,-16.229],[168.022,-16.316],[168.206,-16.345],[168.306,-16.695],[168.199,-16.594],[168.135,-16.637],[168.124,-16.69],[168.181,-16.804],[168.319,-16.788],[168.319,-17.445],[168.355,-17.551],[168.273,-17.552],[168.158,-17.711],[168.278,-17.706],[168.306,-17.746],[168.252,-17.781],[168.455,-17.803],[169.024,-18.574],[169.056,-18.629],[169.016,-18.644],[168.987,-18.708],[168.987,-18.871],[169.201,-18.963],[169.201,-19.35],[169.238,-19.387],[169.218,-19.476],[169.347,-19.624],[169.438,-19.649],[169.456,-19.611]],[[167.967,-21.642],[168.121,-21.616],[168.139,-21.445],[168.011,-21.43],[167.988,-21.338],[167.815,-21.393],[167.879,-21.524],[167.876,-21.582],[167.967,-21.642]],[[167.674,-15.452],[167.844,-15.482],[167.911,-15.436],[168.003,-15.283],[167.826,-15.312],[167.674,-15.452]],[[167.152,-16.08],[167.218,-16.155],[167.316,-16.116],[167.349,-16.154],[167.449,-16.555],[167.526,-16.574],[167.612,-16.499],[167.76,-16.516],[167.836,-16.45],[167.776,-16.341],[167.681,-16.261],[167.642,-16.263],[167.499,-16.166],[167.484,-16.118],[167.413,-16.096],[167.336,-15.917],[167.254,-15.877],[167.199,-15.885],[167.152,-16.08]],[[167.204,-20.673],[167.056,-20.72],[167.045,-20.76],[167.136,-20.766],[167.189,-20.804],[167.111,-20.904],[167.033,-20.923],[167.134,-21.061],[167.273,-21.097],[167.346,-21.169],[167.401,-21.161],[167.431,-21.056],[167.293,-20.891],[167.298,-20.733],[167.204,-20.673]],[[166.759,-15.631],[166.826,-15.635],[166.937,-15.578],[167.094,-15.581],[167.2,-15.486],[167.201,-15.443],[167.132,-15.135],[167.069,-15.072],[167.076,-14.936],[166.987,-14.94],[166.923,-15.139],[166.81,-15.157],[166.746,-14.827],[166.608,-14.637],[166.568,-14.642],[166.527,-14.85],[166.648,-15.211],[166.631,-15.406],[166.759,-15.567],[166.759,-15.631]],[[164.06,-20.142],[164.037,-20.234],[164.158,-20.348],[164.17,-20.48],[164.454,-20.829],[164.656,-20.992],[164.928,-21.29],[165.329,-21.58],[165.744,-21.777],[165.933,-21.908],[166.096,-21.957],[166.176,-22.089],[166.416,-22.196],[166.468,-22.256],[166.571,-22.266],[166.774,-22.376],[166.97,-22.323],[167.004,-22.261],[166.942,-22.09],[166.69,-21.953],[166.303,-21.637],[165.663,-21.267],[165.447,-21.08],[165.381,-20.936],[165.192,-20.769],[164.976,-20.681],[164.436,-20.282],[164.315,-20.309],[164.06,-20.142]],[[165.968,-10.78],[166.133,-10.758],[166.162,-10.693],[166.023,-10.661],[165.909,-10.674],[165.836,-10.761],[165.79,-10.756],[165.819,-10.844],[165.904,-10.852],[165.968,-10.78]],[[152.978,-25.543],[153.007,-25.729],[153.052,-25.778],[153.35,-25.063],[153.359,-24.978],[153.298,-24.915],[153.282,-24.738],[153.257,-24.729],[153.144,-24.815],[153.242,-24.923],[153.228,-25.006],[153.038,-25.193],[153.052,-25.354],[152.978,-25.543]],[[151.033,-23.53],[151.238,-23.776],[151.296,-23.72],[151.229,-23.595],[151.24,-23.53],[151.06,-23.461],[151.033,-23.53]]]},"properties":{"name":"Coral Sea","name_en":"Coral Sea","name_zh":"珊瑚海","featurecla":"sea","scalerank":1,"min_label":2,"max_label":7.5,"label":"Coral Sea","wikidataid":"Q82931"}},{"type":"Feature","geometry":{"type":"Polygon","coordinates":[[[130.894,34.275],[130.834,34.509],[130.617,35.017],[130.206,35.58],[129.6,36.056],[129.458,36.007],[129.404,36.052],[129.392,36.323],[129.445,36.471],[129.433,36.636],[129.473,36.742],[129.418,37.059],[129.335,37.275],[129.052,37.678],[128.619,38.176],[128.313,38.694],[128.313,40.041],[128.611,40.198],[128.701,40.318],[129.11,40.491],[129.245,40.661],[129.341,40.726],[129.709,40.858],[129.742,40.932],[129.712,41.124],[129.766,41.304],[129.759,41.391],[129.683,41.494],[129.686,41.595],[129.757,41.712],[129.876,41.805],[130.007,41.991],[130.18,42.097],[130.235,42.183],[130.458,42.302],[130.637,42.275],[130.73,42.326],[130.834,42.523],[130.71,42.656],[130.756,42.673],[131.158,42.626],[131.293,42.772],[131.393,42.822],[131.517,42.996],[131.795,43.255],[131.939,43.302],[132.013,43.28],[131.898,43.171],[131.866,43.095],[131.947,43.095],[132.029,43.119],[132.31,43.313],[132.334,43.239],[132.304,42.883],[132.481,42.91],[132.576,42.872],[132.709,42.876],[132.863,42.794],[132.997,42.808],[133.06,42.723],[133.16,42.697],[133.587,42.828],[133.709,42.83],[134.011,42.947],[135.131,43.526],[135.26,43.685],[135.483,43.835],[135.533,43.972],[135.875,44.373],[136.143,44.489],[136.251,44.667],[136.461,44.822],[136.803,45.171],[137.147,45.394],[137.425,45.64],[137.686,45.818],[138.106,46.251],[138.21,46.463],[138.337,46.543],[138.392,46.745],[138.587,47.057],[139.001,47.383],[139.373,47.888],[140.113,48.422],[140.171,48.524],[140.224,48.773],[140.379,48.964],[140.309,49.054],[140.517,49.596],[140.511,49.762],[140.465,49.825],[140.463,49.912],[140.625,50.082],[140.536,50.131],[140.476,50.546],[140.521,50.8],[140.671,51.051],[140.688,51.232],[140.838,51.414],[140.933,51.62],[141.129,51.728],[141.258,51.861],[141.348,51.91],[141.683,51.91],[141.808,51.789],[141.722,51.736],[142.006,51.521],[142.207,51.222],[142.208,50.998],[142.1,50.776],[142.066,50.63],[142.153,50.217],[142.142,49.569],[142.02,49.079],[141.867,48.75],[141.897,48.655],[142.135,48.29],[142.182,48.013],[142.149,47.902],[141.964,47.587],[142.039,47.14],[141.867,46.694],[141.831,46.451],[141.962,46.013],[142.07,45.922],[141.946,45.504],[141.778,45.419],[141.668,45.401],[141.594,45.256],[141.583,45.156],[141.719,44.941],[141.782,44.716],[141.761,44.482],[141.661,44.264],[141.645,44.019],[141.398,43.643],[141.413,43.382],[141.374,43.28],[141.296,43.2],[141.138,43.18],[140.819,43.205],[140.487,43.338],[140.392,43.303],[140.398,43.167],[140.486,43.05],[140.432,42.954],[140.114,42.733],[139.891,42.649],[139.86,42.582],[139.821,42.387],[139.836,42.278],[139.895,42.19],[140.057,42.067],[140.108,41.913],[140.021,41.696],[140.009,41.521],[140.085,41.434],[140.144,41.424],[140.318,41.146],[140.344,41.006],[140.253,40.809],[140.029,40.733],[139.923,40.598],[140.011,40.26],[139.908,40.022],[139.874,39.985],[139.755,39.959],[139.741,39.921],[139.81,39.878],[139.945,39.885],[139.995,39.855],[140.055,39.749],[140.048,39.464],[140.011,39.358],[139.912,39.229],[139.802,38.882],[139.521,38.503],[139.401,38.142],[139.247,38.009],[138.885,37.844],[138.633,37.472],[138.32,37.218],[137.514,36.952],[137.298,36.754],[137.124,36.774],[137.017,36.837],[136.995,37.027],[136.9,37.118],[136.924,37.172],[137.152,37.283],[137.337,37.438],[137.323,37.522],[136.844,37.382],[136.719,37.198],[136.75,36.951],[136.698,36.742],[136.359,36.362],[136.156,36.223],[136.067,36.117],[136.006,35.991],[136.022,35.874],[136.095,35.767],[136.016,35.682],[135.795,35.549],[135.681,35.503],[135.327,35.526],[135.232,35.592],[135.266,35.722],[135.174,35.747],[134.882,35.663],[134.456,35.628],[134.214,35.539],[133.981,35.507],[133.615,35.511],[133.377,35.459],[133.267,35.556],[132.923,35.511],[132.698,35.418],[132.619,35.307],[132.26,35.022],[131.856,34.726],[131.608,34.615],[131.355,34.413],[131.004,34.393],[130.894,34.275]],[[138.225,37.829],[138.344,37.822],[138.497,37.904],[138.575,38.066],[138.453,38.076],[138.504,38.316],[138.306,38.161],[138.25,38.078],[138.246,37.995],[138.322,37.991],[138.322,37.969],[138.282,37.854],[138.225,37.829]]]},"properties":{"name":"Sea of Japan","name_en":"Sea of Japan","name_zh":"日本海","featurecla":"sea","scalerank":1,"min_label":2,"max_label":7.5,"label":"Sea of Japan","wikidataid":"Q27092"}},{"type":"Feature","geometry":{"type":"Polygon","coordinates":[[[129.419,35.498],[129.571,36.03],[129.6,36.056],[130.206,35.58],[130.617,35.017],[130.834,34.509],[130.894,34.275],[130.919,33.976],[130.938,33.983],[130.859,33.91],[130.715,33.928],[130.484,33.834],[130.365,33.634],[130.168,33.598],[130.072,33.522],[129.826,33.437],[129.858,33.375],[129.844,33.322],[129.66,33.365],[129.61,33.344],[129.58,33.236],[129.897,33.022],[129.991,32.852],[129.901,32.852],[129.829,32.893],[129.778,32.986],[129.679,33.06],[129.662,32.995],[129.019,32.508],[128.697,32.45],[127.82,32.685],[127.08,32.932],[126.596,33.242],[126.873,33.341],[126.931,33.444],[126.901,33.515],[126.695,33.549],[126.36,33.466],[126.515,34.308],[126.584,34.318],[126.611,34.403],[126.755,34.512],[126.826,34.451],[126.898,34.439],[127.031,34.607],[127.247,34.755],[127.26,34.662],[127.174,34.546],[127.325,34.463],[127.479,34.625],[127.39,34.743],[127.404,34.823],[127.523,34.84],[127.632,34.69],[127.716,34.721],[127.742,34.783],[127.639,34.89],[127.715,34.955],[127.873,34.966],[128.036,35.022],[128.094,34.934],[128.444,34.871],[128.419,35.016],[128.511,35.101],[128.98,35.101],[129.214,35.182],[129.419,35.498]],[[129.326,34.608],[129.33,34.522],[129.267,34.37],[129.366,34.305],[129.381,34.417],[129.476,34.54],[129.48,34.649],[129.451,34.686],[129.326,34.608]],[[128.751,32.586],[128.79,32.637],[128.894,32.652],[128.879,32.694],[128.838,32.763],[128.704,32.757],[128.665,32.784],[128.658,32.628],[128.751,32.586]],[[128.489,34.865],[128.647,34.737],[128.741,34.799],[128.722,35.013],[128.668,35.009],[128.489,34.865]],[[128.038,34.878],[127.916,34.921],[127.832,34.874],[127.873,34.735],[127.942,34.766],[127.984,34.703],[128.055,34.708],[128.066,34.806],[128.038,34.878]]]},"properties":{"name":"Korea Strait","name_en":"Korea Strait","name_zh":"朝鲜海峡","featurecla":"strait","scalerank":4,"min_label":5.7,"max_label":10,"label":"Korea Strait","wikidataid":"Q52052"}}]}