{"type":"FeatureCollection","features":[{"type":"Feature","geometry":{"type":"Point","coordinates":[24.983,21.916]},"properties":{"name":"Jabal al Uwaynt","name_en":"Jabal Arkanu","name_zh":"乌万特山","featurecla":"mountain","scalerank":7,"region":"Africa","subregion":null,"label":"Jabal al Uwaynt","elevation":1934,"wikidataid":"Q3647391","min_zoom":7}},{"type":"Feature","geometry":{"type":"Point","coordinates":[25.934,14.7]},"properties":{"name":"Jabal Teljo","name_en":"Jabal Teljo","name_zh":"泰尔乔山","featurecla":"mountain","scalerank":7,"region":"Africa","subregion":null,"label":null,"elevation":1954,"wikidataid":null,"min_zoom":7}},{"type":"Feature","geometry":{"type":"Point","coordinates":[17.167,-27.833]},"properties":{"name":"Hunsberge","name_en":"Hunsberge","name_zh":"亨斯伯格山","featurecla":"mountain","scalerank":7,"region":"Africa","subregion":null,"label":null,"elevation":1655,"wikidataid":"Q15056776","min_zoom":7}},{"type":"Feature","geometry":{"type":"Point","coordinates":[-8.414,7.62]},"properties":{"name":"Mount Richard-Molard","name_en":"Mount Richard-Molard","name_zh":"宁巴峰","featurecla":"mountain","scalerank":7,"region":"Africa","subregion":null,"label":"Mt. Richard-Molard","elevation":1752,"wikidataid":"Q849129","min_zoom":7}},{"type":"Feature","geometry":{"type":"Point","coordinates":[35.467,22.05]},"properties":{"name":"Jabal Is","name_en":"Jabal Is","name_zh":"伊思山","featurecla":"mountain","scalerank":7,"region":"Africa","subregion":null,"label":null,"elevation":1851,"wikidataid":null,"min_zoom":7}},{"type":"Feature","geometry":{"type":"Point","coordinates":[4.936,7.666]},"properties":{"name":null,"name_en":null,"name_zh":null,"featurecla":"spot elevation","scalerank":7,"region":"Africa","subregion":null,"label":null,"elevation":694,"wikidataid":null,"min_zoom":7}},{"type":"Feature","geometry":{"type":"Point","coordinates":[0.757,6.878]},"properties":{"name":"Mont Agou","name_en":"Mount Agou","name_zh":"阿古山","featurecla":"mountain","scalerank":7,"region":"Africa","subregion":null,"label":null,"elevation":968,"wikidataid":"Q1753509","min_zoom":7}},{"type":"Feature","geometry":{"type":"Point","coordinates":[11.789,8.398]},"properties":{"name":"Mount Dimlang","name_en":"Mount Dimlang","name_zh":"迪姆朗山","featurecla":"mountain","scalerank":7,"region":"Africa","subregion":null,"label":"Dimlang","elevation":2042,"wikidataid":"Q8540195","min_zoom":7}},{"type":"Feature","geometry":{"type":"Point","coordinates":[9.162,9.217]},"properties":{"name":null,"name_en":null,"name_zh":null,"featurecla":"spot elevation","scalerank":7,"region":"Africa","subregion":null,"label":null,"elevation":1781,"wikidataid":null,"min_zoom":7}},{"type":"Feature","geometry":{"type":"Point","coordinates":[29.668,-13.906]},"properties":{"name":null,"name_en":null,"name_zh":null,"featurecla":"spot elevation","scalerank":7,"region":"Africa","subregion":null,"label":null,"elevation":1893,"wikidataid":null,"min_zoom":7}},{"type":"Feature","geometry":{"type":"Point","coordinates":[18.981,-31.125]},"properties":{"name":"Bokkeveldberg","name_en":"Bokkeveldberg","name_zh":"博克维尔德贝格山","featurecla":"mountain","scalerank":7,"region":"Africa","subregion":null,"label":null,"elevation":843,"wikidataid":null,"min_zoom":7}},{"type":"Feature","geometry":{"type":"Point","coordinates":[-11.089,9.243]},"properties":{"name":"Loma Mansa","name_en":"Mount Bintumani","name_zh":"洛马曼萨山","featurecla":"mountain","scalerank":7,"region":"Africa","subregion":null,"label":null,"elevation":1945,"wikidataid":"Q769525","min_zoom":7}},{"type":"Feature","geometry":{"type":"Point","coordinates":[16.527,21.131]},"properties":{"name":null,"name_en":null,"name_zh":null,"featurecla":"spot elevation","scalerank":6,"region":"Africa","subregion":null,"label":null,"elevation":3315,"wikidataid":null,"min_zoom":6.7}},{"type":"Feature","geometry":{"type":"Point","coordinates":[24.238,12.95]},"properties":{"name":"Jabal Marrah","name_en":"Marrah Mountains","name_zh":"马拉山脉","featurecla":"mountain","scalerank":6,"region":"Africa","subregion":null,"label":null,"elevation":3042,"wikidataid":"Q886772","min_zoom":6.7}},{"type":"Feature","geometry":{"type":"Point","coordinates":[-4.512,34.83]},"properties":{"name":"Jebel Tidirhine","name_en":"Jbel Tidirhine","name_zh":"杰贝尔蒂迪林山","featurecla":"mountain","scalerank":6,"region":"Africa","subregion":null,"label":null,"elevation":2456,"wikidataid":"Q2383371","min_zoom":6.7}},{"type":"Feature","geometry":{"type":"Point","coordinates":[4.229,36.457]},"properties":{"name":"Lalla Khedidja","name_en":"Lalla-Khadîdja","name_zh":"拉拉凯迪贾山","featurecla":"mountain","scalerank":6,"region":"Africa","subregion":null,"label":null,"elevation":2308,"wikidataid":"Q3216533","min_zoom":6.7}},{"type":"Feature","geometry":{"type":"Point","coordinates":[21.366,-33.396]},"properties":{"name":"Seweweekspoort Peak","name_en":"Seweweekspoortpiek","name_zh":"塞汶维克斯波尔特峰","featurecla":"mountain","scalerank":6,"region":"Africa","subregion":null,"label":"Seweweekspoort Peak","elevation":2325,"wikidataid":"Q3642884","min_zoom":6.7}},{"type":"Feature","geometry":{"type":"Point","coordinates":[6.554,0.282]},"properties":{"name":"Pico de São Tomé","name_en":"Pico de São Tomé","name_zh":"圣多美山","featurecla":"mountain","scalerank":6,"region":"Africa","subregion":null,"label":null,"elevation":2024,"wikidataid":"Q1471391","min_zoom":6.7}},{"type":"Feature","geometry":{"type":"Point","coordinates":[15.167,-12.465]},"properties":{"name":"Moro de Môco","name_en":"Mount Moco","name_zh":"莫科山","featurecla":"mountain","scalerank":6,"region":"Africa","subregion":null,"label":null,"elevation":2620,"wikidataid":null,"min_zoom":6.7}},{"type":"Feature","geometry":{"type":"Point","coordinates":[14.179,-2.518]},"properties":{"name":"Monts de la Lékéti","name_en":"Monts de la Lékéti","name_zh":"勒克提山","featurecla":"mountain","scalerank":6,"region":"Africa","subregion":null,"label":null,"elevation":1000,"wikidataid":null,"min_zoom":6.7}},{"type":"Feature","geometry":{"type":"Point","coordinates":[35.84,-3.043]},"properties":{"name":"Loolmalasin","name_en":"Mount Loolmalasin","name_zh":"洛尔马拉辛山","featurecla":"mountain","scalerank":6,"region":"Africa","subregion":null,"label":null,"elevation":3682,"wikidataid":null,"min_zoom":6.7}},{"type":"Feature","geometry":{"type":"Point","coordinates":[32.847,-18.281]},"properties":{"name":"Inyangani","name_en":"Mount Nyangani","name_zh":"伊尼扬加尼山","featurecla":"mountain","scalerank":6,"region":"Africa","subregion":null,"label":null,"elevation":2592,"wikidataid":"Q152294","min_zoom":6.7}},{"type":"Feature","geometry":{"type":"Point","coordinates":[33.052,-19.787]},"properties":{"name":"Monte Binga","name_en":"Monte Binga","name_zh":"宾加山","featurecla":"mountain","scalerank":6,"region":"Africa","subregion":null,"label":"Mt. Binga","elevation":2436,"wikidataid":"Q1353678","min_zoom":6.7}},{"type":"Feature","geometry":{"type":"Point","coordinates":[30.157,-25.222]},"properties":{"name":"Die Berg","name_en":"Die Berg","name_zh":"迪山","featurecla":"mountain","scalerank":6,"region":"Africa","subregion":null,"label":null,"elevation":2331,"wikidataid":null,"min_zoom":6.7}},{"type":"Feature","geometry":{"type":"Point","coordinates":[18.7,21.417]},"properties":{"name":"Kegueur Terbi","name_en":"Kegueur Terbi","name_zh":"克格特尔比山","featurecla":"mountain","scalerank":6,"region":"Africa","subregion":null,"label":null,"elevation":3376,"wikidataid":null,"min_zoom":6.7}},{"type":"Feature","geometry":{"type":"Point","coordinates":[18.552,19.793]},"properties":{"name":"Emi Koussi","name_en":"Emi Koussi","name_zh":"库西山","featurecla":"mountain","scalerank":6,"region":"Africa","subregion":null,"label":null,"elevation":3415,"wikidataid":null,"min_zoom":6.7}},{"type":"Feature","geometry":{"type":"Point","coordinates":[8.667,18.667]},"properties":{"name":"Mont Bagzane","name_en":"Monts Bagzane","name_zh":"巴格赞山","featurecla":"mountain","scalerank":6,"region":"Africa","subregion":null,"label":null,"elevation":2022,"wikidataid":"Q15120698","min_zoom":6.7}},{"type":"Feature","geometry":{"type":"Point","coordinates":[5.526,23.288]},"properties":{"name":"Tahat","name_en":"Mount Tahat","name_zh":"塔哈特山","featurecla":"mountain","scalerank":6,"region":"Africa","subregion":null,"label":null,"elevation":2908,"wikidataid":"Q822326","min_zoom":6.7}},{"type":"Feature","geometry":{"type":"Point","coordinates":[5.409,25.046]},"properties":{"name":"Garet el Djenoun","name_en":"Garet el Djenoun","name_zh":"杰农加雷特山","featurecla":"mountain","scalerank":6,"region":"Africa","subregion":null,"label":null,"elevation":2327,"wikidataid":"Q23814924","min_zoom":6.7}},{"type":"Feature","geometry":{"type":"Point","coordinates":[6.666,35.333]},"properties":{"name":"Djebel Chelia","name_en":"Djebel Chélia","name_zh":"谢利亚山","featurecla":"mountain","scalerank":6,"region":"Africa","subregion":null,"label":null,"elevation":2326,"wikidataid":"Q4115846","min_zoom":6.7}},{"type":"Feature","geometry":{"type":"Point","coordinates":[47.243,10.739]},"properties":{"name":"Shimbiris","name_en":"Shimbiris","name_zh":"桑比勒斯","featurecla":"mountain","scalerank":6,"region":"Africa","subregion":null,"label":null,"elevation":2414,"wikidataid":"Q649162","min_zoom":6.7}},{"type":"Feature","geometry":{"type":"Point","coordinates":[38.0,17.55]},"properties":{"name":"Jabal Hamoyet","name_en":"Jabal Hamoyet","name_zh":"哈莫耶山","featurecla":"mountain","scalerank":6,"region":"Africa","subregion":null,"label":null,"elevation":2726,"wikidataid":null,"min_zoom":6.7}},{"type":"Feature","geometry":{"type":"Point","coordinates":[41.728,13.392]},"properties":{"name":"Mount Ramlo","name_en":"Ramlo","name_zh":"拉姆洛山","featurecla":"mountain","scalerank":6,"region":"Africa","subregion":null,"label":"Mount Ramlo","elevation":2248,"wikidataid":"Q23939923","min_zoom":6.7}},{"type":"Feature","geometry":{"type":"Point","coordinates":[10.517,6.183]},"properties":{"name":"Mount Oku","name_en":"Mount Oku","name_zh":"奧庫山","featurecla":"mountain","scalerank":6,"region":"Africa","subregion":null,"label":"Mt. Oku","elevation":3011,"wikidataid":"Q3322001","min_zoom":6.7}},{"type":"Feature","geometry":{"type":"Point","coordinates":[14.575,-21.16]},"properties":{"name":"Brandberg","name_en":"Brandberg","name_zh":"布兰德伯格山","featurecla":"mountain","scalerank":6,"region":"Africa","subregion":null,"label":null,"elevation":2579,"wikidataid":"Q897834","min_zoom":6.7}},{"type":"Feature","geometry":{"type":"Point","coordinates":[24.531,-31.769]},"properties":{"name":"Kompasberg","name_en":"Compassberg","name_zh":"康帕斯伯格山","featurecla":"mountain","scalerank":6,"region":"Africa","subregion":null,"label":null,"elevation":2504,"wikidataid":"Q3643513","min_zoom":6.7}},{"type":"Feature","geometry":{"type":"Point","coordinates":[37.618,-7.1]},"properties":{"name":"Kimhandu","name_en":"Kimhandu","name_zh":"金汉杜山","featurecla":"mountain","scalerank":6,"region":"Africa","subregion":null,"label":null,"elevation":2653,"wikidataid":null,"min_zoom":6.7}},{"type":"Feature","geometry":{"type":"Point","coordinates":[29.051,-5.14]},"properties":{"name":"Kabobo","name_en":"Kabobo Massif","name_zh":"卡博博山","featurecla":"mountain","scalerank":6,"region":"Africa","subregion":null,"label":null,"elevation":2725,"wikidataid":null,"min_zoom":6.7}},{"type":"Feature","geometry":{"type":"Point","coordinates":[37.072,-15.333]},"properties":{"name":"Serra Namúli","name_en":"Mount Namuli","name_zh":"纳穆利山","featurecla":"mountain","scalerank":6,"region":"Africa","subregion":null,"label":"Serra Namúli","elevation":2419,"wikidataid":"Q1516857","min_zoom":6.7}},{"type":"Feature","geometry":{"type":"Point","coordinates":[-7.916,31.062]},"properties":{"name":"Jebel Toubkal","name_en":"Jbel Toubkal","name_zh":"图卜卡勒峰","featurecla":"mountain","scalerank":5,"region":"Africa","subregion":null,"label":null,"elevation":4165,"wikidataid":"Q503433","min_zoom":6}},{"type":"Feature","geometry":{"type":"Point","coordinates":[29.267,-29.467]},"properties":{"name":"Thabana Ntlenyana","name_en":"Thabana Ntlenyana","name_zh":"塔巴纳恩特莱尼亚纳山","featurecla":"mountain","scalerank":5,"region":"Africa","subregion":null,"label":null,"elevation":3482,"wikidataid":"Q733132","min_zoom":6}},{"type":"Feature","geometry":{"type":"Point","coordinates":[39.417,6.667]},"properties":{"name":"Mount Batu","name_en":"Mount Batu","name_zh":"巴圖山","featurecla":"mountain","scalerank":5,"region":"Africa","subregion":null,"label":"Mt. Batu","elevation":4307,"wikidataid":"Q247952","min_zoom":6}},{"type":"Feature","geometry":{"type":"Point","coordinates":[36.747,6.11]},"properties":{"name":"Argun","name_en":"Argun","name_zh":"阿尔贡山","featurecla":"mountain","scalerank":5,"region":"Africa","subregion":null,"label":null,"elevation":3418,"wikidataid":"Q24032213","min_zoom":6}},{"type":"Feature","geometry":{"type":"Point","coordinates":[32.901,3.955]},"properties":{"name":"Kinyeti","name_en":"Kinyeti","name_zh":"基涅提峰","featurecla":"mountain","scalerank":5,"region":"Africa","subregion":null,"label":null,"elevation":3187,"wikidataid":"Q948298","min_zoom":6}},{"type":"Feature","geometry":{"type":"Point","coordinates":[41.734,9.269]},"properties":{"name":"Muleta","name_en":"Gara Muleta","name_zh":"穆莱塔山","featurecla":"mountain","scalerank":5,"region":"Africa","subregion":null,"label":null,"elevation":3405,"wikidataid":null,"min_zoom":6}},{"type":"Feature","geometry":{"type":"Point","coordinates":[38.372,13.237]},"properties":{"name":"Ras Dejen","name_en":"Ras Dashen","name_zh":"拉斯·达善峰","featurecla":"mountain","scalerank":5,"region":"Africa","subregion":null,"label":null,"elevation":4533,"wikidataid":"Q275435","min_zoom":6}},{"type":"Feature","geometry":{"type":"Point","coordinates":[34.534,1.123]},"properties":{"name":"Mount Elgon","name_en":"Mount Elgon","name_zh":"埃尔贡山","featurecla":"mountain","scalerank":5,"region":"Africa","subregion":null,"label":"Mt. Elgon","elevation":4321,"wikidataid":"Q732838","min_zoom":6}},{"type":"Feature","geometry":{"type":"Point","coordinates":[27.496,30.044]},"properties":{"name":"Qattara Depression","name_en":"Qattara Depression","name_zh":"盖塔拉洼地","featurecla":"depression","scalerank":5,"region":"Africa","subregion":null,"label":null,"elevation":-133,"wikidataid":null,"min_zoom":6}},{"type":"Feature","geometry":{"type":"Point","coordinates":[-11.373,21.206]},"properties":{"name":"Er Richat Depression","name_en":"Richat Structure","name_zh":"艾里查洼地","featurecla":"depression","scalerank":5,"region":"Africa","subregion":null,"label":null,"elevation":485,"wikidataid":null,"min_zoom":6}},{"type":"Feature","geometry":{"type":"Point","coordinates":[37.882,10.657]},"properties":{"name":"Talo","name_en":"Talo","name_zh":"塔洛山","featurecla":"mountain","scalerank":5,"region":"Africa","subregion":null,"label":null,"elevation":4413,"wikidataid":null,"min_zoom":6}},{"type":"Feature","geometry":{"type":"Point","coordinates":[36.624,-0.325]},"properties":{"name":"Lesatima","name_en":"Mount Satima","name_zh":"萊薩蒂馬山","featurecla":"mountain","scalerank":5,"region":"Africa","subregion":null,"label":"Lesatima","elevation":4001,"wikidataid":"Q6923490","min_zoom":6}},{"type":"Feature","geometry":{"type":"Point","coordinates":[37.3,-0.15]},"properties":{"name":"Mount Kenya","name_en":"Mount Kenya","name_zh":"肯尼亚山","featurecla":"mountain","scalerank":4,"region":"Africa","subregion":null,"label":null,"elevation":5199,"wikidataid":"Q172070","min_zoom":6}},{"type":"Feature","geometry":{"type":"Point","coordinates":[29.872,0.38]},"properties":{"name":"Mount Stanley","name_en":"Mount Stanley","name_zh":"斯坦利山","featurecla":"mountain","scalerank":4,"region":"Africa","subregion":null,"label":"Mt. Stanley","elevation":4979,"wikidataid":"Q221666","min_zoom":6}},{"type":"Feature","geometry":{"type":"Point","coordinates":[37.353,-3.076]},"properties":{"name":"Mount Kilimanjaro","name_en":"Mount Kilimanjaro","name_zh":"乞力马扎罗山","featurecla":"mountain","scalerank":2,"region":"Africa","subregion":null,"label":null,"elevation":5895,"wikidataid":"Q7296","min_zoom":5}},{"type":"Feature","geometry":{"type":"Point","coordinates":[42.413,11.672]},"properties":{"name":null,"name_en":null,"name_zh":null,"featurecla":"depression","scalerank":3,"region":"Africa","subregion":null,"label":null,"elevation":-156,"wikidataid":null,"min_zoom":5.1}},{"type":"Feature","geometry":{"type":"Point","coordinates":[33.37,-9.92]},"properties":{"name":null,"name_en":null,"name_zh":null,"featurecla":"mountain","scalerank":9,"region":"Africa","subregion":null,"label":null,"elevation":2164,"wikidataid":null,"min_zoom":7.2}},{"type":"Feature","geometry":{"type":"Point","coordinates":[29.45,-1.5]},"properties":{"name":"Volcan Karisimbi","name_en":"Mount Karisimbi","name_zh":"卡里辛比火山","featurecla":"mountain","scalerank":9,"region":"Africa","subregion":null,"label":"Volcan Karisimbi","elevation":4519,"wikidataid":"Q737859","min_zoom":7.2}},{"type":"Feature","geometry":{"type":"Point","coordinates":[-5.41,10.77]},"properties":{"name":"Téna Kourou","name_en":"Mount Tenakourou","name_zh":"纳库鲁峰","featurecla":"mountain","scalerank":9,"region":"Africa","subregion":null,"label":null,"elevation":747,"wikidataid":"Q116675","min_zoom":7.2}},{"type":"Feature","geometry":{"type":"Point","coordinates":[1.53,10.35]},"properties":{"name":"Tanekas","name_en":"Atakora Mountains","name_zh":"塔内卡斯山","featurecla":"mountain","scalerank":9,"region":"Africa","subregion":null,"label":null,"elevation":641,"wikidataid":null,"min_zoom":7.2}},{"type":"Feature","geometry":{"type":"Point","coordinates":[31.58,-9.18]},"properties":{"name":"Sunzu","name_en":"Mount Sunzu","name_zh":"桑祖山","featurecla":"mountain","scalerank":9,"region":"Africa","subregion":null,"label":null,"elevation":2067,"wikidataid":null,"min_zoom":7.2}},{"type":"Feature","geometry":{"type":"Point","coordinates":[39.53,14.75]},"properties":{"name":"Soira","name_en":"Emba Soira","name_zh":"索依拉峰","featurecla":"mountain","scalerank":9,"region":"Africa","subregion":null,"label":null,"elevation":3018,"wikidataid":"Q1753730","min_zoom":7.2}},{"type":"Feature","geometry":{"type":"Point","coordinates":[-12.54,12.37]},"properties":{"name":null,"name_en":null,"name_zh":null,"featurecla":"spot elevation","scalerank":9,"region":"Africa","subregion":null,"label":null,"elevation":581,"wikidataid":null,"min_zoom":7.2}},{"type":"Feature","geometry":{"type":"Point","coordinates":[35.59,-15.95]},"properties":{"name":"Sapitwa Peak","name_en":"Sapitwa","name_zh":"萨必瓦峰","featurecla":"mountain","scalerank":9,"region":"Africa","subregion":null,"label":"Sapitwa Peak","elevation":3003,"wikidataid":"Q3044073","min_zoom":7.2}},{"type":"Feature","geometry":{"type":"Point","coordinates":[8.76,3.59]},"properties":{"name":"Pico de Santa Isabel","name_en":"Pico Basilé","name_zh":"巴希莱峰","featurecla":"mountain","scalerank":9,"region":"Africa","subregion":null,"label":null,"elevation":3008,"wikidataid":"Q1518286","min_zoom":7.2}},{"type":"Feature","geometry":{"type":"Point","coordinates":[19.21,22.03]},"properties":{"name":"Pic Bette","name_en":"Bikku Bitti","name_zh":"贝蒂山","featurecla":"mountain","scalerank":9,"region":"Africa","subregion":null,"label":null,"elevation":2266,"wikidataid":"Q860146","min_zoom":7.2}},{"type":"Feature","geometry":{"type":"Point","coordinates":[34.02,-9.08]},"properties":{"name":"Mtorwi","name_en":"Mtorwi","name_zh":"姆托鲁维山","featurecla":"mountain","scalerank":9,"region":"Africa","subregion":null,"label":null,"elevation":2980,"wikidataid":"Q1951561","min_zoom":7.2}},{"type":"Feature","geometry":{"type":"Point","coordinates":[42.41,12.45]},"properties":{"name":"Moussa Ali","name_en":"Mousa Ali","name_zh":"阿里山","featurecla":"mountain","scalerank":9,"region":"Africa","subregion":null,"label":null,"elevation":2021,"wikidataid":"Q1951029","min_zoom":7.2}},{"type":"Feature","geometry":{"type":"Point","coordinates":[-9.86,8.14]},"properties":{"name":"Mount Wuteve","name_en":"Mount Wuteve","name_zh":"武蒂維峰","featurecla":"mountain","scalerank":9,"region":"Africa","subregion":null,"label":null,"elevation":1380,"wikidataid":"Q1950836","min_zoom":7.2}},{"type":"Feature","geometry":{"type":"Point","coordinates":[0.53,7.15]},"properties":{"name":"Mount Afadjoto","name_en":"Mount Afadja","name_zh":"阿法賈托山","featurecla":"mountain","scalerank":9,"region":"Africa","subregion":null,"label":"Mount Afadjoto","elevation":885,"wikidataid":"Q635179","min_zoom":7.2}},{"type":"Feature","geometry":{"type":"Point","coordinates":[9.97,1.39]},"properties":{"name":"Monte Mitra","name_en":"Mount Mitra","name_zh":"密特拉山","featurecla":"mountain","scalerank":9,"region":"Africa","subregion":null,"label":null,"elevation":1200,"wikidataid":null,"min_zoom":7.2}},{"type":"Feature","geometry":{"type":"Point","coordinates":[14.9,6.59]},"properties":{"name":"Mont Ngaoui","name_en":"Mont Ngaoui","name_zh":"恩加亚山","featurecla":"mountain","scalerank":9,"region":"Africa","subregion":null,"label":null,"elevation":1410,"wikidataid":"Q2422162","min_zoom":7.2}},{"type":"Feature","geometry":{"type":"Point","coordinates":[13.99,1.84]},"properties":{"name":"Mont Nabeba","name_en":"Mont Nabemba","name_zh":"纳贝巴山","featurecla":"mountain","scalerank":9,"region":"Africa","subregion":null,"label":null,"elevation":1020,"wikidataid":"Q3113296","min_zoom":7.2}},{"type":"Feature","geometry":{"type":"Point","coordinates":[28.78,-2.95]},"properties":{"name":"Mont Mohi","name_en":"Mont Mohi","name_zh":"莫希山","featurecla":"mountain","scalerank":9,"region":"Africa","subregion":null,"label":null,"elevation":3480,"wikidataid":"Q3321953","min_zoom":7.2}},{"type":"Feature","geometry":{"type":"Point","coordinates":[29.5,-3.6]},"properties":{"name":"Mont Heha","name_en":"Mount Heha","name_zh":"賀哈山","featurecla":"mountain","scalerank":9,"region":"Africa","subregion":null,"label":null,"elevation":2670,"wikidataid":"Q1649074","min_zoom":7.2}},{"type":"Feature","geometry":{"type":"Point","coordinates":[9.17,4.22]},"properties":{"name":"Mont Cameroun","name_en":"Mount Cameroon","name_zh":"喀麦隆火山","featurecla":"mountain","scalerank":9,"region":"Africa","subregion":null,"label":null,"elevation":4040,"wikidataid":"Q190562","min_zoom":7.2}},{"type":"Feature","geometry":{"type":"Point","coordinates":[13.69,0.96]},"properties":{"name":"Mont Bengoué","name_en":"Mont Bengoué","name_zh":"本古埃山","featurecla":"mountain","scalerank":9,"region":"Africa","subregion":null,"label":null,"elevation":1070,"wikidataid":"Q3210770","min_zoom":7.2}},{"type":"Feature","geometry":{"type":"Point","coordinates":[25.67,-24.84]},"properties":{"name":"Monalanong Hill","name_en":"Monalanong Hill","name_zh":"莫纳拉农山","featurecla":"mountain","scalerank":9,"region":"Africa","subregion":null,"label":null,"elevation":1494,"wikidataid":"Q6897936","min_zoom":7.2}},{"type":"Feature","geometry":{"type":"Point","coordinates":[22.36,8.6]},"properties":{"name":"Masif des Bongos","name_en":"Bongo Massif","name_zh":"邦戈山","featurecla":"mountain","scalerank":9,"region":"Africa","subregion":null,"label":null,"elevation":1400,"wikidataid":null,"min_zoom":7.2}},{"type":"Feature","geometry":{"type":"Point","coordinates":[29.36,-29.2]},"properties":{"name":"Mafadi","name_en":"Mafadi","name_zh":"馬法迪","featurecla":"mountain","scalerank":9,"region":"Africa","subregion":null,"label":null,"elevation":3451,"wikidataid":"Q1883683","min_zoom":7.2}},{"type":"Feature","geometry":{"type":"Point","coordinates":[-14.33,19.72]},"properties":{"name":"Kdeyyat ej Joul","name_en":"Kdeyyat ej Joul","name_zh":"科德亚塔伊基焦耳山","featurecla":"mountain","scalerank":9,"region":"Africa","subregion":null,"label":null,"elevation":915,"wikidataid":null,"min_zoom":7.2}},{"type":"Feature","geometry":{"type":"Point","coordinates":[-9.08,29.79]},"properties":{"name":"Jebel Lekst","name_en":"Jebel Lkst","name_zh":"杰贝尔莱克斯特山","featurecla":"mountain","scalerank":9,"region":"Africa","subregion":null,"label":null,"elevation":2359,"wikidataid":"Q27515019","min_zoom":7.2}},{"type":"Feature","geometry":{"type":"Point","coordinates":[8.68,35.2]},"properties":{"name":"Jebel Chambi","name_en":"Jebel ech Chambi","name_zh":"舍阿奈比山","featurecla":"mountain","scalerank":9,"region":"Africa","subregion":null,"label":null,"elevation":1544,"wikidataid":"Q1232136","min_zoom":7.2}},{"type":"Feature","geometry":{"type":"Point","coordinates":[36.67,20.34]},"properties":{"name":"Jabal Oda","name_en":"Jabal Oda","name_zh":"奥达山","featurecla":"mountain","scalerank":9,"region":"Africa","subregion":null,"label":"Jabal Oda","elevation":2260,"wikidataid":"Q29976941","min_zoom":7.2}},{"type":"Feature","geometry":{"type":"Point","coordinates":[-1.68,15.26]},"properties":{"name":"Hombori Tondo","name_en":"Mount Hombori","name_zh":"霍姆博里通多山","featurecla":"mountain","scalerank":9,"region":"Africa","subregion":null,"label":null,"elevation":1155,"wikidataid":"Q1454300","min_zoom":7.2}},{"type":"Feature","geometry":{"type":"Point","coordinates":[-13.9,11.69]},"properties":{"name":null,"name_en":null,"name_zh":null,"featurecla":"spot elevation","scalerank":9,"region":"Africa","subregion":null,"label":null,"elevation":262,"wikidataid":null,"min_zoom":7.2}},{"type":"Feature","geometry":{"type":"Point","coordinates":[39.96,8.21]},"properties":{"name":"Gugu","name_en":"Gugu","name_zh":"古古山","featurecla":"mountain","scalerank":9,"region":"Africa","subregion":null,"label":null,"elevation":3626,"wikidataid":"Q24028774","min_zoom":7.2}},{"type":"Feature","geometry":{"type":"Point","coordinates":[33.95,28.51]},"properties":{"name":"Gebel Katherna","name_en":"Mount Catherine","name_zh":"凯瑟琳山","featurecla":"mountain","scalerank":9,"region":"Africa","subregion":null,"label":"Gebel Katherna","elevation":2629,"wikidataid":"Q1140642","min_zoom":7.2}},{"type":"Feature","geometry":{"type":"Point","coordinates":[-13.99,13.57]},"properties":{"name":null,"name_en":null,"name_zh":null,"featurecla":"spot elevation","scalerank":9,"region":"Africa","subregion":null,"label":null,"elevation":53,"wikidataid":null,"min_zoom":7.2}},{"type":"Feature","geometry":{"type":"Point","coordinates":[31.13,-25.92]},"properties":{"name":"Emlembe","name_en":"Emlembe","name_zh":"埃伦贝山","featurecla":"mountain","scalerank":9,"region":"Africa","subregion":null,"label":null,"elevation":1862,"wikidataid":"Q1337951","min_zoom":7.2}},{"type":"Feature","geometry":{"type":"Point","coordinates":[11.72,7.06]},"properties":{"name":"Chappal Wadi","name_en":"Chappal Waddi","name_zh":"沙帕爾谷山","featurecla":"mountain","scalerank":9,"region":"Africa","subregion":null,"label":null,"elevation":2419,"wikidataid":"Q976055","min_zoom":7.2}},{"type":"Feature","geometry":{"type":"Point","coordinates":[39.1,10.95]},"properties":{"name":"Amba Farit","name_en":"Amba Farit","name_zh":"安巴弗里特山","featurecla":"mountain","scalerank":9,"region":"Africa","subregion":null,"label":"Amba Farit","elevation":4270,"wikidataid":"Q24026551","min_zoom":7.2}},{"type":"Feature","geometry":{"type":"Point","coordinates":[-3.88,33.59]},"properties":{"name":"Adrar Bou Nasser","name_en":"Adrar Bou Nasser","name_zh":"布纳赛尔山","featurecla":"mountain","scalerank":9,"region":"Africa","subregion":null,"label":null,"elevation":3340,"wikidataid":"Q27519827","min_zoom":7.2}},{"type":"Feature","geometry":{"type":"Point","coordinates":[-63.383,-71.367]},"properties":{"name":"Mount Andrew Jackson","name_en":"Mount Jackson","name_zh":"傑克遜山","featurecla":"mountain","scalerank":6,"region":"Antarctica","subregion":null,"label":"Mt. Jackson","elevation":3184,"wikidataid":"Q1616285","min_zoom":6.7}},{"type":"Feature","geometry":{"type":"Point","coordinates":[-52.809,-82.618]},"properties":{"name":"England Peak","name_en":"England Peak","name_zh":"英格蘭峰","featurecla":"mountain","scalerank":6,"region":"Antarctica","subregion":null,"label":"England Pk.","elevation":2150,"wikidataid":"Q5377995","min_zoom":6.7}},{"type":"Feature","geometry":{"type":"Point","coordinates":[6.818,-71.87]},"properties":{"name":"Kyrkjeskipet Peak","name_en":"Kyrkjeskipet Peak","name_zh":"許爾舍希佩特峰","featurecla":"mountain","scalerank":6,"region":"Antarctica","subregion":null,"label":"Kyrkjeskipet Pk.","elevation":3085,"wikidataid":"Q6452541","min_zoom":6.7}},{"type":"Feature","geometry":{"type":"Point","coordinates":[51.952,-66.763]},"properties":{"name":"Mount McMaster","name_en":"Mount McMaster","name_zh":"麦克马斯特山","featurecla":"mountain","scalerank":6,"region":"Antarctica","subregion":null,"label":null,"elevation":2830,"wikidataid":null,"min_zoom":6.7}},{"type":"Feature","geometry":{"type":"Point","coordinates":[167.183,-77.514]},"properties":{"name":"Mount Erebus","name_en":"Mount Erebus","name_zh":"埃里伯斯火山","featurecla":"mountain","scalerank":6,"region":"Antarctica","subregion":null,"label":null,"elevation":3795,"wikidataid":"Q188982","min_zoom":6.7}},{"type":"Feature","geometry":{"type":"Point","coordinates":[168.757,-71.77]},"properties":{"name":"Mount Minto","name_en":"Mount Minto","name_zh":"明托山","featurecla":"mountain","scalerank":6,"region":"Antarctica","subregion":null,"label":"Mt. Minto","elevation":4166,"wikidataid":"Q1950606","min_zoom":6.7}},{"type":"Feature","geometry":{"type":"Point","coordinates":[166.45,-84.34]},"properties":{"name":"Mount Kirkpatrick","name_en":"Mount Kirkpatrick","name_zh":"柯克帕特里克山","featurecla":"mountain","scalerank":6,"region":"Antarctica","subregion":null,"label":null,"elevation":4528,"wikidataid":"Q1929197","min_zoom":6.7}},{"type":"Feature","geometry":{"type":"Point","coordinates":[123.36,-75.092]},"properties":{"name":"Concordia Station (Fr. and It.)","name_en":"Concordia Station","name_zh":"康宏站","featurecla":"plateau","scalerank":6,"region":"Antarctica","subregion":null,"label":"Concordia Station (Fr. and It.)","elevation":3233,"wikidataid":"Q403127","min_zoom":6.7}},{"type":"Feature","geometry":{"type":"Point","coordinates":[106.84,-78.427]},"properties":{"name":"Vostok Station (Rus.)","name_en":"Vostok Station","name_zh":"东方站","featurecla":"plateau","scalerank":6,"region":"Antarctica","subregion":null,"label":"Vostok Station (Rus.)","elevation":3488,"wikidataid":"Q211014","min_zoom":6.7}},{"type":"Feature","geometry":{"type":"Point","coordinates":[39.698,-77.323]},"properties":{"name":"Fuji Station (Japan)","name_en":"Dome Fuji Station","name_zh":"富士站（日本）","featurecla":"plateau","scalerank":6,"region":"Antarctica","subregion":null,"label":"Fuji Station (Japan)","elevation":3810,"wikidataid":"Q7474939","min_zoom":6.7}},{"type":"Feature","geometry":{"type":"Point","coordinates":[77.348,-80.356]},"properties":{"name":"Dome A (Argus)","name_en":"Dome A (Dome Argus)","name_zh":"冰穹 A（阿尔格斯）","featurecla":"plateau","scalerank":6,"region":"Antarctica","subregion":null,"label":null,"elevation":4093,"wikidataid":null,"min_zoom":6.7}},{"type":"Feature","geometry":{"type":"Point","coordinates":[-85.634,-78.529]},"properties":{"name":"Vinson Massif","name_en":"Vinson Massif","name_zh":"文森山","featurecla":"mountain","scalerank":2,"region":"Antarctica","subregion":null,"label":null,"elevation":4892,"wikidataid":"Q163758","min_zoom":5}},{"type":"Feature","geometry":{"type":"Point","coordinates":[-112.1,-76.273]},"properties":{"name":"Mount Takahe","name_en":"Mount Takahe","name_zh":"塔卡黑火山","featurecla":"mountain","scalerank":3,"region":"Antarctica","subregion":null,"label":"Mt. Takahe","elevation":3460,"wikidataid":"Q358755","min_zoom":5.1}},{"type":"Feature","geometry":{"type":"Point","coordinates":[-126.067,-77.032]},"properties":{"name":"Mount Sidley","name_en":"Mount Sidley","name_zh":"西德利火山","featurecla":"mountain","scalerank":3,"region":"Antarctica","subregion":null,"label":"Mt. Sidley","elevation":4285,"wikidataid":"Q924312","min_zoom":5.1}},{"type":"Feature","geometry":{"type":"Point","coordinates":[-167.555,-85.348]},"properties":{"name":"Mount Fridtjof Nansen","name_en":"Mount Fridtjof Nansen","name_zh":"弗里喬夫南森山","featurecla":"mountain","scalerank":3,"region":"Antarctica","subregion":null,"label":"Mt. Fridtjof Nansen","elevation":4069,"wikidataid":"Q3321842","min_zoom":5.1}},{"type":"Feature","geometry":{"type":"Point","coordinates":[-103.9,-82.47]},"properties":{"name":"Mount Seelig","name_en":"Mount Seelig","name_zh":"西利格山","featurecla":"mountain","scalerank":9,"region":"Antarctica","subregion":null,"label":null,"elevation":3022,"wikidataid":"Q21472459","min_zoom":7.2}},{"type":"Feature","geometry":{"type":"Point","coordinates":[162.69,-78.06]},"properties":{"name":"Mount Lister","name_en":"Mount Lister","name_zh":"李斯德山","featurecla":"mountain","scalerank":9,"region":"Antarctica","subregion":null,"label":null,"elevation":4023,"wikidataid":"Q3861688","min_zoom":7.2}},{"type":"Feature","geometry":{"type":"Point","coordinates":[175.36,-84.56]},"properties":{"name":"Mount Kaplan","name_en":"Mount Kaplan","name_zh":"卡普蘭山","featurecla":"mountain","scalerank":9,"region":"Antarctica","subregion":null,"label":null,"elevation":4230,"wikidataid":"Q3321901","min_zoom":7.2}},{"type":"Feature","geometry":{"type":"Point","coordinates":[26.08,-72.13]},"properties":{"name":"Isachsen Mountain","name_en":"Isachsen Mountain","name_zh":"伊薩克森山","featurecla":"mountain","scalerank":9,"region":"Antarctica","subregion":null,"label":null,"elevation":3425,"wikidataid":"Q3376469","min_zoom":7.2}},{"type":"Feature","geometry":{"type":"Point","coordinates":[-128.63,-85.71]},"properties":{"name":"Faure Peak","name_en":"Faure Peak","name_zh":"福尔峰","featurecla":"mountain","scalerank":9,"region":"Antarctica","subregion":null,"label":null,"elevation":3940,"wikidataid":"Q21485532","min_zoom":7.2}},{"type":"Feature","geometry":{"type":"Point","coordinates":[-90.85,-85.04]},"properties":{"name":"Anderson Summit","name_en":"Anderson Summit","name_zh":"安德森峰","featurecla":"mountain","scalerank":9,"region":"Antarctica","subregion":null,"label":null,"elevation":2810,"wikidataid":"Q4754193","min_zoom":7.2}},{"type":"Feature","geometry":{"type":"Point","coordinates":[94.297,52.621]},"properties":{"name":null,"name_en":null,"name_zh":null,"featurecla":"spot elevation","scalerank":7,"region":"Asia","subregion":null,"label":null,"elevation":2522,"wikidataid":null,"min_zoom":7}},{"type":"Feature","geometry":{"type":"Point","coordinates":[93.773,23.332]},"properties":{"name":"Kennedy Peak","name_en":"Kennedy Peak","name_zh":"肯尼迪峰","featurecla":"mountain","scalerank":7,"region":"Asia","subregion":null,"label":"Kennedy Pk.","elevation":2703,"wikidataid":"Q6389671","min_zoom":7}},{"type":"Feature","geometry":{"type":"Point","coordinates":[98.091,22.66]},"properties":{"name":"Loi Leng","name_en":"Loi Leng","name_zh":"莱伦山","featurecla":"mountain","scalerank":7,"region":"Asia","subregion":null,"label":null,"elevation":2673,"wikidataid":"Q6668076","min_zoom":7}},{"type":"Feature","geometry":{"type":"Point","coordinates":[98.491,18.598]},"properties":{"name":"Doi Inthanon","name_en":"Doi Inthanon","name_zh":"因他暖山","featurecla":"mountain","scalerank":7,"region":"Asia","subregion":null,"label":null,"elevation":2580,"wikidataid":"Q1140075","min_zoom":7}},{"type":"Feature","geometry":{"type":"Point","coordinates":[98.813,13.481]},"properties":{"name":"Myinmoletkat Taung","name_en":"Myinmoletkat Taung","name_zh":"敏莫莱卡山","featurecla":"mountain","scalerank":7,"region":"Asia","subregion":null,"label":null,"elevation":2072,"wikidataid":"Q6947477","min_zoom":7}},{"type":"Feature","geometry":{"type":"Point","coordinates":[104.176,12.051]},"properties":{"name":"Phnom Aural","name_en":"Phnom Aural","name_zh":"奥拉尔山","featurecla":"mountain","scalerank":7,"region":"Asia","subregion":null,"label":null,"elevation":1813,"wikidataid":"Q539772","min_zoom":7}},{"type":"Feature","geometry":{"type":"Point","coordinates":[108.015,15.162]},"properties":{"name":"Ngoc Linh","name_en":"Ngoc Linh","name_zh":"玉灵丘","featurecla":"mountain","scalerank":7,"region":"Asia","subregion":null,"label":null,"elevation":2598,"wikidataid":"Q7022474","min_zoom":7}},{"type":"Feature","geometry":{"type":"Point","coordinates":[108.43,12.404]},"properties":{"name":"Chuo Yang Sin","name_en":"Chu Yang Sin","name_zh":"绰阳仙山","featurecla":"mountain","scalerank":7,"region":"Asia","subregion":null,"label":null,"elevation":2420,"wikidataid":null,"min_zoom":7}},{"type":"Feature","geometry":{"type":"Point","coordinates":[78.489,33.751]},"properties":{"name":"Kangju Kangri","name_en":"Kangju Kangri","name_zh":"康居康日山","featurecla":"mountain","scalerank":7,"region":"Asia","subregion":null,"label":null,"elevation":6725,"wikidataid":"Q19459387","min_zoom":7}},{"type":"Feature","geometry":{"type":"Point","coordinates":[76.024,33.984]},"properties":{"name":"Nun","name_en":"Mount Nun","name_zh":"怒山","featurecla":"mountain","scalerank":7,"region":"Asia","subregion":null,"label":null,"elevation":7135,"wikidataid":"Q1537198","min_zoom":7}},{"type":"Feature","geometry":{"type":"Point","coordinates":[69.937,31.694]},"properties":{"name":"Obasta Tsukai","name_en":"Obasta Tsukai","name_zh":"奥巴斯塔津凯山","featurecla":"mountain","scalerank":7,"region":"Asia","subregion":null,"label":null,"elevation":3452,"wikidataid":null,"min_zoom":7}},{"type":"Feature","geometry":{"type":"Point","coordinates":[93.917,21.243]},"properties":{"name":"Mount Victoria","name_en":"Mount Victoria","name_zh":"维多利亚山","featurecla":"mountain","scalerank":7,"region":"Asia","subregion":null,"label":"Mt. Victoria","elevation":3053,"wikidataid":"Q2666968","min_zoom":7}},{"type":"Feature","geometry":{"type":"Point","coordinates":[99.617,26.873]},"properties":{"name":"Laotzyunshan","name_en":"Laotzyunshan","name_zh":"老君山","featurecla":"mountain","scalerank":7,"region":"Asia","subregion":null,"label":null,"elevation":4500,"wikidataid":null,"min_zoom":7}},{"type":"Feature","geometry":{"type":"Point","coordinates":[98.76,79.532]},"properties":{"name":null,"name_en":null,"name_zh":null,"featurecla":"spot elevation","scalerank":7,"region":"Asia","subregion":null,"label":null,"elevation":965,"wikidataid":null,"min_zoom":7}},{"type":"Feature","geometry":{"type":"Point","coordinates":[100.238,45.005]},"properties":{"name":"Tergun Bogd","name_en":"Ikh Bogd","name_zh":"特贡博格德山","featurecla":"mountain","scalerank":7,"region":"Asia","subregion":null,"label":null,"elevation":3957,"wikidataid":null,"min_zoom":7}},{"type":"Feature","geometry":{"type":"Point","coordinates":[91.465,46.89]},"properties":{"name":"Munkh Khairkhan","name_en":"Mönkh Khairkhan","name_zh":"蒙克凯尔汗山","featurecla":"mountain","scalerank":7,"region":"Asia","subregion":null,"label":"Munkh Khairkhan","elevation":4231,"wikidataid":"Q6950349","min_zoom":7}},{"type":"Feature","geometry":{"type":"Point","coordinates":[110.455,54.671]},"properties":{"name":null,"name_en":null,"name_zh":null,"featurecla":"spot elevation","scalerank":7,"region":"Asia","subregion":null,"label":null,"elevation":2840,"wikidataid":null,"min_zoom":7}},{"type":"Feature","geometry":{"type":"Point","coordinates":[97.716,38.515]},"properties":{"name":"Kangze'gyai","name_en":"Kangze'gyai","name_zh":"康泽盖山","featurecla":"mountain","scalerank":7,"region":"Asia","subregion":null,"label":null,"elevation":5808,"wikidataid":null,"min_zoom":7}},{"type":"Feature","geometry":{"type":"Point","coordinates":[103.775,43.647]},"properties":{"name":"Dund Sayhni Nuru","name_en":"Dund Sayhni Nuru","name_zh":"邓德赛尼努鲁山","featurecla":"mountain","scalerank":7,"region":"Asia","subregion":null,"label":null,"elevation":2825,"wikidataid":null,"min_zoom":7}},{"type":"Feature","geometry":{"type":"Point","coordinates":[117.581,43.542]},"properties":{"name":"Huanggangliang","name_en":"Huanggangliang","name_zh":"黄岗梁","featurecla":"mountain","scalerank":7,"region":"Asia","subregion":null,"label":null,"elevation":2029,"wikidataid":"Q29620877","min_zoom":7}},{"type":"Feature","geometry":{"type":"Point","coordinates":[110.581,30.245]},"properties":{"name":null,"name_en":null,"name_zh":null,"featurecla":"spot elevation","scalerank":7,"region":"Asia","subregion":null,"label":null,"elevation":2300,"wikidataid":null,"min_zoom":7}},{"type":"Feature","geometry":{"type":"Point","coordinates":[108.678,27.895]},"properties":{"name":"Fenghuang Shan","name_en":"Phoenix Mountain","name_zh":"凤凰山","featurecla":"mountain","scalerank":7,"region":"Asia","subregion":null,"label":null,"elevation":2570,"wikidataid":"Q28794387","min_zoom":7}},{"type":"Feature","geometry":{"type":"Point","coordinates":[110.1,23.99]},"properties":{"name":"Shengtang Shan","name_en":"Shengtang Mountain","name_zh":"圣堂山","featurecla":"mountain","scalerank":7,"region":"Asia","subregion":null,"label":null,"elevation":1935,"wikidataid":null,"min_zoom":7}},{"type":"Feature","geometry":{"type":"Point","coordinates":[110.129,34.436]},"properties":{"name":"Hua Shan","name_en":"Mount Hua","name_zh":"华山","featurecla":"mountain","scalerank":7,"region":"Asia","subregion":null,"label":null,"elevation":2130,"wikidataid":"Q112568","min_zoom":7}},{"type":"Feature","geometry":{"type":"Point","coordinates":[105.945,38.837]},"properties":{"name":"Helan Shan","name_en":"Helan Mountains","name_zh":"贺兰山","featurecla":"mountain","scalerank":7,"region":"Asia","subregion":null,"label":null,"elevation":3540,"wikidataid":"Q13770","min_zoom":7}},{"type":"Feature","geometry":{"type":"Point","coordinates":[130.425,55.909]},"properties":{"name":null,"name_en":null,"name_zh":null,"featurecla":"spot elevation","scalerank":7,"region":"Asia","subregion":null,"label":null,"elevation":2380,"wikidataid":null,"min_zoom":7}},{"type":"Feature","geometry":{"type":"Point","coordinates":[134.017,57.621]},"properties":{"name":"Gora Golets-Oblachnyy","name_en":"Gora Golets-Oblachnyy","name_zh":"戈勒克奥巴拉奇尼山","featurecla":"mountain","scalerank":7,"region":"Asia","subregion":null,"label":null,"elevation":2482,"wikidataid":null,"min_zoom":7}},{"type":"Feature","geometry":{"type":"Point","coordinates":[128.145,67.603]},"properties":{"name":null,"name_en":null,"name_zh":null,"featurecla":"spot elevation","scalerank":7,"region":"Asia","subregion":null,"label":null,"elevation":2409,"wikidataid":null,"min_zoom":7}},{"type":"Feature","geometry":{"type":"Point","coordinates":[109.713,18.913]},"properties":{"name":"Wuzhi Shan","name_en":"Wuzhi Mountain","name_zh":"五指山","featurecla":"mountain","scalerank":7,"region":"Asia","subregion":null,"label":null,"elevation":1840,"wikidataid":"Q693429","min_zoom":7}},{"type":"Feature","geometry":{"type":"Point","coordinates":[103.772,22.313]},"properties":{"name":"Fan Si Pan","name_en":"Fansipan","name_zh":"番西邦峰","featurecla":"mountain","scalerank":7,"region":"Asia","subregion":null,"label":null,"elevation":3142,"wikidataid":"Q123782","min_zoom":7}},{"type":"Feature","geometry":{"type":"Point","coordinates":[77.067,10.17]},"properties":{"name":"Anai Mudi","name_en":"Anamudi","name_zh":"阿奈穆迪山","featurecla":"mountain","scalerank":7,"region":"Asia","subregion":null,"label":null,"elevation":2695,"wikidataid":"Q485550","min_zoom":7}},{"type":"Feature","geometry":{"type":"Point","coordinates":[84.357,18.974]},"properties":{"name":"Mahendra Giri","name_en":"Mahendragiri","name_zh":"马亨德拉吉里山","featurecla":"mountain","scalerank":7,"region":"Asia","subregion":null,"label":null,"elevation":1501,"wikidataid":"Q26783773","min_zoom":7}},{"type":"Feature","geometry":{"type":"Point","coordinates":[73.93,20.711]},"properties":{"name":"Salher","name_en":"Salher","name_zh":"萨尔赫山","featurecla":"mountain","scalerank":7,"region":"Asia","subregion":null,"label":null,"elevation":1567,"wikidataid":"Q7404420","min_zoom":7}},{"type":"Feature","geometry":{"type":"Point","coordinates":[74.862,13.88]},"properties":{"name":"Kodachadri","name_en":"Kodachadri","name_zh":"科达查德里山","featurecla":"mountain","scalerank":7,"region":"Asia","subregion":null,"label":null,"elevation":1343,"wikidataid":"Q3595688","min_zoom":7}},{"type":"Feature","geometry":{"type":"Point","coordinates":[72.778,24.657]},"properties":{"name":"Guru Sikhar","name_en":"Guru Shikhar","name_zh":"古鲁西卡尔山","featurecla":"mountain","scalerank":7,"region":"Asia","subregion":null,"label":"Guru Sikhar","elevation":1722,"wikidataid":"Q3533921","min_zoom":7}},{"type":"Feature","geometry":{"type":"Point","coordinates":[117.788,27.853]},"properties":{"name":"Huanggang Shan","name_en":"Huanggangshan","name_zh":"黄冈山","featurecla":"mountain","scalerank":7,"region":"Asia","subregion":null,"label":null,"elevation":2170,"wikidataid":"Q29620880","min_zoom":7}},{"type":"Feature","geometry":{"type":"Point","coordinates":[82.493,47.199]},"properties":{"name":"Gora Tastau","name_en":"Gora Tastau","name_zh":"塔斯托山","featurecla":"mountain","scalerank":7,"region":"Asia","subregion":null,"label":null,"elevation":2992,"wikidataid":null,"min_zoom":7}},{"type":"Feature","geometry":{"type":"Point","coordinates":[77.671,41.076]},"properties":{"name":null,"name_en":null,"name_zh":null,"featurecla":"spot elevation","scalerank":7,"region":"Asia","subregion":null,"label":null,"elevation":5982,"wikidataid":null,"min_zoom":7}},{"type":"Feature","geometry":{"type":"Point","coordinates":[77.331,43.105]},"properties":{"name":"Pik Talghar","name_en":"Pik Talgar","name_zh":"塔爾加爾峰","featurecla":"mountain","scalerank":7,"region":"Asia","subregion":null,"label":null,"elevation":4979,"wikidataid":"Q608494","min_zoom":7}},{"type":"Feature","geometry":{"type":"Point","coordinates":[74.56,36.538]},"properties":{"name":"Batura Mustagh I","name_en":"Batura Sar","name_zh":"巴托拉峰","featurecla":"mountain","scalerank":7,"region":"Asia","subregion":null,"label":null,"elevation":7795,"wikidataid":"Q811064","min_zoom":7}},{"type":"Feature","geometry":{"type":"Point","coordinates":[91.793,25.425]},"properties":{"name":null,"name_en":null,"name_zh":null,"featurecla":"spot elevation","scalerank":7,"region":"Asia","subregion":null,"label":null,"elevation":1961,"wikidataid":null,"min_zoom":7}},{"type":"Feature","geometry":{"type":"Point","coordinates":[84.602,36.734]},"properties":{"name":"Ak Tag","name_en":"Aktag","name_zh":"阿克塔山","featurecla":"mountain","scalerank":7,"region":"Asia","subregion":null,"label":"Ak Tag","elevation":6748,"wikidataid":"Q28794266","min_zoom":7}},{"type":"Feature","geometry":{"type":"Point","coordinates":[80.926,35.323]},"properties":{"name":"Liushi Shan","name_en":"Liushi Shan","name_zh":"昆仑神女峰","featurecla":"mountain","scalerank":7,"region":"Asia","subregion":null,"label":null,"elevation":7167,"wikidataid":"Q6654097","min_zoom":7}},{"type":"Feature","geometry":{"type":"Point","coordinates":[95.066,29.643]},"properties":{"name":"Namcha Barwa","name_en":"Namcha Barwa","name_zh":"南迦巴瓦峰","featurecla":"mountain","scalerank":7,"region":"Asia","subregion":null,"label":null,"elevation":7782,"wikidataid":"Q1050238","min_zoom":7}},{"type":"Feature","geometry":{"type":"Point","coordinates":[113.016,24.93]},"properties":{"name":"Paishidin","name_en":"Mount Shikengkong","name_zh":"派希丁山","featurecla":"mountain","scalerank":7,"region":"Asia","subregion":null,"label":null,"elevation":1895,"wikidataid":null,"min_zoom":7}},{"type":"Feature","geometry":{"type":"Point","coordinates":[129.561,47.507]},"properties":{"name":null,"name_en":null,"name_zh":null,"featurecla":"spot elevation","scalerank":7,"region":"Asia","subregion":null,"label":null,"elevation":1047,"wikidataid":null,"min_zoom":7}},{"type":"Feature","geometry":{"type":"Point","coordinates":[118.858,30.121]},"properties":{"name":"Qingliang Feng","name_en":"Qingliang Feng Mountain","name_zh":"清凉峰","featurecla":"mountain","scalerank":7,"region":"Asia","subregion":null,"label":null,"elevation":1787,"wikidataid":null,"min_zoom":7}},{"type":"Feature","geometry":{"type":"Point","coordinates":[121.978,51.106]},"properties":{"name":null,"name_en":null,"name_zh":null,"featurecla":"spot elevation","scalerank":7,"region":"Asia","subregion":null,"label":null,"elevation":1150,"wikidataid":null,"min_zoom":7}},{"type":"Feature","geometry":{"type":"Point","coordinates":[140.096,68.375]},"properties":{"name":null,"name_en":null,"name_zh":null,"featurecla":"spot elevation","scalerank":7,"region":"Asia","subregion":null,"label":null,"elevation":2021,"wikidataid":null,"min_zoom":7}},{"type":"Feature","geometry":{"type":"Point","coordinates":[137.629,36.595]},"properties":{"name":"Tate-yama","name_en":"Mount Tate","name_zh":"立山","featurecla":"mountain","scalerank":7,"region":"Asia","subregion":null,"label":"Tate-yama","elevation":3015,"wikidataid":"Q2977103","min_zoom":7}},{"type":"Feature","geometry":{"type":"Point","coordinates":[140.989,39.86]},"properties":{"name":"Iwate-san","name_en":"Mount Iwate","name_zh":"岩手山","featurecla":"mountain","scalerank":7,"region":"Asia","subregion":null,"label":null,"elevation":2038,"wikidataid":"Q713836","min_zoom":7}},{"type":"Feature","geometry":{"type":"Point","coordinates":[160.704,57.933]},"properties":{"name":"Gora Khuvkhoitun","name_en":"Khuvkhoitun","name_zh":"胡夫霍伊通火山","featurecla":"mountain","scalerank":7,"region":"Asia","subregion":null,"label":"Gora Khuvkhoitun","elevation":2616,"wikidataid":"Q4502055","min_zoom":7}},{"type":"Feature","geometry":{"type":"Point","coordinates":[165.607,63.642]},"properties":{"name":"Seraya","name_en":"Mount Seraya","name_zh":"塞拉亚山","featurecla":"mountain","scalerank":7,"region":"Asia","subregion":null,"label":null,"elevation":1162,"wikidataid":null,"min_zoom":7}},{"type":"Feature","geometry":{"type":"Point","coordinates":[154.957,63.536]},"properties":{"name":"Volna","name_en":"Gora Volna","name_zh":"沃纳山","featurecla":"mountain","scalerank":7,"region":"Asia","subregion":null,"label":null,"elevation":1585,"wikidataid":null,"min_zoom":7}},{"type":"Feature","geometry":{"type":"Point","coordinates":[141.825,65.304]},"properties":{"name":"Gora Chen","name_en":"Gora Chen","name_zh":"奇恩山","featurecla":"mountain","scalerank":7,"region":"Asia","subregion":null,"label":null,"elevation":2690,"wikidataid":null,"min_zoom":7}},{"type":"Feature","geometry":{"type":"Point","coordinates":[55.366,45.671]},"properties":{"name":null,"name_en":null,"name_zh":null,"featurecla":"spot elevation","scalerank":7,"region":"Asia","subregion":null,"label":null,"elevation":-56,"wikidataid":null,"min_zoom":7}},{"type":"Feature","geometry":{"type":"Point","coordinates":[51.814,43.498]},"properties":{"name":null,"name_en":null,"name_zh":null,"featurecla":"spot elevation","scalerank":7,"region":"Asia","subregion":null,"label":null,"elevation":-132,"wikidataid":null,"min_zoom":7}},{"type":"Feature","geometry":{"type":"Point","coordinates":[58.101,37.804]},"properties":{"name":"Kuh-e Ruzeh","name_en":"Kuh-e Ruzeh","name_zh":"鲁泽山","featurecla":"mountain","scalerank":7,"region":"Asia","subregion":null,"label":null,"elevation":2941,"wikidataid":null,"min_zoom":7}},{"type":"Feature","geometry":{"type":"Point","coordinates":[47.822,38.255]},"properties":{"name":"Sabalon Kuh","name_en":"Mount Sabalan","name_zh":"库萨巴隆山","featurecla":"mountain","scalerank":7,"region":"Asia","subregion":null,"label":null,"elevation":4814,"wikidataid":null,"min_zoom":7}},{"type":"Feature","geometry":{"type":"Point","coordinates":[61.132,28.63]},"properties":{"name":"Kuh-e Taftan","name_en":"Mount Taftan","name_zh":"塔夫坦火山","featurecla":"mountain","scalerank":7,"region":"Asia","subregion":null,"label":null,"elevation":3941,"wikidataid":"Q524954","min_zoom":7}},{"type":"Feature","geometry":{"type":"Point","coordinates":[65.182,28.834]},"properties":{"name":"Ras Koh","name_en":"Ras Koh Hills","name_zh":"拉斯山","featurecla":"mountain","scalerank":7,"region":"Asia","subregion":null,"label":"Ras Koh","elevation":3003,"wikidataid":"Q7294662","min_zoom":7}},{"type":"Feature","geometry":{"type":"Point","coordinates":[30.15,36.615]},"properties":{"name":"Kizlar Sivrisi","name_en":"Kizlar Sivrisi","name_zh":"基兹拉尔西里西山","featurecla":"mountain","scalerank":7,"region":"Asia","subregion":null,"label":null,"elevation":3070,"wikidataid":null,"min_zoom":7}},{"type":"Feature","geometry":{"type":"Point","coordinates":[29.218,40.092]},"properties":{"name":"Uludağ Tepe","name_en":"Uludağ","name_zh":"乌鲁达山","featurecla":"mountain","scalerank":7,"region":"Asia","subregion":null,"label":"Uludağ Tepe","elevation":2543,"wikidataid":"Q925688","min_zoom":7}},{"type":"Feature","geometry":{"type":"Point","coordinates":[36.103,34.315]},"properties":{"name":"Qurnat as Sawdā","name_en":"Qurnat as Sawda'","name_zh":"库纳特索达山","featurecla":"mountain","scalerank":7,"region":"Asia","subregion":null,"label":null,"elevation":3088,"wikidataid":"Q311330","min_zoom":7}},{"type":"Feature","geometry":{"type":"Point","coordinates":[35.156,37.836]},"properties":{"name":"Demirkazik","name_en":"Demirkazık Peak","name_zh":"代米尔卡泽克峰","featurecla":"mountain","scalerank":7,"region":"Asia","subregion":null,"label":null,"elevation":3756,"wikidataid":"Q3022142","min_zoom":7}},{"type":"Feature","geometry":{"type":"Point","coordinates":[41.128,40.841]},"properties":{"name":"Kackar Dagi","name_en":"Kaçkar Dağı","name_zh":"卡奇卡爾山脈","featurecla":"mountain","scalerank":7,"region":"Asia","subregion":null,"label":null,"elevation":3931,"wikidataid":"Q1641126","min_zoom":7}},{"type":"Feature","geometry":{"type":"Point","coordinates":[45.006,36.545]},"properties":{"name":"Kuh-e Haji Ebrahim","name_en":"Kūh-e Ḩājjī Ebrāhīm","name_zh":"哈吉易卜拉欣山","featurecla":"mountain","scalerank":7,"region":"Asia","subregion":null,"label":null,"elevation":3587,"wikidataid":"Q26907338","min_zoom":7}},{"type":"Feature","geometry":{"type":"Point","coordinates":[44.521,13.741]},"properties":{"name":"Jabal Jihaf","name_en":"Jabal Jihaf","name_zh":"吉哈夫山","featurecla":"mountain","scalerank":7,"region":"Asia","subregion":null,"label":null,"elevation":3277,"wikidataid":null,"min_zoom":7}},{"type":"Feature","geometry":{"type":"Point","coordinates":[49.048,14.966]},"properties":{"name":null,"name_en":null,"name_zh":null,"featurecla":"spot elevation","scalerank":7,"region":"Asia","subregion":null,"label":null,"elevation":1730,"wikidataid":null,"min_zoom":7}},{"type":"Feature","geometry":{"type":"Point","coordinates":[118.184,25.681]},"properties":{"name":"Daiyun Shan","name_en":"Daiyun Shan","name_zh":"戴云山","featurecla":"mountain","scalerank":6,"region":"Asia","subregion":null,"label":null,"elevation":1856,"wikidataid":"Q11075233","min_zoom":6.7}},{"type":"Feature","geometry":{"type":"Point","coordinates":[59.134,59.633]},"properties":{"name":"Gora Konzhakovskiy Kamen","name_en":"Konzhakovskiy Kamen","name_zh":"康札科夫斯基卡門山","featurecla":"mountain","scalerank":6,"region":"Europe","subregion":null,"label":"Konzhakovskiy Kamen","elevation":1569,"wikidataid":"Q4230794","min_zoom":6.7}},{"type":"Feature","geometry":{"type":"Point","coordinates":[116.701,41.096]},"properties":{"name":"Yunwu Shan","name_en":"Yunwu Mountain","name_zh":"云雾山","featurecla":"mountain","scalerank":6,"region":"Asia","subregion":null,"label":null,"elevation":1867,"wikidataid":null,"min_zoom":6.7}},{"type":"Feature","geometry":{"type":"Point","coordinates":[128.473,38.142]},"properties":{"name":"Sorak-san","name_en":"Seoraksan","name_zh":"雪岳山","featurecla":"mountain","scalerank":6,"region":"Asia","subregion":null,"label":null,"elevation":1708,"wikidataid":"Q482644","min_zoom":6.7}},{"type":"Feature","geometry":{"type":"Point","coordinates":[127.73,35.337]},"properties":{"name":"Chiri-san","name_en":"Jirisan","name_zh":"智异山","featurecla":"mountain","scalerank":6,"region":"Asia","subregion":null,"label":null,"elevation":1915,"wikidataid":"Q27288676","min_zoom":6.7}},{"type":"Feature","geometry":{"type":"Point","coordinates":[114.95,28.884]},"properties":{"name":"Jiuling Shan","name_en":"Jiuling Mountains","name_zh":"九嶺山","featurecla":"mountain","scalerank":6,"region":"Asia","subregion":null,"label":null,"elevation":1686,"wikidataid":"Q6203420","min_zoom":6.7}},{"type":"Feature","geometry":{"type":"Point","coordinates":[115.937,23.769]},"properties":{"name":"Hongtu Zhang","name_en":"Hongtu Zhang","name_zh":"鸿图嶂","featurecla":"mountain","scalerank":6,"region":"Asia","subregion":null,"label":null,"elevation":1265,"wikidataid":"Q28946068","min_zoom":6.7}},{"type":"Feature","geometry":{"type":"Point","coordinates":[102.233,4.634]},"properties":{"name":"Gunung Tahan","name_en":"Mount Tahan","name_zh":"大汉山","featurecla":"mountain","scalerank":6,"region":"Asia","subregion":null,"label":null,"elevation":2190,"wikidataid":"Q187315","min_zoom":6.7}},{"type":"Feature","geometry":{"type":"Point","coordinates":[99.734,8.498]},"properties":{"name":"Khao Luang","name_en":"Khao Luang","name_zh":"拷龙山","featurecla":"mountain","scalerank":6,"region":"Asia","subregion":null,"label":null,"elevation":1780,"wikidataid":"Q1542964","min_zoom":6.7}},{"type":"Feature","geometry":{"type":"Point","coordinates":[80.774,7.001]},"properties":{"name":"Pidurutalagala","name_en":"Pidurutalagala","name_zh":"皮杜鲁塔拉格勒山","featurecla":"mountain","scalerank":6,"region":"Asia","subregion":null,"label":null,"elevation":2524,"wikidataid":"Q1146327","min_zoom":6.7}},{"type":"Feature","geometry":{"type":"Point","coordinates":[120.957,23.47]},"properties":{"name":"Yu Shan","name_en":"Yushan Main Peak","name_zh":"玉山","featurecla":"mountain","scalerank":6,"region":"Asia","subregion":null,"label":null,"elevation":3952,"wikidataid":"Q500275","min_zoom":6.7}},{"type":"Feature","geometry":{"type":"Point","coordinates":[130.294,32.757]},"properties":{"name":"Unzen-dake","name_en":"Mount Unzen","name_zh":"云仙岳","featurecla":"mountain","scalerank":6,"region":"Asia","subregion":null,"label":null,"elevation":1500,"wikidataid":"Q620860","min_zoom":6.7}},{"type":"Feature","geometry":{"type":"Point","coordinates":[128.217,26.716]},"properties":{"name":"Yonaha-dake","name_en":"Mount Yonaha","name_zh":"與那霸岳","featurecla":"mountain","scalerank":6,"region":"Asia","subregion":null,"label":"Yonaha-dake","elevation":498,"wikidataid":"Q4521100","min_zoom":6.7}},{"type":"Feature","geometry":{"type":"Point","coordinates":[130.65,31.583]},"properties":{"name":"Sakurajima","name_en":"Sakurajima","name_zh":"樱岛","featurecla":"mountain","scalerank":6,"region":"Asia","subregion":null,"label":null,"elevation":1117,"wikidataid":"Q128841","min_zoom":6.7}},{"type":"Feature","geometry":{"type":"Point","coordinates":[138.731,35.358]},"properties":{"name":"Fuji","name_en":"Mount Fuji","name_zh":"富士山","featurecla":"mountain","scalerank":6,"region":"Asia","subregion":null,"label":null,"elevation":3776,"wikidataid":"Q39231","min_zoom":6.7}},{"type":"Feature","geometry":{"type":"Point","coordinates":[142.855,43.658]},"properties":{"name":"Asahi-dake","name_en":"Asahi-dake","name_zh":"旭岳","featurecla":"mountain","scalerank":6,"region":"Asia","subregion":null,"label":null,"elevation":2290,"wikidataid":"Q2271725","min_zoom":6.7}},{"type":"Feature","geometry":{"type":"Point","coordinates":[151.785,46.818]},"properties":{"name":"Vulkan Milna","name_en":"Milna","name_zh":"米利納火山","featurecla":"mountain","scalerank":6,"region":"Asia","subregion":null,"label":"Vulkan Milna","elevation":1539,"wikidataid":"Q2568708","min_zoom":6.7}},{"type":"Feature","geometry":{"type":"Point","coordinates":[147.366,44.844]},"properties":{"name":"Gora Stokap","name_en":"Gora Stokap","name_zh":"斯托卡普山","featurecla":"mountain","scalerank":6,"region":"Asia","subregion":null,"label":null,"elevation":1634,"wikidataid":"Q4442785","min_zoom":6.7}},{"type":"Feature","geometry":{"type":"Point","coordinates":[143.137,50.856]},"properties":{"name":"Gora Lopatina","name_en":"Gora Lopatina","name_zh":"罗帕蒂纳山","featurecla":"mountain","scalerank":6,"region":"Asia","subregion":null,"label":null,"elevation":1609,"wikidataid":null,"min_zoom":6.7}},{"type":"Feature","geometry":{"type":"Point","coordinates":[158.72,53.335]},"properties":{"name":"Koryakskaya Sopka","name_en":"Koryaksky","name_zh":"科里亚克火山","featurecla":"mountain","scalerank":6,"region":"Asia","subregion":null,"label":null,"elevation":3456,"wikidataid":null,"min_zoom":6.7}},{"type":"Feature","geometry":{"type":"Point","coordinates":[160.644,56.056]},"properties":{"name":"Klyuchevskaya Sopka","name_en":"Klyuchevskaya Sopka","name_zh":"克柳切夫火山","featurecla":"mountain","scalerank":4,"region":"Asia","subregion":null,"label":null,"elevation":4750,"wikidataid":"Q210252","min_zoom":6}},{"type":"Feature","geometry":{"type":"Point","coordinates":[171.192,61.902]},"properties":{"name":"Gora Ledyanaya","name_en":"Gora Ledyanaya","name_zh":"戈拉莱德亚纳亚山","featurecla":"mountain","scalerank":6,"region":"Asia","subregion":null,"label":null,"elevation":2453,"wikidataid":null,"min_zoom":6.7}},{"type":"Feature","geometry":{"type":"Point","coordinates":[178.269,67.821]},"properties":{"name":null,"name_en":null,"name_zh":null,"featurecla":"spot elevation","scalerank":6,"region":"Asia","subregion":null,"label":null,"elevation":1887,"wikidataid":null,"min_zoom":6.7}},{"type":"Feature","geometry":{"type":"Point","coordinates":[140.88,62.591]},"properties":{"name":"Gora Mus-Khaya","name_en":"Mus-Khaya Mountain","name_zh":"穆斯哈亞山","featurecla":"mountain","scalerank":6,"region":"Asia","subregion":null,"label":"Gora Mus-Khaya","elevation":2959,"wikidataid":"Q1953957","min_zoom":6.7}},{"type":"Feature","geometry":{"type":"Point","coordinates":[149.508,61.974]},"properties":{"name":"Pik Aborigen","name_en":"Pik Aborigen","name_zh":"阿博日根山","featurecla":"mountain","scalerank":6,"region":"Asia","subregion":null,"label":null,"elevation":2586,"wikidataid":"Q359338","min_zoom":6.7}},{"type":"Feature","geometry":{"type":"Point","coordinates":[57.264,23.237]},"properties":{"name":"Jabal Shams","name_en":"Jebel Shams","name_zh":"舍姆斯山","featurecla":"mountain","scalerank":6,"region":"Asia","subregion":null,"label":null,"elevation":3035,"wikidataid":"Q1261915","min_zoom":6.7}},{"type":"Feature","geometry":{"type":"Point","coordinates":[52.109,35.955]},"properties":{"name":"Mount Damavand","name_en":"Damavand","name_zh":"德馬峰","featurecla":"mountain","scalerank":6,"region":"Asia","subregion":null,"label":"Mount Damavand","elevation":5610,"wikidataid":"Q40758","min_zoom":6.7}},{"type":"Feature","geometry":{"type":"Point","coordinates":[57.272,29.512]},"properties":{"name":"Kuh-e Hezar","name_en":"Kūh-e Hezār","name_zh":"哈扎蘭峰","featurecla":"mountain","scalerank":6,"region":"Asia","subregion":null,"label":null,"elevation":4465,"wikidataid":"Q5687603","min_zoom":6.7}},{"type":"Feature","geometry":{"type":"Point","coordinates":[57.375,32.45]},"properties":{"name":"Kuh-e Nay Band","name_en":"Kūh-e Nāy Band","name_zh":"内伊邦德山","featurecla":"mountain","scalerank":6,"region":"Asia","subregion":null,"label":null,"elevation":2960,"wikidataid":"Q26975903","min_zoom":6.7}},{"type":"Feature","geometry":{"type":"Point","coordinates":[43.971,15.275]},"properties":{"name":"Jabal an-Nabi Shu’aib","name_en":"Jabal an Nabi Shu'ayb","name_zh":"納比沙伊卜山","featurecla":"mountain","scalerank":6,"region":"Asia","subregion":null,"label":null,"elevation":3666,"wikidataid":"Q1261935","min_zoom":6.7}},{"type":"Feature","geometry":{"type":"Point","coordinates":[42.364,18.256]},"properties":{"name":"Jabal Sawdā","name_en":"Jabal Sawda","name_zh":"索达山","featurecla":"mountain","scalerank":6,"region":"Asia","subregion":null,"label":null,"elevation":3000,"wikidataid":"Q1261892","min_zoom":6.7}},{"type":"Feature","geometry":{"type":"Point","coordinates":[38.208,24.566]},"properties":{"name":"Jebel Jar","name_en":"Jebel Jar","name_zh":"杰贝扎尔山","featurecla":"mountain","scalerank":6,"region":"Asia","subregion":null,"label":null,"elevation":2300,"wikidataid":null,"min_zoom":6.7}},{"type":"Feature","geometry":{"type":"Point","coordinates":[97.55,47.6]},"properties":{"name":"Otgon Tenger","name_en":"Otgontenger","name_zh":"鄂特冈腾格里峰","featurecla":"mountain","scalerank":5,"region":"Asia","subregion":null,"label":null,"elevation":4000,"wikidataid":"Q1572208","min_zoom":6}},{"type":"Feature","geometry":{"type":"Point","coordinates":[115.007,58.288]},"properties":{"name":"Gora Korolenko","name_en":"Gora Korolenko","name_zh":"科罗连科山","featurecla":"mountain","scalerank":5,"region":"Asia","subregion":null,"label":null,"elevation":1647,"wikidataid":null,"min_zoom":6}},{"type":"Feature","geometry":{"type":"Point","coordinates":[99.467,34.8]},"properties":{"name":"Magen Gangri","name_en":"Amne Machin","name_zh":"玛卿岗日山","featurecla":"mountain","scalerank":5,"region":"Asia","subregion":null,"label":null,"elevation":6282,"wikidataid":null,"min_zoom":6}},{"type":"Feature","geometry":{"type":"Point","coordinates":[107.75,33.95]},"properties":{"name":"Taibai Shan","name_en":"Mount Taibai","name_zh":"太白山","featurecla":"mountain","scalerank":5,"region":"Asia","subregion":null,"label":null,"elevation":3767,"wikidataid":null,"min_zoom":6}},{"type":"Feature","geometry":{"type":"Point","coordinates":[79.971,30.542]},"properties":{"name":"Nanda Devi","name_en":"Nanda Devi","name_zh":"楠达德维山","featurecla":"mountain","scalerank":5,"region":"Asia","subregion":null,"label":null,"elevation":7817,"wikidataid":"Q26794321","min_zoom":6}},{"type":"Feature","geometry":{"type":"Point","coordinates":[109.0,32.25]},"properties":{"name":"Daba Shan","name_en":"Daba Mountains","name_zh":"大巴山","featurecla":"mountain","scalerank":5,"region":"Asia","subregion":null,"label":null,"elevation":2708,"wikidataid":"Q29613993","min_zoom":6}},{"type":"Feature","geometry":{"type":"Point","coordinates":[97.119,41.524]},"properties":{"name":"Mazong Shan","name_en":"Mazong Mountain","name_zh":"马鬃山","featurecla":"mountain","scalerank":5,"region":"Asia","subregion":null,"label":null,"elevation":2584,"wikidataid":"Q6798636","min_zoom":6}},{"type":"Feature","geometry":{"type":"Point","coordinates":[109.983,49.7]},"properties":{"name":"Gora Burun-Shibertuy","name_en":"Gora Burun-Shibertuy","name_zh":"布伦希伯图伊山","featurecla":"mountain","scalerank":5,"region":"Asia","subregion":null,"label":null,"elevation":2519,"wikidataid":null,"min_zoom":6}},{"type":"Feature","geometry":{"type":"Point","coordinates":[119.098,56.401]},"properties":{"name":"Skalistyy Golets","name_en":"Skalistyy Golets","name_zh":"斯卡利斯蒂戈雷山","featurecla":"mountain","scalerank":5,"region":"Asia","subregion":null,"label":"Skalistyy Golets","elevation":2467,"wikidataid":"Q4421491","min_zoom":6}},{"type":"Feature","geometry":{"type":"Point","coordinates":[111.632,56.364]},"properties":{"name":"Inyaptuk Golets","name_en":"Golets Inyaptuk","name_zh":"因亚普图克戈勒克山","featurecla":"mountain","scalerank":5,"region":"Asia","subregion":null,"label":null,"elevation":2641,"wikidataid":null,"min_zoom":6}},{"type":"Feature","geometry":{"type":"Point","coordinates":[96.039,53.926]},"properties":{"name":"Grandiozny Peak","name_en":"Grandiozny Peak","name_zh":"格兰迪奥兹尼峰","featurecla":"mountain","scalerank":5,"region":"Asia","subregion":null,"label":null,"elevation":2891,"wikidataid":null,"min_zoom":6}},{"type":"Feature","geometry":{"type":"Point","coordinates":[88.317,43.795]},"properties":{"name":"Bogda Feng","name_en":"Bogda Peak","name_zh":"博格达峰","featurecla":"mountain","scalerank":4,"region":"Asia","subregion":null,"label":null,"elevation":5445,"wikidataid":"Q1037396","min_zoom":6}},{"type":"Feature","geometry":{"type":"Point","coordinates":[72.022,38.932]},"properties":{"name":"Pik Imeni Ismail Samani","name_en":"Ismoil Somoni Peak","name_zh":"伊斯梅尔·索莫尼峰","featurecla":"mountain","scalerank":4,"region":"Asia","subregion":null,"label":null,"elevation":7495,"wikidataid":"Q41413","min_zoom":6}},{"type":"Feature","geometry":{"type":"Point","coordinates":[71.054,42.29]},"properties":{"name":"Gora Manas","name_en":"Gora Manas","name_zh":"玛纳斯山","featurecla":"mountain","scalerank":4,"region":"Asia","subregion":null,"label":null,"elevation":4482,"wikidataid":"Q13171265","min_zoom":6}},{"type":"Feature","geometry":{"type":"Point","coordinates":[67.628,34.642]},"properties":{"name":"Shah Fuladi","name_en":"Shāh Fōlādī","name_zh":"沙阿富拉迪山","featurecla":"mountain","scalerank":4,"region":"Asia","subregion":null,"label":null,"elevation":5048,"wikidataid":"Q20191405","min_zoom":6}},{"type":"Feature","geometry":{"type":"Point","coordinates":[64.188,33.117]},"properties":{"name":"Kuh-e Jang Qal'eh","name_en":"Kuh-e Jang Qal'eh","name_zh":"江盖勒山","featurecla":"mountain","scalerank":4,"region":"Asia","subregion":null,"label":null,"elevation":4171,"wikidataid":"Q20190966","min_zoom":6}},{"type":"Feature","geometry":{"type":"Point","coordinates":[100.617,51.716]},"properties":{"name":"Gora Munku-Sardyk","name_en":"Mönkh Saridag","name_zh":"蒙库萨尔德克山","featurecla":"mountain","scalerank":4,"region":"Asia","subregion":null,"label":null,"elevation":3491,"wikidataid":null,"min_zoom":6}},{"type":"Feature","geometry":{"type":"Point","coordinates":[113.57,39.088]},"properties":{"name":"Wutai Shan","name_en":"Mount Wutai","name_zh":"五台山","featurecla":"mountain","scalerank":4,"region":"Asia","subregion":null,"label":null,"elevation":3058,"wikidataid":"Q120314","min_zoom":6}},{"type":"Feature","geometry":{"type":"Point","coordinates":[101.879,29.596]},"properties":{"name":"Gongga Shan","name_en":"Mount Gongga","name_zh":"贡嘎山","featurecla":"mountain","scalerank":3,"region":"Asia","subregion":null,"label":null,"elevation":7556,"wikidataid":"Q1537157","min_zoom":5.1}},{"type":"Feature","geometry":{"type":"Point","coordinates":[83.495,28.696]},"properties":{"name":"Dhaulagiri","name_en":"Dhaulagiri","name_zh":"道拉吉里峰","featurecla":"mountain","scalerank":3,"region":"Asia","subregion":null,"label":null,"elevation":8172,"wikidataid":"Q165440","min_zoom":5.1}},{"type":"Feature","geometry":{"type":"Point","coordinates":[86.606,49.807]},"properties":{"name":"Belukha","name_en":"Belukha Mountain","name_zh":"别卢哈山","featurecla":"mountain","scalerank":3,"region":"Asia","subregion":null,"label":null,"elevation":4506,"wikidataid":"Q724367","min_zoom":5.1}},{"type":"Feature","geometry":{"type":"Point","coordinates":[81.0,32.817]},"properties":{"name":"Nganglong Kangri","name_en":"Nganglong Mountains","name_zh":"昂龙岗日山","featurecla":"mountain","scalerank":3,"region":"Asia","subregion":null,"label":null,"elevation":6720,"wikidataid":"Q4062402","min_zoom":5.1}},{"type":"Feature","geometry":{"type":"Point","coordinates":[91.083,33.417]},"properties":{"name":"Geladandong","name_en":"Geladaindong Peak","name_zh":"各拉丹冬峰","featurecla":"mountain","scalerank":3,"region":"Asia","subregion":null,"label":null,"elevation":6621,"wikidataid":"Q5530346","min_zoom":5.1}},{"type":"Feature","geometry":{"type":"Point","coordinates":[86.881,27.98]},"properties":{"name":"Mount Everest","name_en":"Mount Everest","name_zh":"珠穆朗玛峰","featurecla":"mountain","scalerank":1,"region":"Asia","subregion":null,"label":null,"elevation":8848,"wikidataid":"Q513","min_zoom":4}},{"type":"Feature","geometry":{"type":"Point","coordinates":[92.532,27.875]},"properties":{"name":"Kangtö","name_en":"Kangto","name_zh":"康格多山","featurecla":"mountain","scalerank":4,"region":"Asia","subregion":null,"label":null,"elevation":7060,"wikidataid":"Q6362901","min_zoom":6}},{"type":"Feature","geometry":{"type":"Point","coordinates":[90.589,30.39]},"properties":{"name":"Nyainqentanglha Feng","name_en":"Mount Nyenchen Tanglha","name_zh":"念青唐古拉峰","featurecla":"mountain","scalerank":6,"region":"Asia","subregion":null,"label":"Nyainqentanglha Feng","elevation":7162,"wikidataid":"Q1109058","min_zoom":6.7}},{"type":"Feature","geometry":{"type":"Point","coordinates":[89.34,42.769]},"properties":{"name":"Turpan Depression","name_en":"Turpan Depression","name_zh":"吐鲁番盆地","featurecla":"depression","scalerank":2,"region":"Asia","subregion":null,"label":null,"elevation":-154,"wikidataid":"Q284780","min_zoom":5}},{"type":"Feature","geometry":{"type":"Point","coordinates":[35.475,31.515]},"properties":{"name":null,"name_en":null,"name_zh":null,"featurecla":"depression","scalerank":2,"region":"Asia","subregion":null,"label":null,"elevation":-416,"wikidataid":null,"min_zoom":5}},{"type":"Feature","geometry":{"type":"Point","coordinates":[71.098,34.098]},"properties":{"name":"Khyber Pass","name_en":"Khyber Pass","name_zh":"开伯尔山口","featurecla":"pass","scalerank":2,"region":"Asia","subregion":null,"label":null,"elevation":1070,"wikidataid":"Q191333","min_zoom":5}},{"type":"Feature","geometry":{"type":"Point","coordinates":[76.513,35.882]},"properties":{"name":"K2","name_en":"K2","name_zh":"喬戈里峰","featurecla":"mountain","scalerank":2,"region":"Asia","subregion":null,"label":null,"elevation":8611,"wikidataid":"Q43512","min_zoom":5}},{"type":"Feature","geometry":{"type":"Point","coordinates":[87.413,36.417]},"properties":{"name":"Muztag Feng","name_en":"Ulugh Muztagh","name_zh":"木孜塔格山","featurecla":"mountain","scalerank":2,"region":"Asia","subregion":null,"label":null,"elevation":6973,"wikidataid":"Q1560829","min_zoom":5}},{"type":"Feature","geometry":{"type":"Point","coordinates":[81.313,31.067]},"properties":{"name":"Kailash","name_en":"Mount Kailash","name_zh":"冈仁波齐峰","featurecla":"mountain","scalerank":2,"region":"Asia","subregion":null,"label":null,"elevation":6638,"wikidataid":"Q229107","min_zoom":5}},{"type":"Feature","geometry":{"type":"Point","coordinates":[50.09,32.37]},"properties":{"name":"Zard Kuh","name_en":"Zard Kuh","name_zh":"扎德·庫山","featurecla":"mountain","scalerank":9,"region":"Asia","subregion":null,"label":null,"elevation":4548,"wikidataid":"Q147826","min_zoom":7.2}},{"type":"Feature","geometry":{"type":"Point","coordinates":[114.44,55.97]},"properties":{"name":null,"name_en":null,"name_zh":null,"featurecla":"spot elevation","scalerank":9,"region":"Asia","subregion":null,"label":null,"elevation":3067,"wikidataid":null,"min_zoom":7.2}},{"type":"Feature","geometry":{"type":"Point","coordinates":[134.57,53.61]},"properties":{"name":null,"name_en":null,"name_zh":null,"featurecla":"spot elevation","scalerank":9,"region":"Asia","subregion":null,"label":null,"elevation":2370,"wikidataid":null,"min_zoom":7.2}},{"type":"Feature","geometry":{"type":"Point","coordinates":[35.11,31.58]},"properties":{"name":null,"name_en":null,"name_zh":null,"featurecla":"spot elevation","scalerank":9,"region":"Asia","subregion":null,"label":null,"elevation":1020,"wikidataid":null,"min_zoom":7.2}},{"type":"Feature","geometry":{"type":"Point","coordinates":[155.57,50.86]},"properties":{"name":"Vulkan Alaid","name_en":"Alaid Volcano","name_zh":"阿莱德火山","featurecla":"mountain","scalerank":9,"region":"Asia","subregion":null,"label":null,"elevation":2339,"wikidataid":null,"min_zoom":7.2}},{"type":"Feature","geometry":{"type":"Point","coordinates":[68.17,38.95]},"properties":{"name":null,"name_en":null,"name_zh":null,"featurecla":"spot elevation","scalerank":9,"region":"Asia","subregion":null,"label":null,"elevation":4643,"wikidataid":null,"min_zoom":7.2}},{"type":"Feature","geometry":{"type":"Point","coordinates":[70.72,39.62]},"properties":{"name":null,"name_en":null,"name_zh":null,"featurecla":"spot elevation","scalerank":9,"region":"Asia","subregion":null,"label":null,"elevation":5621,"wikidataid":null,"min_zoom":7.2}},{"type":"Feature","geometry":{"type":"Point","coordinates":[71.84,36.25]},"properties":{"name":"Tirich Mir","name_en":"Tirich Mir","name_zh":"蒂里杰米尔峰","featurecla":"mountain","scalerank":9,"region":"Asia","subregion":null,"label":null,"elevation":7708,"wikidataid":"Q207132","min_zoom":7.2}},{"type":"Feature","geometry":{"type":"Point","coordinates":[116.19,31.06]},"properties":{"name":"Tianzhu Shan","name_en":"Mount Tianzhu","name_zh":"天柱山","featurecla":"mountain","scalerank":9,"region":"Asia","subregion":null,"label":null,"elevation":1760,"wikidataid":"Q837965","min_zoom":7.2}},{"type":"Feature","geometry":{"type":"Point","coordinates":[87.82,49.15]},"properties":{"name":"Tavan Bogd Uul","name_en":"Tavan Bogd","name_zh":"塔弯博格多","featurecla":"mountain","scalerank":9,"region":"Asia","subregion":null,"label":null,"elevation":4374,"wikidataid":"Q143008","min_zoom":7.2}},{"type":"Feature","geometry":{"type":"Point","coordinates":[114.12,22.41]},"properties":{"name":"Tai Mo Shan","name_en":"Tai Mo Shan","name_zh":"大帽山","featurecla":"mountain","scalerank":9,"region":"Asia","subregion":null,"label":null,"elevation":957,"wikidataid":"Q1481864","min_zoom":7.2}},{"type":"Feature","geometry":{"type":"Point","coordinates":[69.9,34.04]},"properties":{"name":"Sikaram","name_en":"Sikaram","name_zh":"锡卡拉姆山","featurecla":"mountain","scalerank":9,"region":"Asia","subregion":null,"label":null,"elevation":4755,"wikidataid":"Q21737779","min_zoom":7.2}},{"type":"Feature","geometry":{"type":"Point","coordinates":[77.83,35.17]},"properties":{"name":"Shahi Kangri","name_en":"Saser Kangri","name_zh":"莎瑟峰","featurecla":"mountain","scalerank":9,"region":"Asia","subregion":null,"label":"Shahi Kangri","elevation":6934,"wikidataid":"Q2102394","min_zoom":7.2}},{"type":"Feature","geometry":{"type":"Point","coordinates":[130.63,43.18]},"properties":{"name":"Senlin Shan","name_en":"Senlin Shan","name_zh":"森林山","featurecla":"mountain","scalerank":9,"region":"Asia","subregion":null,"label":null,"elevation":1498,"wikidataid":null,"min_zoom":7.2}},{"type":"Feature","geometry":{"type":"Point","coordinates":[95.04,25.73]},"properties":{"name":"Saramati","name_en":"Mount Saramati","name_zh":"萨拉马蒂山","featurecla":"mountain","scalerank":9,"region":"Asia","subregion":null,"label":"Saramati","elevation":3826,"wikidataid":"Q8536271","min_zoom":7.2}},{"type":"Feature","geometry":{"type":"Point","coordinates":[51.05,24.72]},"properties":{"name":null,"name_en":null,"name_zh":null,"featurecla":"spot elevation","scalerank":9,"region":"Asia","subregion":null,"label":null,"elevation":83,"wikidataid":null,"min_zoom":7.2}},{"type":"Feature","geometry":{"type":"Point","coordinates":[89.21,33.92]},"properties":{"name":"Purog Kangri","name_en":"Purog Kangri","name_zh":"普若岗日","featurecla":"mountain","scalerank":9,"region":"Asia","subregion":null,"label":null,"elevation":6929,"wikidataid":"Q2118899","min_zoom":7.2}},{"type":"Feature","geometry":{"type":"Point","coordinates":[128.17,43.99]},"properties":{"name":"Pipa Dingzi","name_en":"Pipa Dingzi","name_zh":"琵琶顶子","featurecla":"mountain","scalerank":9,"region":"Asia","subregion":null,"label":null,"elevation":1397,"wikidataid":null,"min_zoom":7.2}},{"type":"Feature","geometry":{"type":"Point","coordinates":[80.13,42.04]},"properties":{"name":"Pik Pobeda","name_en":"Jengish Chokusu","name_zh":"托木尔峰","featurecla":"mountain","scalerank":9,"region":"Asia","subregion":null,"label":null,"elevation":7439,"wikidataid":"Q332762","min_zoom":7.2}},{"type":"Feature","geometry":{"type":"Point","coordinates":[78.46,42.16]},"properties":{"name":"Pik Karakol","name_en":"Pik Karakol","name_zh":"卡拉科尔山","featurecla":"mountain","scalerank":9,"region":"Asia","subregion":null,"label":null,"elevation":5216,"wikidataid":"Q21519918","min_zoom":7.2}},{"type":"Feature","geometry":{"type":"Point","coordinates":[117.58,56.86]},"properties":{"name":"Pik BAM","name_en":"Pik BAM","name_zh":"巴姆山","featurecla":"mountain","scalerank":9,"region":"Asia","subregion":null,"label":null,"elevation":3072,"wikidataid":"Q4362531","min_zoom":7.2}},{"type":"Feature","geometry":{"type":"Point","coordinates":[101.01,17.73]},"properties":{"name":"Phu Soai Dao","name_en":"Phu Soi Dao","name_zh":"富索岛","featurecla":"mountain","scalerank":9,"region":"Asia","subregion":null,"label":"Phu Soai Dao","elevation":2120,"wikidataid":"Q7188265","min_zoom":7.2}},{"type":"Feature","geometry":{"type":"Point","coordinates":[103.14,18.98]},"properties":{"name":"Phou Bia","name_en":"Phou Bia","name_zh":"普比亞山","featurecla":"mountain","scalerank":9,"region":"Asia","subregion":null,"label":null,"elevation":2830,"wikidataid":"Q239485","min_zoom":7.2}},{"type":"Feature","geometry":{"type":"Point","coordinates":[128.09,42.0]},"properties":{"name":"Paektu-san","name_en":"Baekdu Mountain","name_zh":"长白山","featurecla":"mountain","scalerank":9,"region":"Asia","subregion":null,"label":null,"elevation":2744,"wikidataid":"Q107635","min_zoom":7.2}},{"type":"Feature","geometry":{"type":"Point","coordinates":[71.781,36.422]},"properties":{"name":"Nowshak","name_en":"Noshaq","name_zh":"诺沙克峰","featurecla":"mountain","scalerank":9,"region":"Asia","subregion":null,"label":null,"elevation":7492,"wikidataid":"Q271700","min_zoom":7.2}},{"type":"Feature","geometry":{"type":"Point","coordinates":[74.59,35.24]},"properties":{"name":"Nanga Parbat","name_en":"Nanga Parbat","name_zh":"南迦帕尔巴特峰","featurecla":"mountain","scalerank":9,"region":"Asia","subregion":null,"label":null,"elevation":8125,"wikidataid":"Q130736","min_zoom":7.2}},{"type":"Feature","geometry":{"type":"Point","coordinates":[114.04,26.31]},"properties":{"name":"Nanfengmian","name_en":"Nanfengmian","name_zh":"南风面山","featurecla":"mountain","scalerank":9,"region":"Asia","subregion":null,"label":null,"elevation":2140,"wikidataid":null,"min_zoom":7.2}},{"type":"Feature","geometry":{"type":"Point","coordinates":[92.62,21.88]},"properties":{"name":"Mowdok Mual","name_en":"Mowdok Mual","name_zh":"毛多克穆阿尔山","featurecla":"mountain","scalerank":9,"region":"Asia","subregion":null,"label":null,"elevation":1052,"wikidataid":"Q2696459","min_zoom":7.2}},{"type":"Feature","geometry":{"type":"Point","coordinates":[44.3,39.7]},"properties":{"name":"Mount Ararat","name_en":"Mount Ararat","name_zh":"亞拉拉特山","featurecla":"mountain","scalerank":9,"region":"Asia","subregion":null,"label":null,"elevation":5137,"wikidataid":"Q72303","min_zoom":7.2}},{"type":"Feature","geometry":{"type":"Point","coordinates":[100.63,24.52]},"properties":{"name":"Maotou Shan","name_en":"Maotou Shan","name_zh":"猫头山","featurecla":"mountain","scalerank":9,"region":"Asia","subregion":null,"label":null,"elevation":3306,"wikidataid":"Q28818890","min_zoom":7.2}},{"type":"Feature","geometry":{"type":"Point","coordinates":[84.61,29.83]},"properties":{"name":"Lunpo Gangri","name_en":"Lunpo Gangri","name_zh":"冷布岗日山","featurecla":"mountain","scalerank":9,"region":"Asia","subregion":null,"label":null,"elevation":7095,"wikidataid":"Q8536063","min_zoom":7.2}},{"type":"Feature","geometry":{"type":"Point","coordinates":[46.79,29.12]},"properties":{"name":null,"name_en":null,"name_zh":null,"featurecla":"spot elevation","scalerank":9,"region":"Asia","subregion":null,"label":null,"elevation":281,"wikidataid":null,"min_zoom":7.2}},{"type":"Feature","geometry":{"type":"Point","coordinates":[131.25,33.08]},"properties":{"name":"Kuju-san","name_en":"Mount Kuju","name_zh":"久住山","featurecla":"mountain","scalerank":9,"region":"Asia","subregion":null,"label":null,"elevation":1788,"wikidataid":"Q8540007","min_zoom":7.2}},{"type":"Feature","geometry":{"type":"Point","coordinates":[59.05,36.28]},"properties":{"name":"Kuh-e Siah Khvani","name_en":"Kuh-e Siah Khvani","name_zh":"希亚赫瓦尼山","featurecla":"mountain","scalerank":9,"region":"Asia","subregion":null,"label":null,"elevation":3314,"wikidataid":null,"min_zoom":7.2}},{"type":"Feature","geometry":{"type":"Point","coordinates":[48.48,33.96]},"properties":{"name":"Kuh-e Garin","name_en":"Kūh-e Garīn","name_zh":"加林山","featurecla":"mountain","scalerank":9,"region":"Asia","subregion":null,"label":null,"elevation":3630,"wikidataid":"Q26914610","min_zoom":7.2}},{"type":"Feature","geometry":{"type":"Point","coordinates":[56.35,27.89]},"properties":{"name":"Kuh-e Fareghan","name_en":"Kūh-e Fāreghān","name_zh":"法尔甘山","featurecla":"mountain","scalerank":9,"region":"Asia","subregion":null,"label":null,"elevation":3240,"wikidataid":"Q26875277","min_zoom":7.2}},{"type":"Feature","geometry":{"type":"Point","coordinates":[51.44,30.95]},"properties":{"name":"Kuh-e Dinar","name_en":"Dena","name_zh":"德纳山","featurecla":"mountain","scalerank":9,"region":"Asia","subregion":null,"label":null,"elevation":4409,"wikidataid":"Q3143042","min_zoom":7.2}},{"type":"Feature","geometry":{"type":"Point","coordinates":[75.31,38.59]},"properties":{"name":"Kongkoerh","name_en":"Kongur Tagh","name_zh":"公格尔山","featurecla":"mountain","scalerank":9,"region":"Asia","subregion":null,"label":null,"elevation":7649,"wikidataid":null,"min_zoom":7.2}},{"type":"Feature","geometry":{"type":"Point","coordinates":[80.94,45.17]},"properties":{"name":"Köketau","name_en":"Köketau","name_zh":"雪克陶山","featurecla":"mountain","scalerank":9,"region":"Asia","subregion":null,"label":null,"elevation":4622,"wikidataid":null,"min_zoom":7.2}},{"type":"Feature","geometry":{"type":"Point","coordinates":[88.15,27.7]},"properties":{"name":"Kanchenjunga","name_en":"Kanchenjunga","name_zh":"干城章嘉峰","featurecla":"mountain","scalerank":9,"region":"Asia","subregion":null,"label":null,"elevation":8586,"wikidataid":"Q82019","min_zoom":7.2}},{"type":"Feature","geometry":{"type":"Point","coordinates":[77.3,12.5]},"properties":{"name":"Kabbal Durga","name_en":"Kabbaldurga","name_zh":"卡巴尔杜尔加山","featurecla":"mountain","scalerank":9,"region":"Asia","subregion":null,"label":null,"elevation":921,"wikidataid":"Q11929547","min_zoom":7.2}},{"type":"Feature","geometry":{"type":"Point","coordinates":[56.13,25.66]},"properties":{"name":"Jabal Yibir","name_en":"Jabal Yibir","name_zh":"伊比尔山","featurecla":"mountain","scalerank":9,"region":"Asia","subregion":null,"label":null,"elevation":1527,"wikidataid":"Q1261909","min_zoom":7.2}},{"type":"Feature","geometry":{"type":"Point","coordinates":[35.4,29.57]},"properties":{"name":"Jabal Ramm","name_en":"Jabal Ram","name_zh":"拉姆山","featurecla":"mountain","scalerank":9,"region":"Asia","subregion":null,"label":null,"elevation":1754,"wikidataid":"Q541800","min_zoom":7.2}},{"type":"Feature","geometry":{"type":"Point","coordinates":[35.86,33.41]},"properties":{"name":"Jabal ash Shaykh","name_en":"Mount Hermon","name_zh":"谢赫山","featurecla":"mountain","scalerank":9,"region":"Asia","subregion":null,"label":null,"elevation":2814,"wikidataid":"Q21584061","min_zoom":7.2}},{"type":"Feature","geometry":{"type":"Point","coordinates":[35.29,28.69]},"properties":{"name":"Jabal al Lawz","name_en":"Jabal al-Lawz","name_zh":"劳兹山","featurecla":"mountain","scalerank":9,"region":"Asia","subregion":null,"label":null,"elevation":2580,"wikidataid":"Q4115817","min_zoom":7.2}},{"type":"Feature","geometry":{"type":"Point","coordinates":[50.55,26.04]},"properties":{"name":"Jabal ad Dukhan","name_en":"Mountain of Smoke","name_zh":"煙霧山","featurecla":"mountain","scalerank":9,"region":"Asia","subregion":null,"label":null,"elevation":134,"wikidataid":"Q1032812","min_zoom":7.2}},{"type":"Feature","geometry":{"type":"Point","coordinates":[133.11,33.77]},"properties":{"name":"Ishizuchi-san","name_en":"Mount Ishizuchi","name_zh":"石锤山","featurecla":"mountain","scalerank":9,"region":"Asia","subregion":null,"label":null,"elevation":1982,"wikidataid":"Q2744214","min_zoom":7.2}},{"type":"Feature","geometry":{"type":"Point","coordinates":[102.91,26.15]},"properties":{"name":null,"name_en":null,"name_zh":null,"featurecla":"spot elevation","scalerank":9,"region":"Asia","subregion":null,"label":null,"elevation":4330,"wikidataid":null,"min_zoom":7.2}},{"type":"Feature","geometry":{"type":"Point","coordinates":[97.54,28.33]},"properties":{"name":"Hkakabo Razi","name_en":"Hkakabo Razi","name_zh":"开加博峰","featurecla":"mountain","scalerank":9,"region":"Asia","subregion":null,"label":null,"elevation":5881,"wikidataid":"Q870063","min_zoom":7.2}},{"type":"Feature","geometry":{"type":"Point","coordinates":[35.41,33.0]},"properties":{"name":"Har Meron","name_en":"Meron","name_zh":"莫蘭山","featurecla":"mountain","scalerank":9,"region":"Asia","subregion":null,"label":null,"elevation":1208,"wikidataid":"Q540520","min_zoom":7.2}},{"type":"Feature","geometry":{"type":"Point","coordinates":[126.52,33.36]},"properties":{"name":"Halla-san","name_en":"Hallasan","name_zh":"汉拏山","featurecla":"mountain","scalerank":9,"region":"Asia","subregion":null,"label":null,"elevation":1950,"wikidataid":"Q494645","min_zoom":7.2}},{"type":"Feature","geometry":{"type":"Point","coordinates":[94.97,29.81]},"properties":{"name":"Gyala Peri","name_en":"Gyala Peri","name_zh":"加拉白壘","featurecla":"mountain","scalerank":9,"region":"Asia","subregion":null,"label":null,"elevation":7294,"wikidataid":"Q1322521","min_zoom":7.2}},{"type":"Feature","geometry":{"type":"Point","coordinates":[138.05,48.9]},"properties":{"name":"Gora Tardoki-Yani","name_en":"Tordoki Yani","name_zh":"托尔多基-亚尼山","featurecla":"mountain","scalerank":9,"region":"Asia","subregion":null,"label":"Gora Tardoki-Yani","elevation":2090,"wikidataid":"Q1092160","min_zoom":7.2}},{"type":"Feature","geometry":{"type":"Point","coordinates":[43.1,43.0]},"properties":{"name":"Gora Shkhara","name_en":"Shkhara","name_zh":"什哈拉山","featurecla":"mountain","scalerank":9,"region":"Europe","subregion":null,"label":"Gora Shkhara","elevation":5200,"wikidataid":"Q217457","min_zoom":7.2}},{"type":"Feature","geometry":{"type":"Point","coordinates":[146.04,65.19]},"properties":{"name":"Gora Pobeda","name_en":"Peak Pobeda","name_zh":"波別達山","featurecla":"mountain","scalerank":9,"region":"Asia","subregion":null,"label":null,"elevation":3003,"wikidataid":"Q745231","min_zoom":7.2}},{"type":"Feature","geometry":{"type":"Point","coordinates":[94.94,69.13]},"properties":{"name":"Gora Kamen","name_en":"Mount Kamen","name_zh":"卡门山","featurecla":"mountain","scalerank":9,"region":"Asia","subregion":null,"label":"Gora Kamen","elevation":1701,"wikidataid":"Q1259006","min_zoom":7.2}},{"type":"Feature","geometry":{"type":"Point","coordinates":[108.7,55.04]},"properties":{"name":"Gora Cherskoga","name_en":"Gora Cherskoga","name_zh":"切尔斯科加山","featurecla":"mountain","scalerank":9,"region":"Asia","subregion":null,"label":null,"elevation":2588,"wikidataid":null,"min_zoom":7.2}},{"type":"Feature","geometry":{"type":"Point","coordinates":[54.54,39.67]},"properties":{"name":"Gora Arlan","name_en":"Mount Arlan","name_zh":"阿兰山","featurecla":"mountain","scalerank":9,"region":"Asia","subregion":null,"label":"Gora Arlan","elevation":1880,"wikidataid":"Q777434","min_zoom":7.2}},{"type":"Feature","geometry":{"type":"Point","coordinates":[90.46,28.05]},"properties":{"name":"Gangkar Punsum","name_en":"Gangkhar Puensum","name_zh":"冈嘎本孙峰","featurecla":"mountain","scalerank":9,"region":"Asia","subregion":null,"label":null,"elevation":7570,"wikidataid":"Q219986","min_zoom":7.2}},{"type":"Feature","geometry":{"type":"Point","coordinates":[35.45,38.53]},"properties":{"name":"Erciyes Dagi","name_en":"Erciyes Dagi","name_zh":"埃尔吉耶斯山","featurecla":"mountain","scalerank":9,"region":"Asia","subregion":null,"label":null,"elevation":3917,"wikidataid":null,"min_zoom":7.2}},{"type":"Feature","geometry":{"type":"Point","coordinates":[41.74,43.23]},"properties":{"name":"Dombai-Ulgen","name_en":"Dombai-Ulgen","name_zh":"东拜乌尔根山","featurecla":"mountain","scalerank":9,"region":"Europe","subregion":null,"label":null,"elevation":4038,"wikidataid":"Q768409","min_zoom":7.2}},{"type":"Feature","geometry":{"type":"Point","coordinates":[76.73,11.4]},"properties":{"name":"Doda Betta","name_en":"Doddabetta","name_zh":"多达贝达山","featurecla":"mountain","scalerank":9,"region":"Asia","subregion":null,"label":null,"elevation":2636,"wikidataid":"Q336749","min_zoom":7.2}},{"type":"Feature","geometry":{"type":"Point","coordinates":[99.64,24.11]},"properties":{"name":"Daxue Shan","name_en":"Daxue shan","name_zh":"大雪山","featurecla":"mountain","scalerank":9,"region":"Asia","subregion":null,"label":null,"elevation":3500,"wikidataid":"Q1179020","min_zoom":7.2}},{"type":"Feature","geometry":{"type":"Point","coordinates":[44.92,36.78]},"properties":{"name":"Cheekha Dar","name_en":"Cheekha Dar","name_zh":"切克汗峰","featurecla":"mountain","scalerank":9,"region":"Asia","subregion":null,"label":null,"elevation":3611,"wikidataid":"Q1068860","min_zoom":7.2}},{"type":"Feature","geometry":{"type":"Point","coordinates":[103.79,1.35]},"properties":{"name":"Bukit Timah","name_en":"Bukit Timah","name_zh":"武吉知马山","featurecla":"mountain","scalerank":9,"region":"Asia","subregion":null,"label":null,"elevation":176,"wikidataid":null,"min_zoom":7.2}},{"type":"Feature","geometry":{"type":"Point","coordinates":[47.86,41.21]},"properties":{"name":"Bazar Dyuzi","name_en":"Mount Bazardüzü","name_zh":"巴扎尔迪聚山","featurecla":"mountain","scalerank":9,"region":"Europe","subregion":null,"label":null,"elevation":4466,"wikidataid":"Q725591","min_zoom":7.2}},{"type":"Feature","geometry":{"type":"Point","coordinates":[96.72,29.17]},"properties":{"name":"Bairiga","name_en":"Bairiga","name_zh":"若尼峰","featurecla":"mountain","scalerank":9,"region":"Asia","subregion":null,"label":null,"elevation":6882,"wikidataid":"Q4848635","min_zoom":7.2}},{"type":"Feature","geometry":{"type":"Point","coordinates":[66.57,37.83]},"properties":{"name":"Ayrybaba","name_en":"Aýrybaba","name_zh":"艾拉巴山","featurecla":"mountain","scalerank":9,"region":"Asia","subregion":null,"label":null,"elevation":3137,"wikidataid":"Q794684","min_zoom":7.2}},{"type":"Feature","geometry":{"type":"Point","coordinates":[44.2,40.53]},"properties":{"name":"Aragats Lerr","name_en":"Mount Aragats","name_zh":"阿拉加茨山","featurecla":"mountain","scalerank":9,"region":"Asia","subregion":null,"label":null,"elevation":4090,"wikidataid":"Q203568","min_zoom":7.2}},{"type":"Feature","geometry":{"type":"Point","coordinates":[113.57,22.12]},"properties":{"name":"Alto Coloane","name_en":"Coloane Alto","name_zh":"疊石塘山","featurecla":"mountain","scalerank":9,"region":"Asia","subregion":null,"label":"Alto Coloane","elevation":176,"wikidataid":"Q5147805","min_zoom":7.2}},{"type":"Feature","geometry":{"type":"Point","coordinates":[32.07,37.97]},"properties":{"name":"Kizilkaya","name_en":"Kizilkaya","name_zh":"克孜勒卡亚山","featurecla":"mountain","scalerank":9,"region":"Asia","subregion":null,"label":null,"elevation":3767,"wikidataid":null,"min_zoom":7.2}},{"type":"Feature","geometry":{"type":"Point","coordinates":[34.248,44.629]},"properties":{"name":"Roman-Kosh","name_en":"Roman-Kosh","name_zh":"羅曼-科什山","featurecla":"mountain","scalerank":7,"region":"Europe","subregion":null,"label":null,"elevation":1545,"wikidataid":"Q2092607","min_zoom":7}},{"type":"Feature","geometry":{"type":"Point","coordinates":[20.541,41.787]},"properties":{"name":"Korab","name_en":"Korab","name_zh":"科拉比山","featurecla":"mountain","scalerank":7,"region":"Europe","subregion":null,"label":null,"elevation":2764,"wikidataid":"Q211616","min_zoom":7}},{"type":"Feature","geometry":{"type":"Point","coordinates":[16.608,43.961]},"properties":{"name":"Troglav","name_en":"Troglav","name_zh":"特罗格拉夫山","featurecla":"mountain","scalerank":7,"region":"Europe","subregion":null,"label":null,"elevation":1913,"wikidataid":"Q1567872","min_zoom":7}},{"type":"Feature","geometry":{"type":"Point","coordinates":[20.132,49.171]},"properties":{"name":"Gerlach","name_en":"Gerlachovský štít","name_zh":"格尔拉赫峰","featurecla":"mountain","scalerank":7,"region":"Europe","subregion":null,"label":null,"elevation":2655,"wikidataid":"Q81213","min_zoom":7}},{"type":"Feature","geometry":{"type":"Point","coordinates":[10.619,51.824]},"properties":{"name":"Brocken","name_en":"Brocken","name_zh":"布罗肯峰","featurecla":"mountain","scalerank":7,"region":"Europe","subregion":null,"label":null,"elevation":1141,"wikidataid":"Q155721","min_zoom":7}},{"type":"Feature","geometry":{"type":"Point","coordinates":[7.017,50.393]},"properties":{"name":"Hohe Acht","name_en":"Hohe Acht","name_zh":"豪赫阿赫特山","featurecla":"mountain","scalerank":7,"region":"Europe","subregion":null,"label":null,"elevation":747,"wikidataid":"Q315110","min_zoom":7}},{"type":"Feature","geometry":{"type":"Point","coordinates":[8.013,47.877]},"properties":{"name":"Feldberg","name_en":"Feldberg","name_zh":"菲爾德山","featurecla":"mountain","scalerank":7,"region":"Europe","subregion":null,"label":null,"elevation":1493,"wikidataid":"Q316401","min_zoom":7}},{"type":"Feature","geometry":{"type":"Point","coordinates":[13.561,42.487]},"properties":{"name":"Corno Grande","name_en":"Corno Grande","name_zh":"大科尔诺峰","featurecla":"mountain","scalerank":7,"region":"Europe","subregion":null,"label":null,"elevation":2912,"wikidataid":"Q636540","min_zoom":7}},{"type":"Feature","geometry":{"type":"Point","coordinates":[2.812,45.53]},"properties":{"name":"Puy de Sancy","name_en":"Puy de Sancy","name_zh":"桑西山","featurecla":"mountain","scalerank":7,"region":"Europe","subregion":null,"label":null,"elevation":1885,"wikidataid":"Q778597","min_zoom":7}},{"type":"Feature","geometry":{"type":"Point","coordinates":[0.663,42.632]},"properties":{"name":"Pico de Aneto","name_en":"Aneto","name_zh":"阿内托峰","featurecla":"mountain","scalerank":7,"region":"Europe","subregion":null,"label":null,"elevation":3404,"wikidataid":"Q208081","min_zoom":7}},{"type":"Feature","geometry":{"type":"Point","coordinates":[-4.845,43.195]},"properties":{"name":"Torre de Cerredo","name_en":"Torre Cerredo","name_zh":"塞雷多峰","featurecla":"mountain","scalerank":7,"region":"Europe","subregion":null,"label":null,"elevation":2648,"wikidataid":"Q1520376","min_zoom":7}},{"type":"Feature","geometry":{"type":"Point","coordinates":[-3.311,37.051]},"properties":{"name":"Mulhacén","name_en":"Mulhacén","name_zh":"穆拉森山","featurecla":"mountain","scalerank":7,"region":"Europe","subregion":null,"label":null,"elevation":3479,"wikidataid":"Q209528","min_zoom":7}},{"type":"Feature","geometry":{"type":"Point","coordinates":[-2.938,42.246]},"properties":{"name":"Mount San Lorenzo","name_en":"Mount San Lorenzo","name_zh":"聖洛倫佐山","featurecla":"mountain","scalerank":7,"region":"Europe","subregion":null,"label":"San Lorenzo","elevation":2271,"wikidataid":"Q3322098","min_zoom":7}},{"type":"Feature","geometry":{"type":"Point","coordinates":[60.123,65.027]},"properties":{"name":"Gora Narodnaya","name_en":"Mount Narodnaya","name_zh":"纳洛德纳亚山","featurecla":"mountain","scalerank":6,"region":"Europe","subregion":null,"label":"Gora Narodnaya","elevation":1895,"wikidataid":"Q1142817","min_zoom":6.7}},{"type":"Feature","geometry":{"type":"Point","coordinates":[58.117,54.243]},"properties":{"name":"Gora Yamantau","name_en":"Mount Yamantau","name_zh":"亚曼套山","featurecla":"mountain","scalerank":6,"region":"Europe","subregion":null,"label":"Gora Yamantau","elevation":1638,"wikidataid":"Q1514176","min_zoom":6.7}},{"type":"Feature","geometry":{"type":"Point","coordinates":[7.73,45.938]},"properties":{"name":"Matterhorn","name_en":"Matterhorn","name_zh":"馬特洪峰","featurecla":"mountain","scalerank":6,"region":"Europe","subregion":null,"label":null,"elevation":4478,"wikidataid":"Q1374","min_zoom":6.7}},{"type":"Feature","geometry":{"type":"Point","coordinates":[18.505,67.906]},"properties":{"name":"Kebnekaise","name_en":"Kebnekaise","name_zh":"凯布讷山","featurecla":"mountain","scalerank":6,"region":"Europe","subregion":null,"label":null,"elevation":2111,"wikidataid":"Q214011","min_zoom":6.7}},{"type":"Feature","geometry":{"type":"Point","coordinates":[14.337,66.024]},"properties":{"name":"Oksskolten","name_en":"Oksskolten","name_zh":"奥克斯科尔滕","featurecla":"mountain","scalerank":6,"region":"Europe","subregion":null,"label":null,"elevation":1916,"wikidataid":"Q1769804","min_zoom":6.7}},{"type":"Feature","geometry":{"type":"Point","coordinates":[8.313,61.636]},"properties":{"name":"Galdhpiggen","name_en":"Galdhøpiggen","name_zh":"格利特峰","featurecla":"mountain","scalerank":6,"region":"Europe","subregion":null,"label":null,"elevation":2469,"wikidataid":"Q203942","min_zoom":6.7}},{"type":"Feature","geometry":{"type":"Point","coordinates":[22.35,40.083]},"properties":{"name":"Mount Olympus","name_en":"Mount Olympus","name_zh":"奥林匹斯山","featurecla":"mountain","scalerank":6,"region":"Europe","subregion":null,"label":"Mt. Olympus","elevation":2917,"wikidataid":"Q522586","min_zoom":6.7}},{"type":"Feature","geometry":{"type":"Point","coordinates":[23.587,42.18]},"properties":{"name":"Musala","name_en":"Musala","name_zh":"穆萨拉峰","featurecla":"mountain","scalerank":6,"region":"Europe","subregion":null,"label":null,"elevation":2925,"wikidataid":"Q209341","min_zoom":6.7}},{"type":"Feature","geometry":{"type":"Point","coordinates":[24.748,45.608]},"properties":{"name":"Moldoveanu","name_en":"Moldoveanu Peak","name_zh":"摩尔多韦亚努峰","featurecla":"mountain","scalerank":6,"region":"Europe","subregion":null,"label":null,"elevation":2543,"wikidataid":"Q746524","min_zoom":6.7}},{"type":"Feature","geometry":{"type":"Point","coordinates":[12.695,47.075]},"properties":{"name":"Grossglockner","name_en":"Grossglockner","name_zh":"大格洛克納山","featurecla":"mountain","scalerank":6,"region":"Europe","subregion":null,"label":null,"elevation":3798,"wikidataid":"Q3388","min_zoom":6.7}},{"type":"Feature","geometry":{"type":"Point","coordinates":[14.433,40.817]},"properties":{"name":"Vesuvio","name_en":"Mount Vesuvius","name_zh":"维苏威火山","featurecla":"mountain","scalerank":6,"region":"Europe","subregion":null,"label":null,"elevation":1281,"wikidataid":null,"min_zoom":6.7}},{"type":"Feature","geometry":{"type":"Point","coordinates":[6.865,45.834]},"properties":{"name":"Mont Blanc","name_en":"Mont Blanc","name_zh":"勃朗峰","featurecla":"mountain","scalerank":3,"region":"Europe","subregion":null,"label":"Mt. Blanc","elevation":4807,"wikidataid":"Q583","min_zoom":5.1}},{"type":"Feature","geometry":{"type":"Point","coordinates":[49.01,44.258]},"properties":{"name":null,"name_en":null,"name_zh":null,"featurecla":"depression","scalerank":2,"region":"Europe","subregion":null,"label":null,"elevation":-28,"wikidataid":null,"min_zoom":5}},{"type":"Feature","geometry":{"type":"Point","coordinates":[42.439,43.355]},"properties":{"name":"Gora Elbrus","name_en":"Mount Elbrus","name_zh":"厄尔布鲁士山","featurecla":"mountain","scalerank":2,"region":"Europe","subregion":null,"label":null,"elevation":5642,"wikidataid":"Q43105","min_zoom":5}},{"type":"Feature","geometry":{"type":"Point","coordinates":[10.98,47.42]},"properties":{"name":"Zugspitze","name_en":"Zugspitze","name_zh":"楚格峰","featurecla":"mountain","scalerank":9,"region":"Europe","subregion":null,"label":null,"elevation":2963,"wikidataid":"Q3375","min_zoom":7.2}},{"type":"Feature","geometry":{"type":"Point","coordinates":[6.02,50.76]},"properties":{"name":"Vaalserberg","name_en":"Vaalserberg","name_zh":"瓦尔斯堡山","featurecla":"mountain","scalerank":9,"region":"Europe","subregion":null,"label":null,"elevation":321,"wikidataid":"Q159860","min_zoom":7.2}},{"type":"Feature","geometry":{"type":"Point","coordinates":[29.81,63.09]},"properties":{"name":"Ukko Koli","name_en":"Koli","name_zh":"科利山","featurecla":"mountain","scalerank":9,"region":"Europe","subregion":null,"label":"Ukko Koli","elevation":347,"wikidataid":"Q13360737","min_zoom":7.2}},{"type":"Feature","geometry":{"type":"Point","coordinates":[13.83,46.38]},"properties":{"name":"Triglav","name_en":"Triglav","name_zh":"特里格拉夫峰","featurecla":"mountain","scalerank":9,"region":"Europe","subregion":null,"label":null,"elevation":2864,"wikidataid":"Q1024","min_zoom":7.2}},{"type":"Feature","geometry":{"type":"Point","coordinates":[27.05,57.72]},"properties":{"name":"Suur Munamagi","name_en":"Suur Munamägi","name_zh":"苏尔穆纳山","featurecla":"mountain","scalerank":9,"region":"Europe","subregion":null,"label":null,"elevation":318,"wikidataid":"Q504991","min_zoom":7.2}},{"type":"Feature","geometry":{"type":"Point","coordinates":[15.71,50.74]},"properties":{"name":"Sněžka","name_en":"Sněžka","name_zh":"斯涅日卡山","featurecla":"mountain","scalerank":9,"region":"Europe","subregion":null,"label":null,"elevation":1603,"wikidataid":"Q617511","min_zoom":7.2}},{"type":"Feature","geometry":{"type":"Point","coordinates":[6.09,50.5]},"properties":{"name":"Signal de Botrange","name_en":"Signal de Botrange","name_zh":"博特朗日山","featurecla":"mountain","scalerank":9,"region":"Europe","subregion":null,"label":null,"elevation":694,"wikidataid":"Q322824","min_zoom":7.2}},{"type":"Feature","geometry":{"type":"Point","coordinates":[-2.36,49.44]},"properties":{"name":null,"name_en":null,"name_zh":null,"featurecla":"spot elevation","scalerank":9,"region":"Europe","subregion":null,"label":null,"elevation":114,"wikidataid":null,"min_zoom":8}},{"type":"Feature","geometry":{"type":"Point","coordinates":[-5.34,36.13]},"properties":{"name":"Rock of Gibraltar","name_en":"Rock of Gibraltar","name_zh":"直布罗陀岩山","featurecla":"mountain","scalerank":9,"region":"Europe","subregion":null,"label":null,"elevation":426,"wikidataid":null,"min_zoom":7.2}},{"type":"Feature","geometry":{"type":"Point","coordinates":[-5.3,40.26]},"properties":{"name":"Pico de Almanzor","name_en":"Pico Almanzor","name_zh":"阿爾曼索爾峰","featurecla":"mountain","scalerank":9,"region":"Europe","subregion":null,"label":null,"elevation":2592,"wikidataid":"Q203353","min_zoom":7.2}},{"type":"Feature","geometry":{"type":"Point","coordinates":[1.44,42.59]},"properties":{"name":"Pic de Coma Pedrosa","name_en":"Coma Pedrosa","name_zh":"科马佩德罗萨山","featurecla":"mountain","scalerank":9,"region":"Europe","subregion":null,"label":null,"elevation":2943,"wikidataid":"Q62467","min_zoom":7.2}},{"type":"Feature","geometry":{"type":"Point","coordinates":[13.37,41.88]},"properties":{"name":"Monte Viglio","name_en":"Monte Viglio","name_zh":"维格里奥山","featurecla":"mountain","scalerank":9,"region":"Europe","subregion":null,"label":null,"elevation":2156,"wikidataid":"Q3862123","min_zoom":7.2}},{"type":"Feature","geometry":{"type":"Point","coordinates":[12.45,43.91]},"properties":{"name":"Monte Titano","name_en":"Monte Titano","name_zh":"蒂塔諾山","featurecla":"mountain","scalerank":9,"region":"Europe","subregion":null,"label":null,"elevation":739,"wikidataid":"Q158526","min_zoom":7.2}},{"type":"Feature","geometry":{"type":"Point","coordinates":[7.87,45.94]},"properties":{"name":"Monte Rosa","name_en":"Monte Rosa Massif","name_zh":"罗莎峰","featurecla":"mountain","scalerank":9,"region":"Europe","subregion":null,"label":null,"elevation":4634,"wikidataid":"Q14668","min_zoom":7.2}},{"type":"Feature","geometry":{"type":"Point","coordinates":[7.404,43.746]},"properties":{"name":"Mont Agel","name_en":"Mont Agel","name_zh":"阿格尔山","featurecla":"mountain","scalerank":9,"region":"Europe","subregion":null,"label":null,"elevation":140,"wikidataid":"Q1517182","min_zoom":7.2}},{"type":"Feature","geometry":{"type":"Point","coordinates":[-1.84,41.78]},"properties":{"name":"Moncayo","name_en":"Moncayo Massif","name_zh":"蒙卡约山","featurecla":"mountain","scalerank":9,"region":"Europe","subregion":null,"label":null,"elevation":2313,"wikidataid":null,"min_zoom":7.2}},{"type":"Feature","geometry":{"type":"Point","coordinates":[9.83,55.98]},"properties":{"name":"Møllehøj","name_en":"Møllehøj","name_zh":"莫來山","featurecla":"mountain","scalerank":9,"region":"Europe","subregion":null,"label":null,"elevation":171,"wikidataid":"Q689106","min_zoom":7.2}},{"type":"Feature","geometry":{"type":"Point","coordinates":[22.68,43.39]},"properties":{"name":"Midzor","name_en":"Midžor","name_zh":"米朱爾山","featurecla":"mountain","scalerank":9,"region":"Europe","subregion":null,"label":null,"elevation":2168,"wikidataid":"Q962856","min_zoom":7.2}},{"type":"Feature","geometry":{"type":"Point","coordinates":[19.81,42.44]},"properties":{"name":"Maja e Jezercë","name_en":"Maja Jezercë","name_zh":"湖泊峰","featurecla":"mountain","scalerank":9,"region":"Europe","subregion":null,"label":"Maja e Jezercë","elevation":2694,"wikidataid":"Q1032440","min_zoom":7.2}},{"type":"Feature","geometry":{"type":"Point","coordinates":[18.74,43.28]},"properties":{"name":"Maglic","name_en":"Maglić","name_zh":"马格利奇山","featurecla":"mountain","scalerank":9,"region":"Europe","subregion":null,"label":null,"elevation":2387,"wikidataid":"Q837723","min_zoom":7.2}},{"type":"Feature","geometry":{"type":"Point","coordinates":[25.63,54.54]},"properties":{"name":null,"name_en":null,"name_zh":null,"featurecla":"spot elevation","scalerank":9,"region":"Europe","subregion":null,"label":null,"elevation":300,"wikidataid":null,"min_zoom":7.2}},{"type":"Feature","geometry":{"type":"Point","coordinates":[37.51,55.69]},"properties":{"name":"Lenina","name_en":"Lenin Peak","name_zh":"列宁娜山","featurecla":"mountain","scalerank":9,"region":"Europe","subregion":null,"label":null,"elevation":150,"wikidataid":null,"min_zoom":7.2}},{"type":"Feature","geometry":{"type":"Point","coordinates":[25.96,56.87]},"properties":{"name":null,"name_en":null,"name_zh":null,"featurecla":"spot elevation","scalerank":9,"region":"Europe","subregion":null,"label":null,"elevation":311,"wikidataid":null,"min_zoom":7.2}},{"type":"Feature","geometry":{"type":"Point","coordinates":[20.01,47.88]},"properties":{"name":"Kékes","name_en":"Kékes","name_zh":"凱凱什峰","featurecla":"mountain","scalerank":9,"region":"Europe","subregion":null,"label":null,"elevation":1015,"wikidataid":"Q747618","min_zoom":7.2}},{"type":"Feature","geometry":{"type":"Point","coordinates":[-2.09,49.24]},"properties":{"name":null,"name_en":null,"name_zh":null,"featurecla":"spot elevation","scalerank":9,"region":"Europe","subregion":null,"label":null,"elevation":136,"wikidataid":null,"min_zoom":8}},{"type":"Feature","geometry":{"type":"Point","coordinates":[21.26,69.3]},"properties":{"name":"Haltiatunturi","name_en":"Halti","name_zh":"哈尔蒂亚峰","featurecla":"mountain","scalerank":9,"region":"Europe","subregion":null,"label":null,"elevation":1328,"wikidataid":"Q216035","min_zoom":7.2}},{"type":"Feature","geometry":{"type":"Point","coordinates":[9.58,47.05]},"properties":{"name":"Grauspitze","name_en":"Grauspitz","name_zh":"灰尖峰","featurecla":"mountain","scalerank":9,"region":"Europe","subregion":null,"label":null,"elevation":2599,"wikidataid":"Q665000","min_zoom":7.2}},{"type":"Feature","geometry":{"type":"Point","coordinates":[45.3,42.59]},"properties":{"name":"Gora Tebulosmta","name_en":"Tebulosmta","name_zh":"特布卢斯姆塔山","featurecla":"mountain","scalerank":9,"region":"Europe","subregion":null,"label":null,"elevation":4494,"wikidataid":"Q768463","min_zoom":7.2}},{"type":"Feature","geometry":{"type":"Point","coordinates":[24.51,48.16]},"properties":{"name":"Gora Goverla","name_en":"Hoverla","name_zh":"霍伟拉山","featurecla":"mountain","scalerank":9,"region":"Europe","subregion":null,"label":"Gora Goverla","elevation":2058,"wikidataid":"Q627508","min_zoom":7.2}},{"type":"Feature","geometry":{"type":"Point","coordinates":[8.13,46.54]},"properties":{"name":"Finsteraarhorn","name_en":"Finsteraarhorn","name_zh":"芬斯特瓦山","featurecla":"mountain","scalerank":9,"region":"Europe","subregion":null,"label":null,"elevation":4274,"wikidataid":"Q15127","min_zoom":7.2}},{"type":"Feature","geometry":{"type":"Point","coordinates":[-6.39,42.35]},"properties":{"name":"El Teleno","name_en":"El Teleno","name_zh":"泰莱诺山","featurecla":"mountain","scalerank":9,"region":"Europe","subregion":null,"label":null,"elevation":2183,"wikidataid":"Q24001512","min_zoom":7.2}},{"type":"Feature","geometry":{"type":"Point","coordinates":[27.08,53.86]},"properties":{"name":"Dzyarzhynskaya","name_en":"Dzyarzhynskaya Hara","name_zh":"捷尔任斯克山","featurecla":"mountain","scalerank":9,"region":"Europe","subregion":null,"label":null,"elevation":346,"wikidataid":null,"min_zoom":7.2}},{"type":"Feature","geometry":{"type":"Point","coordinates":[19.03,43.13]},"properties":{"name":"Durmitor","name_en":"Durmitor","name_zh":"杜米托尔国家公园","featurecla":"mountain","scalerank":9,"region":"Europe","subregion":null,"label":null,"elevation":2522,"wikidataid":"Q212836","min_zoom":7.2}},{"type":"Feature","geometry":{"type":"Point","coordinates":[16.38,44.06]},"properties":{"name":"Dinara","name_en":"Dinara","name_zh":"迪娜拉","featurecla":"mountain","scalerank":9,"region":"Europe","subregion":null,"label":null,"elevation":1831,"wikidataid":"Q736047","min_zoom":7.2}},{"type":"Feature","geometry":{"type":"Point","coordinates":[20.14,42.53]},"properties":{"name":"Daravica","name_en":"Đeravica","name_zh":"賈拉維察山","featurecla":"mountain","scalerank":9,"region":"Europe","subregion":null,"label":null,"elevation":2656,"wikidataid":"Q341983","min_zoom":7.2}},{"type":"Feature","geometry":{"type":"Point","coordinates":[5.94,46.27]},"properties":{"name":"Crêt de la Neige","name_en":"Crêt de la Neige","name_zh":"雪脊","featurecla":"mountain","scalerank":9,"region":"Europe","subregion":null,"label":null,"elevation":1718,"wikidataid":"Q1142554","min_zoom":7.2}},{"type":"Feature","geometry":{"type":"Point","coordinates":[6.02,50.16]},"properties":{"name":"Buurgplaatz","name_en":"Buurgplaatz","name_zh":"布格普拉茨山","featurecla":"mountain","scalerank":9,"region":"Europe","subregion":null,"label":null,"elevation":559,"wikidataid":"Q993417","min_zoom":7.2}},{"type":"Feature","geometry":{"type":"Point","coordinates":[24.92,42.72]},"properties":{"name":"Botev","name_en":"Botev Peak","name_zh":"博泰夫峰","featurecla":"mountain","scalerank":9,"region":"Europe","subregion":null,"label":null,"elevation":2376,"wikidataid":"Q894703","min_zoom":7.2}},{"type":"Feature","geometry":{"type":"Point","coordinates":[28.09,47.22]},"properties":{"name":"Bălănești","name_en":"Bălănești Hill","name_zh":"巴拉雷斯提山","featurecla":"mountain","scalerank":9,"region":"Europe","subregion":null,"label":"Bălănești","elevation":429,"wikidataid":"Q47940","min_zoom":7.2}},{"type":"Feature","geometry":{"type":"Point","coordinates":[-93.644,35.188]},"properties":{"name":"Magazine Mountain","name_en":"Mount Magazine","name_zh":"马格津山","featurecla":"mountain","scalerank":7,"region":"North America","subregion":null,"label":"Magazine Mountain","elevation":839,"wikidataid":"Q515059","min_zoom":7}},{"type":"Feature","geometry":{"type":"Point","coordinates":[-90.56,47.905]},"properties":{"name":"Eagle Mountain","name_en":"Eagle Mountain","name_zh":"鹰山","featurecla":"mountain","scalerank":7,"region":"North America","subregion":null,"label":"Eagle Mt.","elevation":701,"wikidataid":"Q252204","min_zoom":7}},{"type":"Feature","geometry":{"type":"Point","coordinates":[-80.758,47.336]},"properties":{"name":"Ishpatina Ridge","name_en":"Ishpatina Ridge","name_zh":"伊示巴蒂那山脊","featurecla":"mountain","scalerank":7,"region":"North America","subregion":null,"label":null,"elevation":693,"wikidataid":"Q1514665","min_zoom":7}},{"type":"Feature","geometry":{"type":"Point","coordinates":[-115.382,30.988]},"properties":{"name":"Picacho del Diablo","name_en":"Picacho del Diablo","name_zh":"迪亚波罗山","featurecla":"mountain","scalerank":7,"region":"North America","subregion":null,"label":null,"elevation":3069,"wikidataid":"Q3817471","min_zoom":7}},{"type":"Feature","geometry":{"type":"Point","coordinates":[-99.732,24.001]},"properties":{"name":"Sierra El Viejo","name_en":"Sierra El Viejo","name_zh":"维耶霍山","featurecla":"mountain","scalerank":7,"region":"North America","subregion":null,"label":null,"elevation":3500,"wikidataid":null,"min_zoom":7}},{"type":"Feature","geometry":{"type":"Point","coordinates":[-107.005,26.034]},"properties":{"name":"Cerro Mohinora","name_en":"Cerro Mohinora","name_zh":"莫希诺拉山","featurecla":"mountain","scalerank":7,"region":"North America","subregion":null,"label":null,"elevation":3348,"wikidataid":"Q27783532","min_zoom":7}},{"type":"Feature","geometry":{"type":"Point","coordinates":[-109.947,23.558]},"properties":{"name":"Cerro Picacho la Laguna","name_en":"Cerro Picacho La Laguna","name_zh":"皮卡乔拉拉古纳山","featurecla":"mountain","scalerank":7,"region":"North America","subregion":null,"label":"Picacho la Laguna","elevation":1980,"wikidataid":"Q27782811","min_zoom":7}},{"type":"Feature","geometry":{"type":"Point","coordinates":[-138.539,64.495]},"properties":{"name":"Mount Frank Rae","name_en":"Mount Frank Rae","name_zh":"弗兰克雷山","featurecla":"mountain","scalerank":7,"region":"North America","subregion":null,"label":"Mt. Frank Rae","elevation":2347,"wikidataid":"Q6920797","min_zoom":7}},{"type":"Feature","geometry":{"type":"Point","coordinates":[-133.862,58.741]},"properties":{"name":"Devils Paw","name_en":"Devils Paw","name_zh":"恶魔爪","featurecla":"mountain","scalerank":7,"region":"North America","subregion":null,"label":null,"elevation":2593,"wikidataid":"Q5267436","min_zoom":7}},{"type":"Feature","geometry":{"type":"Point","coordinates":[-127.687,61.869]},"properties":{"name":"Mount Nirvana","name_en":"Mount Nirvana","name_zh":"涅槃山","featurecla":"mountain","scalerank":7,"region":"North America","subregion":null,"label":"Mt. Nirvana","elevation":2773,"wikidataid":"Q1500146","min_zoom":7}},{"type":"Feature","geometry":{"type":"Point","coordinates":[-132.801,64.751]},"properties":{"name":"Mount Macdonald","name_en":"Mount Macdonald","name_zh":"麦克唐纳山","featurecla":"mountain","scalerank":7,"region":"North America","subregion":null,"label":null,"elevation":2760,"wikidataid":null,"min_zoom":7}},{"type":"Feature","geometry":{"type":"Point","coordinates":[-65.956,48.997]},"properties":{"name":"Mont Jacques-Cartier","name_en":"Mont Jacques-Cartier","name_zh":"雅克卡地亚山","featurecla":"mountain","scalerank":7,"region":"North America","subregion":null,"label":null,"elevation":1268,"wikidataid":"Q1628389","min_zoom":7}},{"type":"Feature","geometry":{"type":"Point","coordinates":[-60.611,46.698]},"properties":{"name":"White Hill","name_en":"White Hill","name_zh":"怀特山","featurecla":"mountain","scalerank":7,"region":"North America","subregion":null,"label":null,"elevation":535,"wikidataid":null,"min_zoom":7}},{"type":"Feature","geometry":{"type":"Point","coordinates":[-63.725,58.897]},"properties":{"name":"Mount Caubvick","name_en":"Mount Caubvick","name_zh":"卡布维克峰","featurecla":"mountain","scalerank":7,"region":"North America","subregion":null,"label":"Mt. Caubvick","elevation":1652,"wikidataid":"Q3321804","min_zoom":7}},{"type":"Feature","geometry":{"type":"Point","coordinates":[177.607,52.092]},"properties":{"name":"Kiska Volcano","name_en":"Kiska Volcano","name_zh":"基斯卡火山","featurecla":"mountain","scalerank":6,"region":"North America","subregion":null,"label":null,"elevation":1220,"wikidataid":null,"min_zoom":6.7}},{"type":"Feature","geometry":{"type":"Point","coordinates":[173.133,52.885]},"properties":{"name":"Cold Mountain","name_en":"Cold Mountain","name_zh":"寒山","featurecla":"mountain","scalerank":6,"region":"North America","subregion":null,"label":null,"elevation":739,"wikidataid":null,"min_zoom":6.7}},{"type":"Feature","geometry":{"type":"Point","coordinates":[-57.781,49.598]},"properties":{"name":"Gros Morne","name_en":"Gros Morne","name_zh":"格罗莫讷山","featurecla":"mountain","scalerank":6,"region":"North America","subregion":null,"label":null,"elevation":806,"wikidataid":"Q1547452","min_zoom":6.7}},{"type":"Feature","geometry":{"type":"Point","coordinates":[-70.457,52.315]},"properties":{"name":"Mont Yapeitso","name_en":"Mont Yapeitso","name_zh":"亚佩索山","featurecla":"mountain","scalerank":6,"region":"North America","subregion":null,"label":null,"elevation":1128,"wikidataid":"Q17635322","min_zoom":6.7}},{"type":"Feature","geometry":{"type":"Point","coordinates":[-74.573,46.259]},"properties":{"name":"Mont Tremblant","name_en":"Mont Tremblant","name_zh":"朗布朗山","featurecla":"mountain","scalerank":6,"region":"North America","subregion":null,"label":null,"elevation":968,"wikidataid":"Q3322162","min_zoom":6.7}},{"type":"Feature","geometry":{"type":"Point","coordinates":[-73.927,44.134]},"properties":{"name":"Mount Marcy","name_en":"Mount Marcy","name_zh":"玛西山","featurecla":"mountain","scalerank":6,"region":"North America","subregion":null,"label":"Mt. Marcy","elevation":1269,"wikidataid":"Q1858227","min_zoom":6.7}},{"type":"Feature","geometry":{"type":"Point","coordinates":[-74.38,42.009]},"properties":{"name":"Slide Mountain","name_en":"Slide Mountain","name_zh":"斯莱德山","featurecla":"mountain","scalerank":6,"region":"North America","subregion":null,"label":"Slide Mt.","elevation":1274,"wikidataid":"Q7540328","min_zoom":6.7}},{"type":"Feature","geometry":{"type":"Point","coordinates":[-103.634,19.567]},"properties":{"name":"Volcán de Colima","name_en":"Colima","name_zh":"科利马火山","featurecla":"mountain","scalerank":6,"region":"North America","subregion":null,"label":null,"elevation":4330,"wikidataid":"Q825347","min_zoom":6.7}},{"type":"Feature","geometry":{"type":"Point","coordinates":[-97.278,19.034]},"properties":{"name":"Pico de Orizaba","name_en":"Pico de Orizaba","name_zh":"奥里萨巴山","featurecla":"mountain","scalerank":6,"region":"North America","subregion":null,"label":null,"elevation":5636,"wikidataid":"Q238147","min_zoom":6.7}},{"type":"Feature","geometry":{"type":"Point","coordinates":[-98.623,19.034]},"properties":{"name":"Volcán Popocatépetl","name_en":"Popocatépetl","name_zh":"波波卡特佩特火山","featurecla":"mountain","scalerank":6,"region":"North America","subregion":null,"label":null,"elevation":5420,"wikidataid":null,"min_zoom":6.7}},{"type":"Feature","geometry":{"type":"Point","coordinates":[-96.187,16.214]},"properties":{"name":"Cerro Nube Flan","name_en":"Cerro Nube Flane","name_zh":"努贝弗朗山","featurecla":"mountain","scalerank":6,"region":"North America","subregion":null,"label":null,"elevation":3750,"wikidataid":"Q2946767","min_zoom":6.7}},{"type":"Feature","geometry":{"type":"Point","coordinates":[-105.62,40.255]},"properties":{"name":"Longs Peak","name_en":"Longs Peak","name_zh":"朗斯峰","featurecla":"mountain","scalerank":6,"region":"North America","subregion":null,"label":"Longs Pk.","elevation":4346,"wikidataid":"Q1317383","min_zoom":6.7}},{"type":"Feature","geometry":{"type":"Point","coordinates":[-103.54,43.886]},"properties":{"name":"Black Elk Peak","name_en":"Black Elk Peak","name_zh":"黑麋鹿峰","featurecla":"mountain","scalerank":6,"region":"North America","subregion":null,"label":null,"elevation":2207,"wikidataid":"Q1585737","min_zoom":6.7}},{"type":"Feature","geometry":{"type":"Point","coordinates":[-100.712,51.448]},"properties":{"name":"Baldy Mountain","name_en":"Baldy Mountain","name_zh":"鲍尔迪山","featurecla":"mountain","scalerank":6,"region":"North America","subregion":null,"label":"Baldy Mt.","elevation":831,"wikidataid":"Q3321683","min_zoom":6.7}},{"type":"Feature","geometry":{"type":"Point","coordinates":[-111.678,35.346]},"properties":{"name":"Humphreys Peak","name_en":"Humphreys Peak","name_zh":"漢弗萊斯峯","featurecla":"mountain","scalerank":6,"region":"North America","subregion":null,"label":"Humphreys Pk.","elevation":3851,"wikidataid":"Q1239004","min_zoom":6.7}},{"type":"Feature","geometry":{"type":"Point","coordinates":[-109.571,33.92]},"properties":{"name":"Mount Baldy","name_en":"Mount Baldy","name_zh":"波尔蒂山","featurecla":"mountain","scalerank":6,"region":"North America","subregion":null,"label":"Mt. Baldy","elevation":3476,"wikidataid":"Q6919585","min_zoom":6.7}},{"type":"Feature","geometry":{"type":"Point","coordinates":[-105.645,35.963]},"properties":{"name":"Truchas Peak","name_en":"Truchas Peak","name_zh":"杜鲁查斯峰","featurecla":"mountain","scalerank":6,"region":"North America","subregion":null,"label":"Truchas Pk.","elevation":3993,"wikidataid":"Q7847152","min_zoom":6.7}},{"type":"Feature","geometry":{"type":"Point","coordinates":[-104.868,31.901]},"properties":{"name":"Guadalupe Peak","name_en":"Guadalupe Peak","name_zh":"爪達魯沛峯","featurecla":"mountain","scalerank":6,"region":"North America","subregion":null,"label":"Guadalupe Pk.","elevation":2667,"wikidataid":"Q32793","min_zoom":6.7}},{"type":"Feature","geometry":{"type":"Point","coordinates":[-107.544,28.789]},"properties":{"name":"Cerro Grande","name_en":"Cerro Grande","name_zh":"格兰德山","featurecla":"mountain","scalerank":6,"region":"North America","subregion":null,"label":null,"elevation":2780,"wikidataid":"Q27785012","min_zoom":6.7}},{"type":"Feature","geometry":{"type":"Point","coordinates":[-103.244,29.292]},"properties":{"name":"Pummel Peak","name_en":"Pummel Peak","name_zh":"帕默尔峰","featurecla":"mountain","scalerank":6,"region":"North America","subregion":null,"label":null,"elevation":2018,"wikidataid":null,"min_zoom":6.7}},{"type":"Feature","geometry":{"type":"Point","coordinates":[-119.155,53.11]},"properties":{"name":"Mount Robson","name_en":"Mount Robson","name_zh":"罗布森山","featurecla":"mountain","scalerank":6,"region":"North America","subregion":null,"label":"Mt. Robson","elevation":3954,"wikidataid":"Q1161258","min_zoom":6.7}},{"type":"Feature","geometry":{"type":"Point","coordinates":[-115.616,59.21]},"properties":{"name":null,"name_en":null,"name_zh":null,"featurecla":"spot elevation","scalerank":6,"region":"North America","subregion":null,"label":null,"elevation":1006,"wikidataid":null,"min_zoom":6.7}},{"type":"Feature","geometry":{"type":"Point","coordinates":[-125.262,51.372]},"properties":{"name":"Mount Waddington","name_en":"Mount Waddington","name_zh":"沃丁顿山","featurecla":"mountain","scalerank":6,"region":"North America","subregion":null,"label":"Mt. Waddington","elevation":4019,"wikidataid":"Q1737059","min_zoom":6.7}},{"type":"Feature","geometry":{"type":"Point","coordinates":[-125.759,49.677]},"properties":{"name":"Golden Hinde","name_en":"Golden Hinde","name_zh":"戈尔登汗德山","featurecla":"mountain","scalerank":6,"region":"North America","subregion":null,"label":null,"elevation":2195,"wikidataid":"Q1633809","min_zoom":6.7}},{"type":"Feature","geometry":{"type":"Point","coordinates":[-123.718,47.812]},"properties":{"name":"Mount Olympus","name_en":"Mount Olympus","name_zh":"奥林匹斯山","featurecla":"mountain","scalerank":6,"region":"North America","subregion":null,"label":"Mt. Olympus","elevation":2429,"wikidataid":"Q522586","min_zoom":6.7}},{"type":"Feature","geometry":{"type":"Point","coordinates":[-121.422,36.159]},"properties":{"name":"Junipero Serra Peak","name_en":"Junipero Serra Peak","name_zh":"朱尼佩罗塞拉峰","featurecla":"mountain","scalerank":6,"region":"North America","subregion":null,"label":"Junipero Serra Pk.","elevation":1787,"wikidataid":"Q8519545","min_zoom":6.7}},{"type":"Feature","geometry":{"type":"Point","coordinates":[-116.826,34.108]},"properties":{"name":"San Gorgonio Mountain","name_en":"San Gorgonio Mountain","name_zh":"圣戈尔戈尼奥山","featurecla":"mountain","scalerank":6,"region":"North America","subregion":null,"label":"San Gorgonio Mt.","elevation":3505,"wikidataid":"Q3364408","min_zoom":6.7}},{"type":"Feature","geometry":{"type":"Point","coordinates":[-137.527,58.907]},"properties":{"name":"Mount Fairweather","name_en":"Mount Fairweather","name_zh":"費爾韋瑟山","featurecla":"mountain","scalerank":6,"region":"North America","subregion":null,"label":"Mt. Fairweather","elevation":4671,"wikidataid":"Q1544340","min_zoom":6.7}},{"type":"Feature","geometry":{"type":"Point","coordinates":[-125.334,58.443]},"properties":{"name":"Mount Roosevelt","name_en":"Mount Roosevelt","name_zh":"罗斯福山","featurecla":"mountain","scalerank":6,"region":"North America","subregion":null,"label":null,"elevation":2972,"wikidataid":null,"min_zoom":6.7}},{"type":"Feature","geometry":{"type":"Point","coordinates":[-127.755,54.422]},"properties":{"name":"Howson Peak","name_en":"Howson Peak","name_zh":"豪森峰","featurecla":"mountain","scalerank":6,"region":"North America","subregion":null,"label":"Howson Pk.","elevation":2759,"wikidataid":"Q5922600","min_zoom":6.7}},{"type":"Feature","geometry":{"type":"Point","coordinates":[-132.083,53.026]},"properties":{"name":"Mount Moresby","name_en":"Mount Moresby","name_zh":"莫尔斯比山","featurecla":"mountain","scalerank":6,"region":"North America","subregion":null,"label":"Mt. Moresby","elevation":1164,"wikidataid":"Q6922253","min_zoom":6.7}},{"type":"Feature","geometry":{"type":"Point","coordinates":[-140.412,60.58]},"properties":{"name":"Mount Logan","name_en":"Mount Logan","name_zh":"洛根山","featurecla":"mountain","scalerank":6,"region":"North America","subregion":null,"label":"Mt. Logan","elevation":5959,"wikidataid":"Q120306","min_zoom":6.7}},{"type":"Feature","geometry":{"type":"Point","coordinates":[-143.443,61.737]},"properties":{"name":"Mount Blackburn","name_en":"Mount Blackburn","name_zh":"布萊克本火山","featurecla":"mountain","scalerank":6,"region":"North America","subregion":null,"label":"Mt. Blackburn","elevation":4996,"wikidataid":"Q1520855","min_zoom":6.7}},{"type":"Feature","geometry":{"type":"Point","coordinates":[-113.848,48.925]},"properties":{"name":"Mount Cleveland","name_en":"Mount Cleveland","name_zh":"克利夫兰山","featurecla":"mountain","scalerank":6,"region":"North America","subregion":null,"label":"Mt. Cleveland","elevation":3190,"wikidataid":"Q3321762","min_zoom":6.7}},{"type":"Feature","geometry":{"type":"Point","coordinates":[-154.957,58.279]},"properties":{"name":"Mount Katmai","name_en":"Mount Katmai","name_zh":"卡特邁火山","featurecla":"mountain","scalerank":6,"region":"North America","subregion":null,"label":"Mt. Katmai","elevation":2047,"wikidataid":"Q1053435","min_zoom":6.7}},{"type":"Feature","geometry":{"type":"Point","coordinates":[-159.34,60.108]},"properties":{"name":null,"name_en":null,"name_zh":null,"featurecla":"spot elevation","scalerank":6,"region":"North America","subregion":null,"label":null,"elevation":1600,"wikidataid":null,"min_zoom":6.7}},{"type":"Feature","geometry":{"type":"Point","coordinates":[-158.124,56.873]},"properties":{"name":"Aniakchak Peak","name_en":"Aniakchak","name_zh":"阿尼亚恰克峰","featurecla":"mountain","scalerank":6,"region":"North America","subregion":null,"label":null,"elevation":1356,"wikidataid":null,"min_zoom":6.7}},{"type":"Feature","geometry":{"type":"Point","coordinates":[-165.346,65.002]},"properties":{"name":"Mount Osborn","name_en":"Mount Osborn","name_zh":"奥斯本山","featurecla":"mountain","scalerank":6,"region":"North America","subregion":null,"label":"Mt. Osborn","elevation":1437,"wikidataid":"Q8524981","min_zoom":6.7}},{"type":"Feature","geometry":{"type":"Point","coordinates":[-168.708,53.148]},"properties":{"name":"Mount Vsevidof","name_en":"Mount Vsevidof","name_zh":"弗謝維多夫火山","featurecla":"mountain","scalerank":6,"region":"North America","subregion":null,"label":"Mt. Vsevidof","elevation":2149,"wikidataid":"Q1950800","min_zoom":6.7}},{"type":"Feature","geometry":{"type":"Point","coordinates":[-135.295,59.704]},"properties":{"name":"Chilkoot Pass","name_en":"Chilkoot Pass","name_zh":"奇尔库特山口","featurecla":"pass","scalerank":6,"region":"North America","subregion":null,"label":null,"elevation":1067,"wikidataid":"Q1072958","min_zoom":6.7}},{"type":"Feature","geometry":{"type":"Point","coordinates":[-114.313,38.986]},"properties":{"name":"Wheeler Peak","name_en":"Wheeler Peak","name_zh":"惠勒峰","featurecla":"mountain","scalerank":5,"region":"North America","subregion":null,"label":"Wheeler Pk.","elevation":3982,"wikidataid":"Q2566649","min_zoom":6}},{"type":"Feature","geometry":{"type":"Point","coordinates":[-113.782,44.14]},"properties":{"name":"Borah Peak","name_en":"Borah Peak","name_zh":"博拉峰","featurecla":"mountain","scalerank":5,"region":"North America","subregion":null,"label":"Borah Pk.","elevation":3859,"wikidataid":"Q893312","min_zoom":6}},{"type":"Feature","geometry":{"type":"Point","coordinates":[-117.297,45.254]},"properties":{"name":"Sacajawea Peak","name_en":"Sacajawea Peak","name_zh":"萨卡贾维亚峰","featurecla":"mountain","scalerank":5,"region":"North America","subregion":null,"label":"Sacajawea Pk.","elevation":2999,"wikidataid":"Q7396563","min_zoom":6}},{"type":"Feature","geometry":{"type":"Point","coordinates":[-114.314,45.906]},"properties":{"name":"Trapper Peak","name_en":"Trapper Peak","name_zh":"特拉珀峰","featurecla":"mountain","scalerank":5,"region":"North America","subregion":null,"label":"Trapper Pk.","elevation":3096,"wikidataid":"Q7835655","min_zoom":6}},{"type":"Feature","geometry":{"type":"Point","coordinates":[-110.373,40.782]},"properties":{"name":"King's Peak","name_en":"King's Peak","name_zh":"國王峰","featurecla":"mountain","scalerank":5,"region":"North America","subregion":null,"label":"Kings Pk.","elevation":4123,"wikidataid":"Q1642538","min_zoom":6}},{"type":"Feature","geometry":{"type":"Point","coordinates":[-121.823,48.796]},"properties":{"name":"Mount Baker","name_en":"Mount Baker","name_zh":"貝克山","featurecla":"mountain","scalerank":5,"region":"North America","subregion":null,"label":"Mt. Baker","elevation":3286,"wikidataid":"Q594387","min_zoom":6}},{"type":"Feature","geometry":{"type":"Point","coordinates":[-106.446,39.125]},"properties":{"name":"Mount Elbert","name_en":"Mount Elbert","name_zh":"埃爾伯特峰","featurecla":"mountain","scalerank":5,"region":"North America","subregion":null,"label":"Mt. Elbert","elevation":4402,"wikidataid":"Q657225","min_zoom":6}},{"type":"Feature","geometry":{"type":"Point","coordinates":[-107.477,38.073]},"properties":{"name":"Uncompahgre Peak","name_en":"Uncompahgre Peak","name_zh":"乌马格里峰","featurecla":"mountain","scalerank":5,"region":"North America","subregion":null,"label":"Uncompahgre Pk.","elevation":4361,"wikidataid":"Q576184","min_zoom":6}},{"type":"Feature","geometry":{"type":"Point","coordinates":[-82.268,35.765]},"properties":{"name":"Mount Mitchell","name_en":"Mount Mitchell","name_zh":"米切爾峰","featurecla":"mountain","scalerank":5,"region":"North America","subregion":null,"label":"Mt. Mitchell","elevation":2037,"wikidataid":"Q615337","min_zoom":6}},{"type":"Feature","geometry":{"type":"Point","coordinates":[-83.497,35.587]},"properties":{"name":"Clingmans Dome","name_en":"Clingmans Dome","name_zh":"克林曼山","featurecla":"mountain","scalerank":5,"region":"North America","subregion":null,"label":null,"elevation":2025,"wikidataid":"Q685166","min_zoom":6}},{"type":"Feature","geometry":{"type":"Point","coordinates":[-79.535,38.715]},"properties":{"name":"Spruce Knob","name_en":"Spruce Knob","name_zh":"斯普鲁斯丘","featurecla":"mountain","scalerank":5,"region":"North America","subregion":null,"label":null,"elevation":1482,"wikidataid":"Q1815535","min_zoom":6}},{"type":"Feature","geometry":{"type":"Point","coordinates":[-81.562,36.677]},"properties":{"name":"Mount Rogers","name_en":"Mount Rogers","name_zh":"罗杰斯山","featurecla":"mountain","scalerank":5,"region":"North America","subregion":null,"label":"Mt. Rogers","elevation":1746,"wikidataid":"Q688645","min_zoom":6}},{"type":"Feature","geometry":{"type":"Point","coordinates":[-71.307,44.267]},"properties":{"name":"Mount Washington","name_en":"Mount Washington","name_zh":"偉大神靈之鄉","featurecla":"mountain","scalerank":3,"region":"North America","subregion":null,"label":"Mt. Washington","elevation":1917,"wikidataid":"Q572801","min_zoom":5.1}},{"type":"Feature","geometry":{"type":"Point","coordinates":[-68.924,45.903]},"properties":{"name":"Mount Katahdin","name_en":"Mount Katahdin","name_zh":"卡塔丁山","featurecla":"mountain","scalerank":3,"region":"North America","subregion":null,"label":"Mt. Katahdin","elevation":1606,"wikidataid":"Q1858056","min_zoom":5.1}},{"type":"Feature","geometry":{"type":"Point","coordinates":[-122.195,41.409]},"properties":{"name":"Mount Shasta","name_en":"Mount Shasta","name_zh":"沙斯塔山","featurecla":"mountain","scalerank":3,"region":"North America","subregion":null,"label":null,"elevation":4322,"wikidataid":"Q748355","min_zoom":5.1}},{"type":"Feature","geometry":{"type":"Point","coordinates":[-110.802,43.763]},"properties":{"name":"Grand Teton","name_en":"Grand Teton","name_zh":"大提顿峰","featurecla":"mountain","scalerank":3,"region":"North America","subregion":null,"label":null,"elevation":4199,"wikidataid":"Q2078034","min_zoom":5.1}},{"type":"Feature","geometry":{"type":"Point","coordinates":[-121.697,45.384]},"properties":{"name":"Mount Hood","name_en":"Mount Hood","name_zh":"胡德山","featurecla":"mountain","scalerank":3,"region":"North America","subregion":null,"label":null,"elevation":3426,"wikidataid":"Q275662","min_zoom":5.1}},{"type":"Feature","geometry":{"type":"Point","coordinates":[-116.828,36.242]},"properties":{"name":"Death Valley","name_en":"Death Valley","name_zh":"死亡谷","featurecla":"depression","scalerank":2,"region":"North America","subregion":null,"label":null,"elevation":-86,"wikidataid":"Q118388","min_zoom":5}},{"type":"Feature","geometry":{"type":"Point","coordinates":[-151.007,63.069]},"properties":{"name":"Denali","name_en":"Denali","name_zh":"丹奈利峰","featurecla":"mountain","scalerank":2,"region":"North America","subregion":null,"label":null,"elevation":6194,"wikidataid":"Q130018","min_zoom":5}},{"type":"Feature","geometry":{"type":"Point","coordinates":[-144.914,69.281]},"properties":{"name":"Mount Chamberlin","name_en":"Mount Chamberlin","name_zh":"千柏林山","featurecla":"mountain","scalerank":4,"region":"North America","subregion":null,"label":"Mt. Chamberlin","elevation":2749,"wikidataid":"Q3321738","min_zoom":6}},{"type":"Feature","geometry":{"type":"Point","coordinates":[-154.967,67.441]},"properties":{"name":"Mount Igikpak","name_en":"Mount Igikpak","name_zh":"伊吉克帕克山","featurecla":"mountain","scalerank":6,"region":"North America","subregion":null,"label":"Mt. Igikpak,","elevation":2523,"wikidataid":"Q1950531","min_zoom":6.7}},{"type":"Feature","geometry":{"type":"Point","coordinates":[-160.34,68.563]},"properties":{"name":"Black Mountain","name_en":"Black Mountain","name_zh":"布莱克山","featurecla":"mountain","scalerank":7,"region":"North America","subregion":null,"label":"Black Mt.","elevation":1530,"wikidataid":"Q21894249","min_zoom":7}},{"type":"Feature","geometry":{"type":"Point","coordinates":[-118.292,36.583]},"properties":{"name":"Mount Whitney","name_en":"Mount Whitney","name_zh":"惠特尼峰","featurecla":"mountain","scalerank":2,"region":"North America","subregion":null,"label":null,"elevation":4421,"wikidataid":"Q235539","min_zoom":5}},{"type":"Feature","geometry":{"type":"Point","coordinates":[-118.26,37.63]},"properties":{"name":"White Mountain Peak","name_en":"White Mountain Peak","name_zh":"怀特主峰","featurecla":"mountain","scalerank":9,"region":"North America","subregion":null,"label":null,"elevation":4342,"wikidataid":"Q4468440","min_zoom":7.2}},{"type":"Feature","geometry":{"type":"Point","coordinates":[-124.09,57.35]},"properties":{"name":"Ulysses Mountain","name_en":"Mount Ulysses","name_zh":"尤利西斯山","featurecla":"mountain","scalerank":9,"region":"North America","subregion":null,"label":null,"elevation":3024,"wikidataid":"Q3548164","min_zoom":7.2}},{"type":"Feature","geometry":{"type":"Point","coordinates":[-126.85,57.93]},"properties":{"name":"Thudaka Mountain","name_en":"Thudaka Peak","name_zh":"图达卡山","featurecla":"mountain","scalerank":9,"region":"North America","subregion":null,"label":"Thudaka Mountain","elevation":2748,"wikidataid":"Q7798675","min_zoom":7.2}},{"type":"Feature","geometry":{"type":"Point","coordinates":[-105.81,33.37]},"properties":{"name":"Sierra Blanca Peak","name_en":"Sierra Blanca","name_zh":"塞拉白朗卡","featurecla":"mountain","scalerank":9,"region":"North America","subregion":null,"label":"Sierra Blanca Pk.","elevation":3649,"wikidataid":"Q1367141","min_zoom":7.2}},{"type":"Feature","geometry":{"type":"Point","coordinates":[-152.74,60.49]},"properties":{"name":"Redoubt Volcano","name_en":"Mount Redoubt","name_zh":"里道特火山","featurecla":"mountain","scalerank":9,"region":"North America","subregion":null,"label":null,"elevation":3108,"wikidataid":"Q840735","min_zoom":7.2}},{"type":"Feature","geometry":{"type":"Point","coordinates":[-117.886,51.664]},"properties":{"name":"Mount Sir Sandford","name_en":"Mount Sir Sandford","name_zh":"桑福德爵士山","featurecla":"mountain","scalerank":9,"region":"North America","subregion":null,"label":null,"elevation":3519,"wikidataid":"Q3862020","min_zoom":7.2}},{"type":"Feature","geometry":{"type":"Point","coordinates":[-121.76,46.85]},"properties":{"name":"Mount Rainier","name_en":"Mount Rainier","name_zh":"雷尼爾山","featurecla":"mountain","scalerank":9,"region":"North America","subregion":null,"label":null,"elevation":4392,"wikidataid":"Q194057","min_zoom":7.2}},{"type":"Feature","geometry":{"type":"Point","coordinates":[-109.23,38.44]},"properties":{"name":"Mount Peale","name_en":"Mount Peale","name_zh":"皮亚乐山","featurecla":"mountain","scalerank":9,"region":"North America","subregion":null,"label":null,"elevation":3877,"wikidataid":"Q6922678","min_zoom":7.2}},{"type":"Feature","geometry":{"type":"Point","coordinates":[-143.84,64.24]},"properties":{"name":"Mount Harper","name_en":"Mount Harper","name_zh":"哈珀山","featurecla":"mountain","scalerank":9,"region":"North America","subregion":null,"label":null,"elevation":1994,"wikidataid":null,"min_zoom":7.2}},{"type":"Feature","geometry":{"type":"Point","coordinates":[-122.48,41.32]},"properties":{"name":"Mount Eddy","name_en":"Mount Eddy","name_zh":"埃迪山","featurecla":"mountain","scalerank":9,"region":"North America","subregion":null,"label":null,"elevation":2751,"wikidataid":"Q4529821","min_zoom":7.2}},{"type":"Feature","geometry":{"type":"Point","coordinates":[-130.32,63.43]},"properties":{"name":"Keele Peak","name_en":"Keele Peak","name_zh":"基尔峰","featurecla":"mountain","scalerank":9,"region":"North America","subregion":null,"label":null,"elevation":2952,"wikidataid":"Q1737731","min_zoom":7.2}},{"type":"Feature","geometry":{"type":"Point","coordinates":[-109.65,43.18]},"properties":{"name":"Gannett Peak","name_en":"Gannett Peak","name_zh":"甘尼特峰","featurecla":"mountain","scalerank":9,"region":"North America","subregion":null,"label":null,"elevation":4207,"wikidataid":"Q1493617","min_zoom":7.2}},{"type":"Feature","geometry":{"type":"Point","coordinates":[-133.37,61.92]},"properties":{"name":"Fox Mountain","name_en":"Fox Mountain","name_zh":"福克斯山","featurecla":"mountain","scalerank":9,"region":"North America","subregion":null,"label":null,"elevation":2404,"wikidataid":null,"min_zoom":7.2}},{"type":"Feature","geometry":{"type":"Point","coordinates":[-104.46,37.1]},"properties":{"name":"Fishers Peak","name_en":"Fishers Peak","name_zh":"费希尔斯峰","featurecla":"mountain","scalerank":9,"region":"North America","subregion":null,"label":null,"elevation":2934,"wikidataid":"Q14951222","min_zoom":7.2}},{"type":"Feature","geometry":{"type":"Point","coordinates":[-110.28,46.02]},"properties":{"name":"Crazy Peak","name_en":"Crazy Peak","name_zh":"克雷齐峰","featurecla":"mountain","scalerank":9,"region":"North America","subregion":null,"label":null,"elevation":3417,"wikidataid":"Q3382297","min_zoom":7.2}},{"type":"Feature","geometry":{"type":"Point","coordinates":[-103.43,20.37]},"properties":{"name":"Cerro Viejo","name_en":"Cerro Viejo","name_zh":"别霍山","featurecla":"mountain","scalerank":9,"region":"North America","subregion":null,"label":null,"elevation":2960,"wikidataid":"Q27779096","min_zoom":7.2}},{"type":"Feature","geometry":{"type":"Point","coordinates":[-100.56,25.36]},"properties":{"name":"Cerro San Rafael","name_en":"Cerro San Rafael","name_zh":"圣拉斐尔山","featurecla":"mountain","scalerank":9,"region":"North America","subregion":null,"label":null,"elevation":3710,"wikidataid":"Q27822359","min_zoom":7.2}},{"type":"Feature","geometry":{"type":"Point","coordinates":[-104.95,23.24]},"properties":{"name":"Cerro Gordo","name_en":"Cerro Gordo","name_zh":"戈多山","featurecla":"mountain","scalerank":9,"region":"North America","subregion":null,"label":null,"elevation":3340,"wikidataid":"Q27855886","min_zoom":7.2}},{"type":"Feature","geometry":{"type":"Point","coordinates":[-101.38,25.18]},"properties":{"name":"Cerro El Jabaln","name_en":"Cerro El Jabali","name_zh":"贾班山","featurecla":"mountain","scalerank":9,"region":"North America","subregion":null,"label":null,"elevation":3440,"wikidataid":"Q27784509","min_zoom":7.2}},{"type":"Feature","geometry":{"type":"Point","coordinates":[-81.41,37.08]},"properties":{"name":"Balsam Beartown Mountain","name_en":"Beartown Mountain","name_zh":"香脂熊镇山","featurecla":"mountain","scalerank":9,"region":"North America","subregion":null,"label":"Balsam Beartown Mt.","elevation":1436,"wikidataid":"Q4876800","min_zoom":7.2}},{"type":"Feature","geometry":{"type":"Point","coordinates":[-56.31,47.04]},"properties":{"name":"Morne de la Grande Montagne","name_en":"Morne de la Grande Montagne","name_zh":"格朗德山","featurecla":"mountain","scalerank":9,"region":"North America","subregion":null,"label":null,"elevation":240,"wikidataid":"Q3051597","min_zoom":7.2}},{"type":"Feature","geometry":{"type":"Point","coordinates":[-80.745,-33.743]},"properties":{"name":"Cerro de Los Inocentes","name_en":"Cerro de Los Inocentes","name_zh":"伊諾森特斯峰","featurecla":"mountain","scalerank":9,"region":"Seven seas (open ocean)","subregion":"South Pacific Ocean","label":null,"elevation":1650,"wikidataid":"Q23306705","min_zoom":7.2}},{"type":"Feature","geometry":{"type":"Point","coordinates":[-49.473,-28.116]},"properties":{"name":"Morro da Boa Vista","name_en":"Morro da Boa Vista","name_zh":"博阿维斯塔山","featurecla":"mountain","scalerank":7,"region":"South America","subregion":null,"label":null,"elevation":1827,"wikidataid":"Q6914192","min_zoom":7}},{"type":"Feature","geometry":{"type":"Point","coordinates":[-48.826,-25.256]},"properties":{"name":"Pico Paraná","name_en":"Pico Paraná","name_zh":"巴拉那山","featurecla":"mountain","scalerank":7,"region":"South America","subregion":null,"label":null,"elevation":1877,"wikidataid":"Q3044581","min_zoom":7}},{"type":"Feature","geometry":{"type":"Point","coordinates":[-41.907,-13.304]},"properties":{"name":"Serra do Barbado","name_en":"Serra do Barbado","name_zh":"巴贝多山脉","featurecla":"mountain","scalerank":7,"region":"South America","subregion":null,"label":null,"elevation":2033,"wikidataid":"Q22048129","min_zoom":7}},{"type":"Feature","geometry":{"type":"Point","coordinates":[-73.692,10.842]},"properties":{"name":"Pico Cristóbal Colón","name_en":"Pico Cristóbal Colón","name_zh":"哥伦布峰","featurecla":"mountain","scalerank":7,"region":"South America","subregion":null,"label":"Pico Cristóbol Colón","elevation":5775,"wikidataid":"Q578862","min_zoom":7}},{"type":"Feature","geometry":{"type":"Point","coordinates":[-70.42,-36.58]},"properties":{"name":"Volcán Domuyo","name_en":"Domuyo","name_zh":"多穆约火山","featurecla":"mountain","scalerank":6,"region":"South America","subregion":null,"label":null,"elevation":4709,"wikidataid":"Q312770","min_zoom":6.7}},{"type":"Feature","geometry":{"type":"Point","coordinates":[-71.938,-39.424]},"properties":{"name":"Volcaán Villarrica","name_en":"Villarrica Volcano","name_zh":"维利亚里卡火山","featurecla":"mountain","scalerank":6,"region":"South America","subregion":null,"label":"Volcaán Villarrica","elevation":2847,"wikidataid":"Q1048225","min_zoom":6.7}},{"type":"Feature","geometry":{"type":"Point","coordinates":[-61.968,-38.133]},"properties":{"name":"Cerro Tres Picos","name_en":"Cerro Tres Picos","name_zh":"特雷斯峰","featurecla":"mountain","scalerank":6,"region":"South America","subregion":null,"label":null,"elevation":1243,"wikidataid":"Q8344261","min_zoom":6.7}},{"type":"Feature","geometry":{"type":"Point","coordinates":[-73.346,-46.595]},"properties":{"name":"Cerro San Valentín","name_en":"Monte San Valentin","name_zh":"圣巴伦廷山","featurecla":"mountain","scalerank":6,"region":"South America","subregion":null,"label":null,"elevation":4058,"wikidataid":"Q2092228","min_zoom":6.7}},{"type":"Feature","geometry":{"type":"Point","coordinates":[-73.043,-49.271]},"properties":{"name":"Monte Fitz Roy","name_en":"Mount Fitz Roy","name_zh":"菲茨罗伊峰","featurecla":"mountain","scalerank":6,"region":"South America","subregion":null,"label":null,"elevation":3375,"wikidataid":"Q215138","min_zoom":6.7}},{"type":"Feature","geometry":{"type":"Point","coordinates":[-72.995,-50.959]},"properties":{"name":"Torres del Paine","name_en":"Cordillera del Paine","name_zh":"百內山脈","featurecla":"mountain","scalerank":6,"region":"South America","subregion":null,"label":null,"elevation":2500,"wikidataid":"Q930366","min_zoom":6.7}},{"type":"Feature","geometry":{"type":"Point","coordinates":[-66.033,0.8]},"properties":{"name":"Pico da Neblina","name_en":"Pico da Neblina","name_zh":"内布利纳峰","featurecla":"mountain","scalerank":6,"region":"South America","subregion":null,"label":null,"elevation":3014,"wikidataid":"Q739484","min_zoom":6.7}},{"type":"Feature","geometry":{"type":"Point","coordinates":[-75.322,4.9]},"properties":{"name":"Nevado del Ruiz","name_en":"Nevado del Ruiz","name_zh":"内瓦多·德·鲁伊斯火山","featurecla":"mountain","scalerank":6,"region":"South America","subregion":null,"label":null,"elevation":5311,"wikidataid":"Q233351","min_zoom":6.7}},{"type":"Feature","geometry":{"type":"Point","coordinates":[-60.763,5.143]},"properties":{"name":"Mount Roraima","name_en":"Mount Roraima","name_zh":"罗赖马山","featurecla":"mountain","scalerank":6,"region":"South America","subregion":null,"label":null,"elevation":2772,"wikidataid":"Q4777","min_zoom":6.7}},{"type":"Feature","geometry":{"type":"Point","coordinates":[-56.542,3.683]},"properties":{"name":"Julianatop","name_en":"Julianatop","name_zh":"朱利安纳托普山","featurecla":"mountain","scalerank":6,"region":"South America","subregion":null,"label":null,"elevation":1230,"wikidataid":"Q1549215","min_zoom":6.7}},{"type":"Feature","geometry":{"type":"Point","coordinates":[-71.885,-41.157]},"properties":{"name":"Monte Tronador","name_en":"Tronador","name_zh":"特罗纳多峰","featurecla":"mountain","scalerank":6,"region":"South America","subregion":null,"label":"Tronador","elevation":3554,"wikidataid":"Q422835","min_zoom":6.7}},{"type":"Feature","geometry":{"type":"Point","coordinates":[-69.769,-33.355]},"properties":{"name":"Cerro Tupungato","name_en":"Tupungato Volcano","name_zh":"图蓬加托火山","featurecla":"mountain","scalerank":6,"region":"South America","subregion":null,"label":null,"elevation":6550,"wikidataid":"Q756244","min_zoom":6.7}},{"type":"Feature","geometry":{"type":"Point","coordinates":[-68.542,-27.11]},"properties":{"name":"Nevado Ojos del Salado","name_en":"Ojos del Salado","name_zh":"奥霍斯-德尔萨拉多山","featurecla":"mountain","scalerank":6,"region":"South America","subregion":null,"label":null,"elevation":6880,"wikidataid":"Q233836","min_zoom":6.7}},{"type":"Feature","geometry":{"type":"Point","coordinates":[-41.796,-20.435]},"properties":{"name":"Pico da Bandeira","name_en":"Pico da Bandeira","name_zh":"班代拉峰","featurecla":"mountain","scalerank":6,"region":"South America","subregion":null,"label":null,"elevation":2890,"wikidataid":"Q589546","min_zoom":6.7}},{"type":"Feature","geometry":{"type":"Point","coordinates":[54.02,12.56]},"properties":{"name":null,"name_en":null,"name_zh":null,"featurecla":"spot elevation","scalerank":9,"region":"Asia","subregion":"Arabian Sea","label":null,"elevation":1503,"wikidataid":null,"min_zoom":7.2}},{"type":"Feature","geometry":{"type":"Point","coordinates":[-82.635,75.363]},"properties":{"name":null,"name_en":null,"name_zh":null,"featurecla":"spot elevation","scalerank":7,"region":"North America","subregion":"Arctic Archipelago","label":null,"elevation":1908,"wikidataid":null,"min_zoom":7}},{"type":"Feature","geometry":{"type":"Point","coordinates":[-79.551,78.801]},"properties":{"name":null,"name_en":null,"name_zh":null,"featurecla":"spot elevation","scalerank":7,"region":"North America","subregion":"Arctic Archipelago","label":null,"elevation":2347,"wikidataid":null,"min_zoom":7}},{"type":"Feature","geometry":{"type":"Point","coordinates":[-65.438,66.565]},"properties":{"name":"Mount Odin","name_en":"Mount Odin","name_zh":"奥丁山","featurecla":"mountain","scalerank":7,"region":"North America","subregion":"Arctic Archipelago","label":"Mt. Odin","elevation":2143,"wikidataid":"Q1439530","min_zoom":7}},{"type":"Feature","geometry":{"type":"Point","coordinates":[-75.026,81.911]},"properties":{"name":"Barbeau Peak","name_en":"Barbeau Peak","name_zh":"巴伯峰","featurecla":"mountain","scalerank":7,"region":"North America","subregion":"Arctic Archipelago","label":"Barbeau Pk.","elevation":2616,"wikidataid":"Q807788","min_zoom":7}},{"type":"Feature","geometry":{"type":"Point","coordinates":[-91.419,79.755]},"properties":{"name":"Outlook Peak","name_en":"Outlook Peak","name_zh":"奧特盧克峰","featurecla":"mountain","scalerank":7,"region":"North America","subregion":"Arctic Archipelago","label":"Outlook Pk.","elevation":2210,"wikidataid":"Q3887576","min_zoom":7}},{"type":"Feature","geometry":{"type":"Point","coordinates":[-75.937,72.191]},"properties":{"name":"Qiajivik Mountain","name_en":"Qiajivik Mountain","name_zh":"恰吉维克山","featurecla":"mountain","scalerank":7,"region":"North America","subregion":"Arctic Archipelago","label":"Qiajivik Mtn.","elevation":1963,"wikidataid":"Q3861886","min_zoom":7}},{"type":"Feature","geometry":{"type":"Point","coordinates":[-115.085,75.39]},"properties":{"name":null,"name_en":null,"name_zh":null,"featurecla":"spot elevation","scalerank":6,"region":"North America","subregion":"Arctic Archipelago","label":null,"elevation":762,"wikidataid":null,"min_zoom":6.7}},{"type":"Feature","geometry":{"type":"Point","coordinates":[-122.95,71.14]},"properties":{"name":"Durham Heights","name_en":"Durham Heights","name_zh":"达勒姆高地","featurecla":"mountain","scalerank":9,"region":"North America","subregion":"Arctic Archipelago","label":null,"elevation":724,"wikidataid":null,"min_zoom":7.2}},{"type":"Feature","geometry":{"type":"Point","coordinates":[16.812,79.139]},"properties":{"name":"Newtontoppen","name_en":"Newtontoppen","name_zh":"牛頓峰","featurecla":"mountain","scalerank":6,"region":"Europe","subregion":"Arctic Ocean","label":null,"elevation":1713,"wikidataid":"Q1419222","min_zoom":6.7}},{"type":"Feature","geometry":{"type":"Point","coordinates":[57.82,75.17]},"properties":{"name":"Gora Sedova","name_en":"Gora Sedova","name_zh":"塞多娃山","featurecla":"mountain","scalerank":9,"region":"Europe","subregion":"Arctic Ocean","label":null,"elevation":1549,"wikidataid":null,"min_zoom":7.2}},{"type":"Feature","geometry":{"type":"Point","coordinates":[-8.17,71.08]},"properties":{"name":"Beerenberg","name_en":"Beerenberg","name_zh":"貝倫火山","featurecla":"mountain","scalerank":9,"region":"Europe","subregion":"Arctic Ocean","label":null,"elevation":2277,"wikidataid":"Q814113","min_zoom":7.2}},{"type":"Feature","geometry":{"type":"Point","coordinates":[178.017,-17.614]},"properties":{"name":"Tomanivi","name_en":"Mount Tomanivi","name_zh":"托马尼维山","featurecla":"mountain","scalerank":7,"region":"Oceania","subregion":"Melanesia","label":null,"elevation":1323,"wikidataid":"Q1513944","min_zoom":7}},{"type":"Feature","geometry":{"type":"Point","coordinates":[147.02,-19.447]},"properties":{"name":null,"name_en":null,"name_zh":null,"featurecla":"spot elevation","scalerank":7,"region":"Oceania","subregion":"Australia","label":null,"elevation":1234,"wikidataid":null,"min_zoom":7}},{"type":"Feature","geometry":{"type":"Point","coordinates":[139.744,-21.484]},"properties":{"name":"Black Mountain","name_en":"Black Mountain","name_zh":"布莱克山","featurecla":"mountain","scalerank":7,"region":"Oceania","subregion":"Australia","label":"Black Mt.","elevation":568,"wikidataid":"Q21894249","min_zoom":7}},{"type":"Feature","geometry":{"type":"Point","coordinates":[143.497,-13.379]},"properties":{"name":"Cone Peak","name_en":"Cone Peak","name_zh":"锥峰","featurecla":"mountain","scalerank":7,"region":"Oceania","subregion":"Australia","label":"Cone Pk.","elevation":506,"wikidataid":"Q21916465","min_zoom":7}},{"type":"Feature","geometry":{"type":"Point","coordinates":[148.12,-24.953]},"properties":{"name":"Consuelo Peak","name_en":"Consuelo Peak","name_zh":"康苏埃洛峰","featurecla":"mountain","scalerank":7,"region":"Oceania","subregion":"Australia","label":"Consuelo Pk.","elevation":1174,"wikidataid":"Q21916518","min_zoom":7}},{"type":"Feature","geometry":{"type":"Point","coordinates":[131.036,-25.345]},"properties":{"name":"Uluru (Ayers Rock)","name_en":"Uluru","name_zh":"烏魯汝－卡塔楚塔國家公園","featurecla":"mountain","scalerank":6,"region":"Oceania","subregion":"Australia","label":"Uluru (Ayers Rock)","elevation":863,"wikidataid":"Q33910","min_zoom":6.7}},{"type":"Feature","geometry":{"type":"Point","coordinates":[118.25,-34.367]},"properties":{"name":"Bluff Knoll","name_en":"Bluff Knoll","name_zh":"布拉夫山","featurecla":"mountain","scalerank":6,"region":"Oceania","subregion":"Australia","label":null,"elevation":1096,"wikidataid":"Q2496852","min_zoom":6.7}},{"type":"Feature","geometry":{"type":"Point","coordinates":[118.583,-22.967]},"properties":{"name":"Mount Meharry","name_en":"Mount Meharry","name_zh":"梅哈里山","featurecla":"mountain","scalerank":6,"region":"Oceania","subregion":"Australia","label":"Mt. Meharry","elevation":1253,"wikidataid":"Q1788401","min_zoom":6.7}},{"type":"Feature","geometry":{"type":"Point","coordinates":[146.033,-41.871]},"properties":{"name":"Mount Ossa","name_en":"Mount Ossa","name_zh":"奥萨山","featurecla":"mountain","scalerank":6,"region":"Oceania","subregion":"Australia","label":"Mt. Ossa","elevation":1617,"wikidataid":"Q747182","min_zoom":6.7}},{"type":"Feature","geometry":{"type":"Point","coordinates":[146.44,-37.156]},"properties":{"name":"Mount Buller","name_en":"Mount Buller","name_zh":"布勒山","featurecla":"mountain","scalerank":6,"region":"Oceania","subregion":"Australia","label":"Mt. Buller","elevation":1805,"wikidataid":"Q962462","min_zoom":6.7}},{"type":"Feature","geometry":{"type":"Point","coordinates":[152.235,-30.44]},"properties":{"name":"Round Mountain","name_en":"Round Mountain","name_zh":"朗德山","featurecla":"mountain","scalerank":6,"region":"Oceania","subregion":"Australia","label":"Round Mtn.","elevation":1608,"wikidataid":"Q7371097","min_zoom":6.7}},{"type":"Feature","geometry":{"type":"Point","coordinates":[151.47,-32.007]},"properties":{"name":"Barrington Tops","name_en":"Barrington Tops","name_zh":"巴林顿山","featurecla":"mountain","scalerank":6,"region":"Oceania","subregion":"Australia","label":null,"elevation":1555,"wikidataid":"Q21917251","min_zoom":6.7}},{"type":"Feature","geometry":{"type":"Point","coordinates":[153.271,-28.397]},"properties":{"name":"Mount Warning","name_en":"Mount Warning","name_zh":"瓦宁山","featurecla":"mountain","scalerank":6,"region":"Oceania","subregion":"Australia","label":null,"elevation":1156,"wikidataid":null,"min_zoom":6.7}},{"type":"Feature","geometry":{"type":"Point","coordinates":[137.284,-28.449]},"properties":{"name":null,"name_en":null,"name_zh":null,"featurecla":"depression","scalerank":2,"region":"Oceania","subregion":"Australia","label":null,"elevation":-16,"wikidataid":null,"min_zoom":5}},{"type":"Feature","geometry":{"type":"Point","coordinates":[148.263,-36.456]},"properties":{"name":"Mount Kosciuszko","name_en":"Mount Kosciuszko","name_zh":"科修斯科山","featurecla":"mountain","scalerank":2,"region":"Oceania","subregion":"Australia","label":null,"elevation":2228,"wikidataid":"Q178167","min_zoom":5}},{"type":"Feature","geometry":{"type":"Point","coordinates":[138.55,-31.5]},"properties":{"name":"Saint Mary Peak","name_en":"Saint Mary Peak","name_zh":"圣玛丽峰","featurecla":"mountain","scalerank":9,"region":"Oceania","subregion":"Australia","label":null,"elevation":1171,"wikidataid":"Q21885237","min_zoom":7.2}},{"type":"Feature","geometry":{"type":"Point","coordinates":[132.4,-23.4]},"properties":{"name":"Mount Zeil","name_en":"Mount Zeil","name_zh":"泽尔山","featurecla":"mountain","scalerank":9,"region":"Oceania","subregion":"Australia","label":null,"elevation":1531,"wikidataid":"Q1950830","min_zoom":7.2}},{"type":"Feature","geometry":{"type":"Point","coordinates":[125.55,-17.33]},"properties":{"name":"Mount Ord","name_en":"Mount Ord","name_zh":"奥德山","featurecla":"mountain","scalerank":9,"region":"Oceania","subregion":"Australia","label":null,"elevation":937,"wikidataid":"Q11786221","min_zoom":7.2}},{"type":"Feature","geometry":{"type":"Point","coordinates":[148.63,-21.03]},"properties":{"name":"Mount Dalrymple","name_en":"Mount Dalrymple","name_zh":"达尔林普山","featurecla":"mountain","scalerank":9,"region":"Oceania","subregion":"Australia","label":null,"elevation":1259,"wikidataid":"Q6920348","min_zoom":7.2}},{"type":"Feature","geometry":{"type":"Point","coordinates":[147.3,-36.73]},"properties":{"name":"Mount Bogong","name_en":"Mount Bogong","name_zh":"博贡山","featurecla":"mountain","scalerank":9,"region":"Oceania","subregion":"Australia","label":null,"elevation":1986,"wikidataid":"Q130217","min_zoom":7.2}},{"type":"Feature","geometry":{"type":"Point","coordinates":[145.82,-17.4]},"properties":{"name":"Mount Bartle Frere","name_en":"Mount Bartle Frere","name_zh":"巴特爾弗里爾山","featurecla":"mountain","scalerank":9,"region":"Oceania","subregion":"Australia","label":null,"elevation":1622,"wikidataid":"Q1330376","min_zoom":7.2}},{"type":"Feature","geometry":{"type":"Point","coordinates":[-5.005,56.797]},"properties":{"name":"Ben Nevis","name_en":"Ben Nevis","name_zh":"本尼维斯山","featurecla":"mountain","scalerank":6,"region":"Europe","subregion":"British Isles","label":null,"elevation":1343,"wikidataid":"Q104674","min_zoom":6.7}},{"type":"Feature","geometry":{"type":"Point","coordinates":[-4.095,53.073]},"properties":{"name":"Snowdon","name_en":"Snowdon","name_zh":"斯诺登山","featurecla":"mountain","scalerank":6,"region":"Europe","subregion":"British Isles","label":null,"elevation":1085,"wikidataid":"Q217142","min_zoom":6.7}},{"type":"Feature","geometry":{"type":"Point","coordinates":[-9.743,51.999]},"properties":{"name":"Carrauntoohil","name_en":"Carrauntoohil","name_zh":"卡朗突奥山","featurecla":"mountain","scalerank":6,"region":"Europe","subregion":"British Isles","label":null,"elevation":1038,"wikidataid":"Q503368","min_zoom":6.7}},{"type":"Feature","geometry":{"type":"Point","coordinates":[-4.46,54.26]},"properties":{"name":"Snaefell","name_en":"Snaefell","name_zh":"斯纳菲尔山","featurecla":"mountain","scalerank":9,"region":"Europe","subregion":"British Isles","label":null,"elevation":621,"wikidataid":"Q147557","min_zoom":7.2}},{"type":"Feature","geometry":{"type":"Point","coordinates":[-91.896,15.043]},"properties":{"name":"Volcán Tajumulco","name_en":"Volcán Tajumulco y Tacana","name_zh":"塔胡木耳科火山","featurecla":"mountain","scalerank":7,"region":"North America","subregion":"Central America","label":null,"elevation":4220,"wikidataid":"Q818467","min_zoom":7}},{"type":"Feature","geometry":{"type":"Point","coordinates":[-82.547,8.808]},"properties":{"name":"Volcán Barú","name_en":"Barú Volcano","name_zh":"巴鲁火山","featurecla":"mountain","scalerank":6,"region":"North America","subregion":"Central America","label":null,"elevation":3475,"wikidataid":null,"min_zoom":6.7}},{"type":"Feature","geometry":{"type":"Point","coordinates":[-83.489,9.484]},"properties":{"name":"Cerro Chirripó","name_en":"Cerro Chirripó","name_zh":"奇里波峰","featurecla":"mountain","scalerank":6,"region":"North America","subregion":"Central America","label":null,"elevation":3820,"wikidataid":"Q252362","min_zoom":6.7}},{"type":"Feature","geometry":{"type":"Point","coordinates":[-86.391,13.764]},"properties":{"name":"Pico Mogotón","name_en":"Mogotón","name_zh":"莫戈通山","featurecla":"mountain","scalerank":6,"region":"North America","subregion":"Central America","label":null,"elevation":2106,"wikidataid":"Q2092378","min_zoom":6.7}},{"type":"Feature","geometry":{"type":"Point","coordinates":[-92.11,15.13]},"properties":{"name":"Volcán Tacaná","name_en":"Volcán Tacaná","name_zh":"塔卡納火山","featurecla":"mountain","scalerank":9,"region":"North America","subregion":"Central America","label":null,"elevation":4067,"wikidataid":"Q1752870","min_zoom":7.2}},{"type":"Feature","geometry":{"type":"Point","coordinates":[-89.04,16.5]},"properties":{"name":"Doyle's Delight","name_en":"Doyle's Delight","name_zh":"多伊尔的喜悦","featurecla":"mountain","scalerank":9,"region":"North America","subregion":"Central America","label":null,"elevation":1174,"wikidataid":"Q47490","min_zoom":7.2}},{"type":"Feature","geometry":{"type":"Point","coordinates":[-88.69,14.54]},"properties":{"name":"Cerro Las Minas","name_en":"Cerro Las Minas","name_zh":"拉斯米納斯山","featurecla":"mountain","scalerank":9,"region":"North America","subregion":"Central America","label":null,"elevation":2849,"wikidataid":"Q1055875","min_zoom":7.2}},{"type":"Feature","geometry":{"type":"Point","coordinates":[-89.12,14.38]},"properties":{"name":"Cerro El Pital","name_en":"Cerro El Pital","name_zh":"埃尔皮塔尔山","featurecla":"mountain","scalerank":9,"region":"North America","subregion":"Central America","label":null,"elevation":2730,"wikidataid":"Q74214","min_zoom":7.2}},{"type":"Feature","geometry":{"type":"Point","coordinates":[43.37,-11.75]},"properties":{"name":"Kartala","name_en":"Kartala","name_zh":"卡尔塔拉火山","featurecla":"mountain","scalerank":9,"region":"Africa","subregion":"Comores","label":null,"elevation":2361,"wikidataid":null,"min_zoom":7.2}},{"type":"Feature","geometry":{"type":"Point","coordinates":[45.14,-12.96]},"properties":{"name":"Benara","name_en":"Benara","name_zh":"贝纳拉山","featurecla":"mountain","scalerank":9,"region":"Africa","subregion":"Comores","label":null,"elevation":660,"wikidataid":"Q210180","min_zoom":7.2}},{"type":"Feature","geometry":{"type":"Point","coordinates":[-58.842,-51.702]},"properties":{"name":"Mount Usborne","name_en":"Mount Usborne","name_zh":"烏斯伯恩山","featurecla":"mountain","scalerank":6,"region":"South America","subregion":"Falkland Islands","label":"Mt. Usborne","elevation":705,"wikidataid":"Q1064229","min_zoom":6.7}},{"type":"Feature","geometry":{"type":"Point","coordinates":[-91.346,0.058]},"properties":{"name":"Volcán Wolf","name_en":"Volcán Wolf","name_zh":"沃尔夫火山","featurecla":"mountain","scalerank":6,"region":"South America","subregion":"Galapagos Islands","label":null,"elevation":1707,"wikidataid":"Q1376373","min_zoom":6.7}},{"type":"Feature","geometry":{"type":"Point","coordinates":[-38.453,72.582]},"properties":{"name":"Summit Station","name_en":"Summit Camp","name_zh":"高峯營","featurecla":"plateau","scalerank":7,"region":"North America","subregion":"Greenland","label":null,"elevation":3238,"wikidataid":"Q1502578","min_zoom":7}},{"type":"Feature","geometry":{"type":"Point","coordinates":[-44.685,63.445]},"properties":{"name":null,"name_en":null,"name_zh":null,"featurecla":"spot elevation","scalerank":7,"region":"North America","subregion":"Greenland","label":null,"elevation":2875,"wikidataid":null,"min_zoom":7}},{"type":"Feature","geometry":{"type":"Point","coordinates":[-29.898,68.919]},"properties":{"name":"Gunnbjørn Fjeld","name_en":"Gunnbjørn Fjeld","name_zh":"贡比约恩山","featurecla":"mountain","scalerank":6,"region":"North America","subregion":"Greenland","label":null,"elevation":3694,"wikidataid":"Q825709","min_zoom":6.7}},{"type":"Feature","geometry":{"type":"Point","coordinates":[-36.815,66.935]},"properties":{"name":"Mont Forel","name_en":"Mont Forel","name_zh":"佛瑞尔山","featurecla":"mountain","scalerank":6,"region":"North America","subregion":"Greenland","label":"Mt. Forel","elevation":3360,"wikidataid":"Q947447","min_zoom":6.7}},{"type":"Feature","geometry":{"type":"Point","coordinates":[-35.353,83.327]},"properties":{"name":null,"name_en":null,"name_zh":null,"featurecla":"spot elevation","scalerank":6,"region":"North America","subregion":"Greenland","label":null,"elevation":1910,"wikidataid":null,"min_zoom":6.7}},{"type":"Feature","geometry":{"type":"Point","coordinates":[-51.987,71.373]},"properties":{"name":"Perserajoq","name_en":"Perserajoq","name_zh":"佩塞拉约克山","featurecla":"mountain","scalerank":6,"region":"North America","subregion":"Greenland","label":null,"elevation":2259,"wikidataid":null,"min_zoom":6.7}},{"type":"Feature","geometry":{"type":"Point","coordinates":[-16.651,64.039]},"properties":{"name":"Hvannadalshnkur","name_en":"Hvannadalshnúkur","name_zh":"華納達爾斯赫努克火山","featurecla":"mountain","scalerank":6,"region":"Europe","subregion":"Iceland","label":null,"elevation":2110,"wikidataid":"Q140084","min_zoom":6.7}},{"type":"Feature","geometry":{"type":"Point","coordinates":[46.883,-22.2]},"properties":{"name":"Pic Boby","name_en":"Pic Boby","name_zh":"波比山","featurecla":"mountain","scalerank":6,"region":"Africa","subregion":"Indian Ocean","label":null,"elevation":2658,"wikidataid":"Q2224845","min_zoom":6.7}},{"type":"Feature","geometry":{"type":"Point","coordinates":[48.97,-14.02]},"properties":{"name":"Maromokotro","name_en":"Maromokotro","name_zh":"马鲁穆库特鲁山","featurecla":"mountain","scalerank":9,"region":"Africa","subregion":"Indian Ocean","label":null,"elevation":2876,"wikidataid":"Q1147144","min_zoom":7.2}},{"type":"Feature","geometry":{"type":"Point","coordinates":[55.487,-21.104]},"properties":{"name":"Piton des Neiges","name_en":"Piton des Neiges","name_zh":"内日峰","featurecla":"mountain","scalerank":6,"region":"Seven seas (open ocean)","subregion":"Indian Ocean","label":null,"elevation":3069,"wikidataid":"Q1545452","min_zoom":6.7}},{"type":"Feature","geometry":{"type":"Point","coordinates":[73.19,-0.67]},"properties":{"name":null,"name_en":null,"name_zh":null,"featurecla":"spot elevation","scalerank":9,"region":"Seven seas (open ocean)","subregion":"Indian Ocean","label":null,"elevation":3,"wikidataid":null,"min_zoom":7.2}},{"type":"Feature","geometry":{"type":"Point","coordinates":[57.476,-20.404]},"properties":{"name":"Petite Rivière Noire Peak","name_en":"Piton de la Petite Rivière Noire","name_zh":"黑河峰","featurecla":"mountain","scalerank":9,"region":"Seven seas (open ocean)","subregion":"Indian Ocean","label":"Petite Rivière Noire Peak","elevation":828,"wikidataid":"Q1760978","min_zoom":7.2}},{"type":"Feature","geometry":{"type":"Point","coordinates":[55.44,-4.632]},"properties":{"name":"Morne Seychellois","name_en":"Morne Seychellois","name_zh":"塞舌尔山","featurecla":"mountain","scalerank":9,"region":"Seven seas (open ocean)","subregion":"Indian Ocean","label":null,"elevation":905,"wikidataid":"Q1579060","min_zoom":7.2}},{"type":"Feature","geometry":{"type":"Point","coordinates":[72.378,-7.285]},"properties":{"name":null,"name_en":null,"name_zh":null,"featurecla":"spot elevation","scalerank":9,"region":"Seven seas (open ocean)","subregion":"Indian Ocean","label":null,"elevation":15,"wikidataid":null,"min_zoom":7.2}},{"type":"Feature","geometry":{"type":"Point","coordinates":[115.147,1.814]},"properties":{"name":"Longnawan","name_en":"Longnawan","name_zh":"隆纳万山","featurecla":"mountain","scalerank":7,"region":"Asia","subregion":"Malay Archipelago","label":null,"elevation":2988,"wikidataid":null,"min_zoom":7}},{"type":"Feature","geometry":{"type":"Point","coordinates":[117.677,8.846]},"properties":{"name":"Mount Mantalingajan","name_en":"Mount Mantalingajan","name_zh":"曼塔灵阿汉山","featurecla":"mountain","scalerank":7,"region":"Asia","subregion":"Malay Archipelago","label":"Mt. Mantalingajan","elevation":2085,"wikidataid":"Q1950593","min_zoom":7}},{"type":"Feature","geometry":{"type":"Point","coordinates":[120.201,0.615]},"properties":{"name":"Fuyul Sojol","name_en":"Fuyul Sojol","name_zh":"福尤索约尔山","featurecla":"mountain","scalerank":7,"region":"Asia","subregion":"Malay Archipelago","label":null,"elevation":3030,"wikidataid":"Q25018639","min_zoom":7}},{"type":"Feature","geometry":{"type":"Point","coordinates":[115.4,-8.313]},"properties":{"name":null,"name_en":null,"name_zh":null,"featurecla":"spot elevation","scalerank":7,"region":"Asia","subregion":"Malay Archipelago","label":null,"elevation":3142,"wikidataid":null,"min_zoom":7}},{"type":"Feature","geometry":{"type":"Point","coordinates":[125.27,6.997]},"properties":{"name":"Mount Apo","name_en":"Mount Apo","name_zh":"阿波火山","featurecla":"mountain","scalerank":7,"region":"Asia","subregion":"Malay Archipelago","label":null,"elevation":2954,"wikidataid":null,"min_zoom":7}},{"type":"Feature","geometry":{"type":"Point","coordinates":[120.025,-3.341]},"properties":{"name":"Bulu Rantekombola","name_en":"Buntu Rantekambola","name_zh":"蘭特孔博拉山","featurecla":"mountain","scalerank":6,"region":"Asia","subregion":"Malay Archipelago","label":"Bulu Rantekombola","elevation":3455,"wikidataid":"Q1555073","min_zoom":6.7}},{"type":"Feature","geometry":{"type":"Point","coordinates":[116.55,6.083]},"properties":{"name":"Gunung Kinabalu","name_en":"Mount Kinabalu","name_zh":"京那巴鲁山","featurecla":"mountain","scalerank":4,"region":"Asia","subregion":"Malay Archipelago","label":null,"elevation":4101,"wikidataid":"Q60967","min_zoom":6}},{"type":"Feature","geometry":{"type":"Point","coordinates":[112.683,-0.667]},"properties":{"name":"Bukit Raya","name_en":"Bukit Raya","name_zh":"武吉拉雅山","featurecla":"mountain","scalerank":6,"region":"Asia","subregion":"Malay Archipelago","label":null,"elevation":2278,"wikidataid":"Q24847854","min_zoom":6.7}},{"type":"Feature","geometry":{"type":"Point","coordinates":[118.0,-8.25]},"properties":{"name":"Gunung Tambora","name_en":"Tambora","name_zh":"坦博拉火山","featurecla":"mountain","scalerank":6,"region":"Asia","subregion":"Malay Archipelago","label":null,"elevation":2722,"wikidataid":"Q168714","min_zoom":6.7}},{"type":"Feature","geometry":{"type":"Point","coordinates":[112.92,-8.108]},"properties":{"name":"Gunung Semeru","name_en":"Gunung Semeru","name_zh":"赛梅鲁山","featurecla":"mountain","scalerank":6,"region":"Asia","subregion":"Malay Archipelago","label":null,"elevation":3676,"wikidataid":"Q24843788","min_zoom":6.7}},{"type":"Feature","geometry":{"type":"Point","coordinates":[110.445,-7.541]},"properties":{"name":"Gunung Merapi","name_en":"Gunung Merapi","name_zh":"默拉皮山","featurecla":"mountain","scalerank":6,"region":"Asia","subregion":"Malay Archipelago","label":null,"elevation":2968,"wikidataid":"Q24872503","min_zoom":6.7}},{"type":"Feature","geometry":{"type":"Point","coordinates":[108.409,-6.888]},"properties":{"name":"Gunung Ciremay","name_en":"Gunung Cereme","name_zh":"澤勒邁火山","featurecla":"mountain","scalerank":6,"region":"Asia","subregion":"Malay Archipelago","label":"Gunung Ciremay","elevation":3077,"wikidataid":"Q507179","min_zoom":6.7}},{"type":"Feature","geometry":{"type":"Point","coordinates":[105.423,-6.102]},"properties":{"name":"Krakatau","name_en":"Krakatoa","name_zh":"喀拉喀托火山","featurecla":"mountain","scalerank":6,"region":"Asia","subregion":"Malay Archipelago","label":null,"elevation":813,"wikidataid":"Q82613","min_zoom":6.7}},{"type":"Feature","geometry":{"type":"Point","coordinates":[96.8,4.25]},"properties":{"name":"Abongabong","name_en":"Gunung Abong Abong","name_zh":"阿邦阿邦山","featurecla":"mountain","scalerank":6,"region":"Asia","subregion":"Malay Archipelago","label":"Abongabong","elevation":2985,"wikidataid":"Q24821596","min_zoom":6.7}},{"type":"Feature","geometry":{"type":"Point","coordinates":[101.271,-1.698]},"properties":{"name":"Gunung Kerinci","name_en":"Mount Kerinci","name_zh":"葛林芝火山","featurecla":"mountain","scalerank":6,"region":"Asia","subregion":"Malay Archipelago","label":null,"elevation":3805,"wikidataid":"Q827728","min_zoom":6.7}},{"type":"Feature","geometry":{"type":"Point","coordinates":[120.993,14.002]},"properties":{"name":"Taal Volcano","name_en":"Taal Volcano","name_zh":"塔尔火山","featurecla":"mountain","scalerank":6,"region":"Asia","subregion":"Malay Archipelago","label":null,"elevation":400,"wikidataid":null,"min_zoom":6.7}},{"type":"Feature","geometry":{"type":"Point","coordinates":[120.905,16.596]},"properties":{"name":"Pulog","name_en":"Mount Pulag","name_zh":"普洛格山","featurecla":"mountain","scalerank":6,"region":"Asia","subregion":"Malay Archipelago","label":null,"elevation":2934,"wikidataid":null,"min_zoom":6.7}},{"type":"Feature","geometry":{"type":"Point","coordinates":[123.142,10.456]},"properties":{"name":"Canlaon Peak","name_en":"Mount Kanlaon","name_zh":"坎朗峰","featurecla":"mountain","scalerank":6,"region":"Asia","subregion":"Malay Archipelago","label":null,"elevation":2430,"wikidataid":null,"min_zoom":6.7}},{"type":"Feature","geometry":{"type":"Point","coordinates":[120.35,15.142]},"properties":{"name":"Mount Pinatubo","name_en":"Pinatubo","name_zh":"皮纳图博火山","featurecla":"mountain","scalerank":6,"region":"Asia","subregion":"Malay Archipelago","label":"Mt. Pinatubo","elevation":1486,"wikidataid":"Q1451","min_zoom":6.7}},{"type":"Feature","geometry":{"type":"Point","coordinates":[125.49,-8.91]},"properties":{"name":"Tata Mailau","name_en":"Tatamailau","name_zh":"塔塔迈劳山","featurecla":"mountain","scalerank":9,"region":"Asia","subregion":"Malay Archipelago","label":null,"elevation":2986,"wikidataid":"Q1539961","min_zoom":7.2}},{"type":"Feature","geometry":{"type":"Point","coordinates":[120.99,13.26]},"properties":{"name":"Mount Halcon","name_en":"Mount Halcon","name_zh":"哈尔康山","featurecla":"mountain","scalerank":9,"region":"Asia","subregion":"Malay Archipelago","label":null,"elevation":2585,"wikidataid":"Q1570683","min_zoom":7.2}},{"type":"Feature","geometry":{"type":"Point","coordinates":[116.46,-8.41]},"properties":{"name":"Gunung Rinjani","name_en":"Rinjani","name_zh":"林贾尼火山","featurecla":"mountain","scalerank":9,"region":"Asia","subregion":"Malay Archipelago","label":null,"elevation":3726,"wikidataid":"Q847323","min_zoom":7.2}},{"type":"Feature","geometry":{"type":"Point","coordinates":[115.33,4.3]},"properties":{"name":"Bukit Pagon","name_en":"Bukit Pagon","name_zh":"武吉帕弓","featurecla":"mountain","scalerank":9,"region":"Asia","subregion":"Malay Archipelago","label":null,"elevation":1850,"wikidataid":"Q1003282","min_zoom":7.2}},{"type":"Feature","geometry":{"type":"Point","coordinates":[32.875,34.966]},"properties":{"name":"Olympus","name_en":"Mount Olympus","name_zh":"奥林匹斯山","featurecla":"mountain","scalerank":7,"region":"Europe","subregion":"Mediterranean Sea","label":null,"elevation":1951,"wikidataid":"Q819979","min_zoom":7}},{"type":"Feature","geometry":{"type":"Point","coordinates":[33.17,35.32]},"properties":{"name":"Selvili Tepe","name_en":"Kyparissovouno","name_zh":"塞尔维利山丘","featurecla":"mountain","scalerank":9,"region":"Europe","subregion":"Mediterranean Sea","label":null,"elevation":1023,"wikidataid":"Q6578056","min_zoom":7.2}},{"type":"Feature","geometry":{"type":"Point","coordinates":[9.317,40.031]},"properties":{"name":"Punta la Marmora","name_en":"Punta La Marmora","name_zh":"拉馬爾摩拉峰","featurecla":"mountain","scalerank":7,"region":"Europe","subregion":"Mediterranean Sea","label":null,"elevation":1834,"wikidataid":"Q385753","min_zoom":7}},{"type":"Feature","geometry":{"type":"Point","coordinates":[2.796,39.808]},"properties":{"name":"Puig Mayor","name_en":"Puig Major","name_zh":"馬佐爾峰","featurecla":"mountain","scalerank":7,"region":"Europe","subregion":"Mediterranean Sea","label":"Puig Mayor","elevation":1445,"wikidataid":"Q587189","min_zoom":7}},{"type":"Feature","geometry":{"type":"Point","coordinates":[8.951,42.386]},"properties":{"name":"Monte Cinto","name_en":"Monte Cinto","name_zh":"钦托山","featurecla":"mountain","scalerank":7,"region":"Europe","subregion":"Mediterranean Sea","label":null,"elevation":2706,"wikidataid":"Q1415428","min_zoom":7}},{"type":"Feature","geometry":{"type":"Point","coordinates":[14.995,37.755]},"properties":{"name":"Monte Etna","name_en":"Mount Etna","name_zh":"埃特纳火山","featurecla":"mountain","scalerank":6,"region":"Europe","subregion":"Mediterranean Sea","label":null,"elevation":3322,"wikidataid":null,"min_zoom":6.7}},{"type":"Feature","geometry":{"type":"Point","coordinates":[24.77,35.23]},"properties":{"name":"Psiloritis","name_en":"Mount Ida","name_zh":"伊達山","featurecla":"mountain","scalerank":9,"region":"Europe","subregion":"Mediterranean Sea","label":null,"elevation":2456,"wikidataid":"Q83659","min_zoom":7.2}},{"type":"Feature","geometry":{"type":"Point","coordinates":[14.4,35.86]},"properties":{"name":"Dingli Cliffs","name_en":"Dingli Cliffs","name_zh":"丁格里悬崖","featurecla":"mountain","scalerank":9,"region":"Europe","subregion":"Mediterranean Sea","label":null,"elevation":253,"wikidataid":null,"min_zoom":7.2}},{"type":"Feature","geometry":{"type":"Point","coordinates":[155.605,-6.479]},"properties":{"name":"Takuan","name_en":"Takuan Group","name_zh":"塔观山","featurecla":"mountain","scalerank":7,"region":"Oceania","subregion":"Melanesia","label":"Takuan","elevation":2243,"wikidataid":"Q3117703","min_zoom":7}},{"type":"Feature","geometry":{"type":"Point","coordinates":[160.065,-9.702]},"properties":{"name":"Mount Popomanaseu","name_en":"Mount Popomanaseu","name_zh":"波波马纳休山","featurecla":"mountain","scalerank":7,"region":"Oceania","subregion":"Melanesia","label":null,"elevation":2335,"wikidataid":"Q760819","min_zoom":7}},{"type":"Feature","geometry":{"type":"Point","coordinates":[151.333,-5.05]},"properties":{"name":"Ulawun","name_en":"Ulawun","name_zh":"乌拉旺火山","featurecla":"mountain","scalerank":7,"region":"Oceania","subregion":"Melanesia","label":null,"elevation":2334,"wikidataid":null,"min_zoom":7}},{"type":"Feature","geometry":{"type":"Point","coordinates":[166.751,-15.352]},"properties":{"name":"Mount Tabwemasana","name_en":"Mount Tabwemasana","name_zh":"塔伯威馬薩納山","featurecla":"mountain","scalerank":7,"region":"Oceania","subregion":"Melanesia","label":"Mt. Tabwemasana","elevation":1877,"wikidataid":"Q1542459","min_zoom":7}},{"type":"Feature","geometry":{"type":"Point","coordinates":[166.437,-21.888]},"properties":{"name":"Mont Humboldt","name_en":"Mount Humboldt","name_zh":"洪堡特山","featurecla":"mountain","scalerank":7,"region":"Oceania","subregion":"Melanesia","label":null,"elevation":1618,"wikidataid":"Q1547446","min_zoom":7}},{"type":"Feature","geometry":{"type":"Point","coordinates":[147.543,-8.896]},"properties":{"name":"Mount Victoria","name_en":"Mount Victoria","name_zh":"维多利亚山","featurecla":"mountain","scalerank":7,"region":"Oceania","subregion":"Melanesia","label":"Mt. Victoria","elevation":4038,"wikidataid":"Q2666968","min_zoom":7}},{"type":"Feature","geometry":{"type":"Point","coordinates":[145.033,-5.8]},"properties":{"name":"Mount Wilhelm","name_en":"Mount Wilhelm","name_zh":"威廉峰","featurecla":"mountain","scalerank":6,"region":"Oceania","subregion":"Melanesia","label":"Mt. Wilhelm","elevation":4509,"wikidataid":"Q277441","min_zoom":6.7}},{"type":"Feature","geometry":{"type":"Point","coordinates":[137.166,-4.078]},"properties":{"name":"Puncak Jaya","name_en":"Puncak Jaya","name_zh":"查亞峰","featurecla":"mountain","scalerank":4,"region":"Oceania","subregion":"Melanesia","label":null,"elevation":4884,"wikidataid":"Q1045888","min_zoom":6}},{"type":"Feature","geometry":{"type":"Point","coordinates":[133.983,-1.15]},"properties":{"name":"Gunung Umsini","name_en":"Gunung Umsini","name_zh":"乌姆西尼山","featurecla":"mountain","scalerank":6,"region":"Oceania","subregion":"Melanesia","label":null,"elevation":2970,"wikidataid":"Q19744727","min_zoom":6.7}},{"type":"Feature","geometry":{"type":"Point","coordinates":[129.468,-3.159]},"properties":{"name":"Gunung Binaiya","name_en":"Gunung Binaiya","name_zh":"比奈亚山","featurecla":"mountain","scalerank":6,"region":"Oceania","subregion":"Melanesia","label":null,"elevation":3027,"wikidataid":"Q863497","min_zoom":6.7}},{"type":"Feature","geometry":{"type":"Point","coordinates":[127.972,0.753]},"properties":{"name":"Buku Sulat","name_en":"Buku Saolat","name_zh":"布库苏拉特山","featurecla":"mountain","scalerank":6,"region":"Oceania","subregion":"Melanesia","label":"Buku Sulat","elevation":1508,"wikidataid":"Q24841936","min_zoom":6.7}},{"type":"Feature","geometry":{"type":"Point","coordinates":[152.93,-4.4]},"properties":{"name":null,"name_en":null,"name_zh":null,"featurecla":"spot elevation","scalerank":9,"region":"Oceania","subregion":"Melanesia","label":null,"elevation":2340,"wikidataid":null,"min_zoom":7.2}},{"type":"Feature","geometry":{"type":"Point","coordinates":[167.96,-29.035]},"properties":{"name":"Mount Bates","name_en":"Mount Bates","name_zh":"贝茨山","featurecla":"mountain","scalerank":9,"region":"Oceania","subregion":"Melanesia","label":null,"elevation":319,"wikidataid":"Q1361458","min_zoom":7.2}},{"type":"Feature","geometry":{"type":"Point","coordinates":[154.98,-5.91]},"properties":{"name":"Mount Balbi","name_en":"Mount Balbi","name_zh":"巴爾比火山","featurecla":"mountain","scalerank":9,"region":"Oceania","subregion":"Melanesia","label":null,"elevation":2715,"wikidataid":"Q1298202","min_zoom":7.2}},{"type":"Feature","geometry":{"type":"Point","coordinates":[164.77,-20.59]},"properties":{"name":"Mont Panié","name_en":"Mont Panié","name_zh":"帕尼埃山","featurecla":"mountain","scalerank":9,"region":"Oceania","subregion":"Melanesia","label":null,"elevation":1628,"wikidataid":"Q1945432","min_zoom":7.2}},{"type":"Feature","geometry":{"type":"Point","coordinates":[146.37,-5.95]},"properties":{"name":null,"name_en":null,"name_zh":null,"featurecla":"spot elevation","scalerank":9,"region":"Oceania","subregion":"Melanesia","label":null,"elevation":4125,"wikidataid":null,"min_zoom":7.2}},{"type":"Feature","geometry":{"type":"Point","coordinates":[158.231,6.875]},"properties":{"name":"Ngihneni","name_en":"Mount Nanlaud","name_zh":"恩吉尼山","featurecla":"mountain","scalerank":9,"region":"Oceania","subregion":"Micronesia","label":null,"elevation":791,"wikidataid":null,"min_zoom":7.2}},{"type":"Feature","geometry":{"type":"Point","coordinates":[166.934,-0.524]},"properties":{"name":null,"name_en":null,"name_zh":null,"featurecla":"spot elevation","scalerank":9,"region":"Oceania","subregion":"Micronesia","label":null,"elevation":65,"wikidataid":null,"min_zoom":7.2}},{"type":"Feature","geometry":{"type":"Point","coordinates":[134.59,7.59]},"properties":{"name":"Mount Ngerchelchauus","name_en":"Mount Ngerchelchuus","name_zh":"納格其恰司山","featurecla":"mountain","scalerank":9,"region":"Oceania","subregion":"Micronesia","label":null,"elevation":242,"wikidataid":"Q1191219","min_zoom":7.2}},{"type":"Feature","geometry":{"type":"Point","coordinates":[144.683,13.351]},"properties":{"name":"Mount Lamlam","name_en":"Mount Lamlam","name_zh":"閃電山","featurecla":"mountain","scalerank":9,"region":"Oceania","subregion":"Micronesia","label":null,"elevation":406,"wikidataid":"Q4380977","min_zoom":7.2}},{"type":"Feature","geometry":{"type":"Point","coordinates":[169.314,9.83]},"properties":{"name":null,"name_en":null,"name_zh":null,"featurecla":"spot elevation","scalerank":9,"region":"Oceania","subregion":"Micronesia","label":null,"elevation":10,"wikidataid":null,"min_zoom":7.2}},{"type":"Feature","geometry":{"type":"Point","coordinates":[169.54,-0.86]},"properties":{"name":null,"name_en":null,"name_zh":null,"featurecla":"spot elevation","scalerank":9,"region":"Oceania","subregion":"Micronesia","label":null,"elevation":81,"wikidataid":null,"min_zoom":7.2}},{"type":"Feature","geometry":{"type":"Point","coordinates":[145.679,18.766]},"properties":{"name":null,"name_en":null,"name_zh":null,"featurecla":"spot elevation","scalerank":9,"region":"Oceania","subregion":"Micronesia","label":null,"elevation":965,"wikidataid":null,"min_zoom":7.2}},{"type":"Feature","geometry":{"type":"Point","coordinates":[170.141,-43.596]},"properties":{"name":"Aoraki (Mount Cook)","name_en":"Aoraki / Mount Cook","name_zh":"庫克山","featurecla":"mountain","scalerank":6,"region":"Oceania","subregion":"New Zealand","label":"Aoraki (Mount Cook)","elevation":3754,"wikidataid":"Q5059","min_zoom":6.7}},{"type":"Feature","geometry":{"type":"Point","coordinates":[175.567,-39.283]},"properties":{"name":"Mount Ruapehu","name_en":"Mount Ruapehu","name_zh":"鲁阿佩胡山","featurecla":"mountain","scalerank":6,"region":"Oceania","subregion":"New Zealand","label":"Mt. Ruapehu","elevation":2797,"wikidataid":"Q207284","min_zoom":6.7}},{"type":"Feature","geometry":{"type":"Point","coordinates":[174.065,-39.296]},"properties":{"name":"Mount Taranaki","name_en":"Mount Taranaki","name_zh":"塔拉纳基山","featurecla":"mountain","scalerank":6,"region":"Oceania","subregion":"New Zealand","label":null,"elevation":2518,"wikidataid":"Q850051","min_zoom":6.7}},{"type":"Feature","geometry":{"type":"Point","coordinates":[173.66,-42.0]},"properties":{"name":"Mount Tapuaenuku","name_en":"Tapuae-o-Uenuku","name_zh":"塔普埃努库山","featurecla":"mountain","scalerank":9,"region":"Oceania","subregion":"New Zealand","label":"Tapuaenuku","elevation":2885,"wikidataid":"Q6924042","min_zoom":7.2}},{"type":"Feature","geometry":{"type":"Point","coordinates":[167.92,-46.74]},"properties":{"name":"Mount Anglem","name_en":"Mount Anglem / Hananui","name_zh":"安格伦山","featurecla":"mountain","scalerank":9,"region":"Oceania","subregion":"New Zealand","label":null,"elevation":980,"wikidataid":"Q3070397","min_zoom":7.2}},{"type":"Feature","geometry":{"type":"Point","coordinates":[-16.639,28.271]},"properties":{"name":"Pico del Teide","name_en":"Teide","name_zh":"泰德峰","featurecla":"mountain","scalerank":6,"region":"Africa","subregion":"North Atlantic Ocean","label":null,"elevation":3718,"wikidataid":"Q38954","min_zoom":6.7}},{"type":"Feature","geometry":{"type":"Point","coordinates":[-24.403,14.949]},"properties":{"name":"Pico de Cano","name_en":"Pico do Fogo","name_zh":"卡诺山","featurecla":"mountain","scalerank":6,"region":"Africa","subregion":"North Atlantic Ocean","label":null,"elevation":2829,"wikidataid":null,"min_zoom":6.7}},{"type":"Feature","geometry":{"type":"Point","coordinates":[-6.994,62.3]},"properties":{"name":"Slaettaratindur","name_en":"Slættaratindur","name_zh":"斯莱塔拉山","featurecla":"mountain","scalerank":9,"region":"Europe","subregion":"North Atlantic Ocean","label":null,"elevation":882,"wikidataid":"Q738746","min_zoom":7.2}},{"type":"Feature","geometry":{"type":"Point","coordinates":[-28.4,38.47]},"properties":{"name":"Pico Alto","name_en":"Mount Pico","name_zh":"皮库山","featurecla":"mountain","scalerank":9,"region":"Seven seas (open ocean)","subregion":"North Atlantic Ocean","label":null,"elevation":2351,"wikidataid":"Q928681","min_zoom":7.2}},{"type":"Feature","geometry":{"type":"Point","coordinates":[-155.468,19.82]},"properties":{"name":"Mauna Kea","name_en":"Mauna Kea","name_zh":"冒纳凯阿火山","featurecla":"mountain","scalerank":6,"region":"Oceania","subregion":"Polynesia","label":null,"elevation":4205,"wikidataid":"Q131230","min_zoom":6.7}},{"type":"Feature","geometry":{"type":"Point","coordinates":[-156.221,20.72]},"properties":{"name":"Haleakalā","name_en":"Haleakalā","name_zh":"哈莱阿卡拉山","featurecla":"mountain","scalerank":6,"region":"Oceania","subregion":"Polynesia","label":null,"elevation":3055,"wikidataid":null,"min_zoom":6.7}},{"type":"Feature","geometry":{"type":"Point","coordinates":[179.204,-8.516]},"properties":{"name":null,"name_en":null,"name_zh":null,"featurecla":"spot elevation","scalerank":9,"region":"Oceania","subregion":"Polynesia","label":null,"elevation":5,"wikidataid":null,"min_zoom":7.2}},{"type":"Feature","geometry":{"type":"Point","coordinates":[-159.789,-21.212]},"properties":{"name":"Te Manga","name_en":"Te Manga","name_zh":"特曼加山","featurecla":"mountain","scalerank":9,"region":"Oceania","subregion":"Polynesia","label":null,"elevation":652,"wikidataid":"Q498069","min_zoom":7.2}},{"type":"Feature","geometry":{"type":"Point","coordinates":[-130.102,-25.072]},"properties":{"name":null,"name_en":null,"name_zh":null,"featurecla":"spot elevation","scalerank":9,"region":"Oceania","subregion":"Polynesia","label":null,"elevation":347,"wikidataid":null,"min_zoom":7.2}},{"type":"Feature","geometry":{"type":"Point","coordinates":[-169.872,-19.003]},"properties":{"name":null,"name_en":null,"name_zh":null,"featurecla":"spot elevation","scalerank":9,"region":"Oceania","subregion":"Polynesia","label":null,"elevation":68,"wikidataid":null,"min_zoom":7.2}},{"type":"Feature","geometry":{"type":"Point","coordinates":[-178.155,-14.269]},"properties":{"name":"Mont Singave","name_en":"Mont Singavi","name_zh":"辛加夫山","featurecla":"mountain","scalerank":9,"region":"Oceania","subregion":"Polynesia","label":null,"elevation":762,"wikidataid":null,"min_zoom":7.2}},{"type":"Feature","geometry":{"type":"Point","coordinates":[-149.484,-17.617]},"properties":{"name":"Mont Orohena","name_en":"Mont Orohena","name_zh":"奥罗黑纳山","featurecla":"mountain","scalerank":9,"region":"Oceania","subregion":"Polynesia","label":null,"elevation":2241,"wikidataid":"Q512465","min_zoom":7.2}},{"type":"Feature","geometry":{"type":"Point","coordinates":[-140.12,-8.85]},"properties":{"name":"Mont Ooumu","name_en":"Mont Ooumu","name_zh":"奥姆山","featurecla":"mountain","scalerank":9,"region":"Oceania","subregion":"Polynesia","label":null,"elevation":1185,"wikidataid":null,"min_zoom":7.2}},{"type":"Feature","geometry":{"type":"Point","coordinates":[-172.49,-13.61]},"properties":{"name":"Mauga Silisili","name_en":"Silisili","name_zh":"西利西利山","featurecla":"mountain","scalerank":9,"region":"Oceania","subregion":"Polynesia","label":null,"elevation":1858,"wikidataid":"Q1147814","min_zoom":7.2}},{"type":"Feature","geometry":{"type":"Point","coordinates":[-169.486,-14.245]},"properties":{"name":"Lata Mountain","name_en":"Lata Mountain","name_zh":"拉塔山","featurecla":"mountain","scalerank":9,"region":"Oceania","subregion":"Polynesia","label":null,"elevation":966,"wikidataid":"Q1226878","min_zoom":7.2}},{"type":"Feature","geometry":{"type":"Point","coordinates":[-175.076,-19.746]},"properties":{"name":"Kao","name_en":"Kao","name_zh":"高岛","featurecla":"mountain","scalerank":9,"region":"Oceania","subregion":"Polynesia","label":null,"elevation":1109,"wikidataid":"Q1520405","min_zoom":7.2}},{"type":"Feature","geometry":{"type":"Point","coordinates":[-160.02,-0.38]},"properties":{"name":null,"name_en":null,"name_zh":null,"featurecla":"spot elevation","scalerank":9,"region":"Oceania","subregion":"Polynesia","label":null,"elevation":23,"wikidataid":null,"min_zoom":7.2}},{"type":"Feature","geometry":{"type":"Point","coordinates":[-171.854,-9.176]},"properties":{"name":null,"name_en":null,"name_zh":null,"featurecla":"spot elevation","scalerank":9,"region":"Oceania","subregion":"Polynesia","label":null,"elevation":5,"wikidataid":null,"min_zoom":7.2}},{"type":"Feature","geometry":{"type":"Point","coordinates":[-36.551,-54.422]},"properties":{"name":"Mount Paget","name_en":"Mount Paget","name_zh":"帕吉特山","featurecla":"mountain","scalerank":6,"region":"Seven seas (open ocean)","subregion":"Southern Atlantic Ocean","label":"Mt. Paget","elevation":2915,"wikidataid":"Q1573762","min_zoom":6.7}},{"type":"Feature","geometry":{"type":"Point","coordinates":[69.512,-49.579]},"properties":{"name":"Grand Ross","name_en":"Mont Ross","name_zh":"羅斯山","featurecla":"mountain","scalerank":6,"region":"Seven seas (open ocean)","subregion":"South Indian Ocean","label":null,"elevation":1850,"wikidataid":"Q1945447","min_zoom":6.7}},{"type":"Feature","geometry":{"type":"Point","coordinates":[73.52,-53.1]},"properties":{"name":"Big Ben","name_en":"Big Ben","name_zh":"大本钟山","featurecla":"mountain","scalerank":9,"region":"Seven seas (open ocean)","subregion":"South Indian Ocean","label":null,"elevation":2745,"wikidataid":null,"min_zoom":7.2}},{"type":"Feature","geometry":{"type":"Point","coordinates":[-70.998,19.023]},"properties":{"name":"Pico Duarte","name_en":"Pico Duarte","name_zh":"杜阿尔特峰","featurecla":"mountain","scalerank":6,"region":"North America","subregion":"West Indies","label":null,"elevation":3098,"wikidataid":"Q783742","min_zoom":6.7}},{"type":"Feature","geometry":{"type":"Point","coordinates":[-65.8,18.31]},"properties":{"name":"Pico El Yunque","name_en":"El Yunque","name_zh":"云克山","featurecla":"mountain","scalerank":6,"region":"North America","subregion":"West Indies","label":null,"elevation":1055,"wikidataid":"Q3721036","min_zoom":6.7}},{"type":"Feature","geometry":{"type":"Point","coordinates":[-76.836,19.989]},"properties":{"name":"Pico Turquino","name_en":"Pico Turquino","name_zh":"图基诺峰","featurecla":"mountain","scalerank":6,"region":"North America","subregion":"West Indies","label":null,"elevation":1974,"wikidataid":"Q1145743","min_zoom":6.7}},{"type":"Feature","geometry":{"type":"Point","coordinates":[-76.593,18.063]},"properties":{"name":"Blue Mountain Peak","name_en":"Blue Mountain Peak","name_zh":"蓝山峰","featurecla":"mountain","scalerank":6,"region":"North America","subregion":"West Indies","label":"Blue Mountain Pk.","elevation":2256,"wikidataid":"Q885798","min_zoom":6.7}},{"type":"Feature","geometry":{"type":"Point","coordinates":[-62.19,16.723]},"properties":{"name":"Soufrière Hills Volcano","name_en":"Soufrière Hills","name_zh":"苏弗里埃尔火山","featurecla":"mountain","scalerank":9,"region":"North America","subregion":"West Indies","label":"Soufrière Hills Volcano","elevation":914,"wikidataid":"Q845239","min_zoom":7.2}},{"type":"Feature","geometry":{"type":"Point","coordinates":[-71.98,18.36]},"properties":{"name":"Pic la Selle","name_en":"Pic la Selle","name_zh":"塞莱山","featurecla":"mountain","scalerank":9,"region":"North America","subregion":"West Indies","label":null,"elevation":2680,"wikidataid":"Q1971319","min_zoom":7.2}},{"type":"Feature","geometry":{"type":"Point","coordinates":[-63.05,18.08]},"properties":{"name":"Pic du Paradis","name_en":"Pic Paradis","name_zh":"帕拉迪斯峰","featurecla":"mountain","scalerank":9,"region":"North America","subregion":"West Indies","label":null,"elevation":420,"wikidataid":"Q5919800","min_zoom":7.2}},{"type":"Feature","geometry":{"type":"Point","coordinates":[-63.24,17.63]},"properties":{"name":"Mount Scenery","name_en":"Mount Scenery","name_zh":"齐纳利山","featurecla":"mountain","scalerank":9,"region":"North America","subregion":"West Indies","label":null,"elevation":870,"wikidataid":"Q1301834","min_zoom":7.2}},{"type":"Feature","geometry":{"type":"Point","coordinates":[-61.677,12.163]},"properties":{"name":"Mount Saint Catherine","name_en":"Mount Saint Catherine","name_zh":"聖凱瑟琳山","featurecla":"mountain","scalerank":9,"region":"North America","subregion":"West Indies","label":null,"elevation":840,"wikidataid":"Q525281","min_zoom":7.2}},{"type":"Feature","geometry":{"type":"Point","coordinates":[-64.653,18.417]},"properties":{"name":"Mount Sage","name_en":"Mount Sage","name_zh":"萨杰山","featurecla":"mountain","scalerank":9,"region":"North America","subregion":"West Indies","label":null,"elevation":521,"wikidataid":"Q6357023","min_zoom":7.2}},{"type":"Feature","geometry":{"type":"Point","coordinates":[-61.837,17.043]},"properties":{"name":"Mount Obama","name_en":"Mount Obama","name_zh":"歐巴馬山","featurecla":"mountain","scalerank":9,"region":"North America","subregion":"West Indies","label":null,"elevation":402,"wikidataid":"Q1718336","min_zoom":7.2}},{"type":"Feature","geometry":{"type":"Point","coordinates":[-62.807,17.367]},"properties":{"name":"Mount Misery","name_en":"Mount Misery","name_zh":"米斯里山","featurecla":"mountain","scalerank":9,"region":"North America","subregion":"West Indies","label":null,"elevation":1156,"wikidataid":null,"min_zoom":7.2}},{"type":"Feature","geometry":{"type":"Point","coordinates":[-59.58,13.21]},"properties":{"name":"Mount Hillaby","name_en":"Mount Hillaby","name_zh":"希拉比山","featurecla":"mountain","scalerank":9,"region":"North America","subregion":"West Indies","label":null,"elevation":340,"wikidataid":"Q1854502","min_zoom":7.2}},{"type":"Feature","geometry":{"type":"Point","coordinates":[-61.01,13.86]},"properties":{"name":"Mount Gimie","name_en":"Mount Gimie","name_zh":"吉米山","featurecla":"mountain","scalerank":9,"region":"North America","subregion":"West Indies","label":null,"elevation":950,"wikidataid":"Q1811114","min_zoom":7.2}},{"type":"Feature","geometry":{"type":"Point","coordinates":[-75.41,24.29]},"properties":{"name":"Mount Alvernia","name_en":"Mount Alvernia","name_zh":"阿维尼亚山","featurecla":"mountain","scalerank":9,"region":"North America","subregion":"West Indies","label":null,"elevation":63,"wikidataid":"Q746274","min_zoom":7.2}},{"type":"Feature","geometry":{"type":"Point","coordinates":[-62.83,17.907]},"properties":{"name":"Morne du Vilet","name_en":"Morne du Vitet","name_zh":"维莱特山","featurecla":"mountain","scalerank":9,"region":"North America","subregion":"West Indies","label":"Morne du Vilet","elevation":281,"wikidataid":"Q3055081","min_zoom":7.2}},{"type":"Feature","geometry":{"type":"Point","coordinates":[-61.4,15.5]},"properties":{"name":"Morne Diablotins","name_en":"Morne Diablotins","name_zh":"迪亚布洛廷火山","featurecla":"mountain","scalerank":9,"region":"North America","subregion":"West Indies","label":null,"elevation":1447,"wikidataid":"Q1638549","min_zoom":7.2}},{"type":"Feature","geometry":{"type":"Point","coordinates":[-61.173,14.82]},"properties":{"name":"Montagne Pelée","name_en":"Mount Pelée","name_zh":"培雷火山","featurecla":"mountain","scalerank":9,"region":"North America","subregion":"West Indies","label":null,"elevation":1397,"wikidataid":"Q76309","min_zoom":7.2}},{"type":"Feature","geometry":{"type":"Point","coordinates":[-61.66,16.04]},"properties":{"name":"La Soufrière","name_en":"La Soufrière","name_zh":"圣文森特苏弗里耶尔火山","featurecla":"mountain","scalerank":9,"region":"North America","subregion":"West Indies","label":null,"elevation":1467,"wikidataid":"Q26544","min_zoom":7.2}},{"type":"Feature","geometry":{"type":"Point","coordinates":[-61.18,13.35]},"properties":{"name":"La Soufrière","name_en":"La Soufrière","name_zh":"圣文森特苏弗里耶尔火山","featurecla":"mountain","scalerank":9,"region":"North America","subregion":"West Indies","label":null,"elevation":1234,"wikidataid":"Q26544","min_zoom":7.2}},{"type":"Feature","geometry":{"type":"Point","coordinates":[-69.94,12.49]},"properties":{"name":"Jamanota","name_en":"Mount Jamanota","name_zh":"哈马诺塔山","featurecla":"mountain","scalerank":9,"region":"North America","subregion":"West Indies","label":null,"elevation":188,"wikidataid":"Q594885","min_zoom":7.2}},{"type":"Feature","geometry":{"type":"Point","coordinates":[-64.97,18.36]},"properties":{"name":"Crown Mountain","name_en":"Crown Mountain","name_zh":"皇冠山","featurecla":"mountain","scalerank":9,"region":"North America","subregion":"West Indies","label":null,"elevation":473,"wikidataid":"Q3005470","min_zoom":7.2}},{"type":"Feature","geometry":{"type":"Point","coordinates":[-63.06,18.223]},"properties":{"name":"Crocus Hill","name_en":"Crocus Hill","name_zh":"克罗科斯山","featurecla":"mountain","scalerank":9,"region":"North America","subregion":"West Indies","label":null,"elevation":65,"wikidataid":"Q3003173","min_zoom":7.2}},{"type":"Feature","geometry":{"type":"Point","coordinates":[-63.91,11.01]},"properties":{"name":"Cerro El Copey","name_en":"Cerro El Copey","name_zh":"科佩山","featurecla":"mountain","scalerank":9,"region":"South America","subregion":"West Indies","label":null,"elevation":957,"wikidataid":null,"min_zoom":7.2}},{"type":"Feature","geometry":{"type":"Point","coordinates":[-66.59,18.17]},"properties":{"name":"Cerro de Punta","name_en":"Cerro de Punta","name_zh":"德蓬塔山","featurecla":"mountain","scalerank":9,"region":"North America","subregion":"West Indies","label":null,"elevation":1338,"wikidataid":"Q2714342","min_zoom":7.2}},{"type":"Feature","geometry":{"type":"Point","coordinates":[-72.3,21.8]},"properties":{"name":"Blue Hills","name_en":"Blue Hills","name_zh":"蓝山","featurecla":"mountain","scalerank":9,"region":"North America","subregion":"West Indies","label":"Blue Hills","elevation":49,"wikidataid":"Q3492008","min_zoom":7.2}},{"type":"Feature","geometry":{"type":"Point","coordinates":[-61.25,10.72]},"properties":{"name":"Aripo Peak","name_en":"El Cerro del Aripo","name_zh":"阿里波峰","featurecla":"mountain","scalerank":9,"region":"South America","subregion":"West Indies","label":"Aripo Peak","elevation":940,"wikidataid":"Q1056103","min_zoom":7.2}},{"type":"Feature","geometry":{"type":"Point","coordinates":[-79.73,19.75]},"properties":{"name":"The Bluff","name_en":"The Bluff","name_zh":"布拉夫山","featurecla":"mountain","scalerank":9,"region":"North America","subregion":"West Indies","label":null,"elevation":43,"wikidataid":"Q3491681","min_zoom":7.2}},{"type":"Feature","geometry":{"type":"Point","coordinates":[-37.382,-7.245]},"properties":{"name":"Pico do Jabre","name_en":"Pico do Jabre","name_zh":"雅布里山","featurecla":"mountain","scalerank":6,"region":"South America","subregion":null,"label":null,"elevation":1197,"wikidataid":"Q2154955","min_zoom":6.7}},{"type":"Feature","geometry":{"type":"Point","coordinates":[-40.141,-4.791]},"properties":{"name":"Pico Serra Branca","name_en":"Serra Branca","name_zh":"塞拉布兰卡","featurecla":"mountain","scalerank":6,"region":"South America","subregion":null,"label":"Pico Serra Branca","elevation":1154,"wikidataid":"Q22027674","min_zoom":6.7}},{"type":"Feature","geometry":{"type":"Point","coordinates":[-50.349,-6.375]},"properties":{"name":"Serra dos Carajás-Pico","name_en":"Carajás Mountains","name_zh":"卡拉亚斯皮科山脉","featurecla":"mountain","scalerank":6,"region":"South America","subregion":null,"label":null,"elevation":898,"wikidataid":null,"min_zoom":6.7}},{"type":"Feature","geometry":{"type":"Point","coordinates":[-68.537,-24.72]},"properties":{"name":"Volcán Llullaillaco","name_en":"Llullaillaco","name_zh":"尤耶亚科山","featurecla":"mountain","scalerank":6,"region":"South America","subregion":null,"label":null,"elevation":6739,"wikidataid":"Q214916","min_zoom":6.7}},{"type":"Feature","geometry":{"type":"Point","coordinates":[-67.785,-16.654]},"properties":{"name":"Nevado Illimani","name_en":"Illimani","name_zh":"伊宜馬尼峰","featurecla":"mountain","scalerank":6,"region":"South America","subregion":null,"label":null,"elevation":6402,"wikidataid":"Q148521","min_zoom":6.7}},{"type":"Feature","geometry":{"type":"Point","coordinates":[-68.894,-18.102]},"properties":{"name":"Nevado Sajama","name_en":"Nevado Sajama","name_zh":"萨哈马火山","featurecla":"mountain","scalerank":6,"region":"South America","subregion":null,"label":null,"elevation":6542,"wikidataid":"Q272593","min_zoom":6.7}},{"type":"Feature","geometry":{"type":"Point","coordinates":[-68.472,-21.228]},"properties":{"name":"Aucanquilcha","name_en":"Aucanquilcha","name_zh":"奧坎基爾查峰","featurecla":"mountain","scalerank":6,"region":"South America","subregion":null,"label":null,"elevation":6176,"wikidataid":"Q758574","min_zoom":6.7}},{"type":"Feature","geometry":{"type":"Point","coordinates":[-60.026,-18.116]},"properties":{"name":"Serrania de Santiago","name_en":"Serrania de Santiago","name_zh":"圣地亚哥山脉","featurecla":"mountain","scalerank":6,"region":"South America","subregion":null,"label":null,"elevation":1555,"wikidataid":"Q21792454","min_zoom":6.7}},{"type":"Feature","geometry":{"type":"Point","coordinates":[-54.927,-15.15]},"properties":{"name":null,"name_en":null,"name_zh":null,"featurecla":"spot elevation","scalerank":6,"region":"South America","subregion":null,"label":null,"elevation":904,"wikidataid":null,"min_zoom":6.7}},{"type":"Feature","geometry":{"type":"Point","coordinates":[-71.233,-13.8]},"properties":{"name":"Nevado Auzangate","name_en":"Ausangate","name_zh":"奧桑加特山","featurecla":"mountain","scalerank":6,"region":"South America","subregion":null,"label":"Nevado Auzangate","elevation":6372,"wikidataid":"Q777794","min_zoom":6.7}},{"type":"Feature","geometry":{"type":"Point","coordinates":[-72.65,-15.517]},"properties":{"name":"Nevado Coropuna","name_en":"Coropuna","name_zh":"科羅普納峰","featurecla":"mountain","scalerank":6,"region":"South America","subregion":null,"label":null,"elevation":6425,"wikidataid":"Q946035","min_zoom":6.7}},{"type":"Feature","geometry":{"type":"Point","coordinates":[-77.609,-9.121]},"properties":{"name":"Nevado Huascarán","name_en":"Huascarán","name_zh":"瓦斯卡兰山","featurecla":"mountain","scalerank":6,"region":"South America","subregion":null,"label":null,"elevation":6768,"wikidataid":"Q200935","min_zoom":6.7}},{"type":"Feature","geometry":{"type":"Point","coordinates":[-77.367,1.217]},"properties":{"name":"Volcán Galeras","name_en":"Galeras","name_zh":"加勒拉斯火山","featurecla":"mountain","scalerank":6,"region":"South America","subregion":null,"label":null,"elevation":4276,"wikidataid":"Q235062","min_zoom":6.7}},{"type":"Feature","geometry":{"type":"Point","coordinates":[-78.817,-1.469]},"properties":{"name":"Chimborazo","name_en":"Chimborazo volcano","name_zh":"钦博拉索山","featurecla":"mountain","scalerank":4,"region":"South America","subregion":null,"label":null,"elevation":6267,"wikidataid":"Q14081","min_zoom":6}},{"type":"Feature","geometry":{"type":"Point","coordinates":[-71.053,8.553]},"properties":{"name":"Pico Bolívar","name_en":"Pico Bolívar","name_zh":"玻利瓦尔峰","featurecla":"mountain","scalerank":4,"region":"South America","subregion":null,"label":null,"elevation":4980,"wikidataid":"Q213704","min_zoom":6}},{"type":"Feature","geometry":{"type":"Point","coordinates":[-70.016,-32.656]},"properties":{"name":"Cerro Aconcagua","name_en":"Aconcagua","name_zh":"阿空加瓜山","featurecla":"mountain","scalerank":2,"region":"South America","subregion":null,"label":null,"elevation":6959,"wikidataid":"Q39739","min_zoom":5}},{"type":"Feature","geometry":{"type":"Point","coordinates":[-64.916,-31.992]},"properties":{"name":"Cerro Champaquí","name_en":"Mount Champaquí","name_zh":"錢帕基山","featurecla":"mountain","scalerank":4,"region":"South America","subregion":null,"label":null,"elevation":2770,"wikidataid":"Q1061148","min_zoom":6}},{"type":"Feature","geometry":{"type":"Point","coordinates":[-63.969,-42.624]},"properties":{"name":null,"name_en":null,"name_zh":null,"featurecla":"depression","scalerank":2,"region":"South America","subregion":null,"label":null,"elevation":-40,"wikidataid":null,"min_zoom":5}},{"type":"Feature","geometry":{"type":"Point","coordinates":[-66.376,5.452]},"properties":{"name":"Cero Raya","name_en":"Cerro La Raya","name_zh":"莱雅山","featurecla":"mountain","scalerank":2,"region":"South America","subregion":null,"label":null,"elevation":2070,"wikidataid":null,"min_zoom":5}},{"type":"Feature","geometry":{"type":"Point","coordinates":[-74.5,-49.32]},"properties":{"name":null,"name_en":null,"name_zh":null,"featurecla":"spot elevation","scalerank":9,"region":"South America","subregion":null,"label":null,"elevation":1520,"wikidataid":null,"min_zoom":7.2}},{"type":"Feature","geometry":{"type":"Point","coordinates":[-73.89,2.64]},"properties":{"name":null,"name_en":null,"name_zh":null,"featurecla":"spot elevation","scalerank":9,"region":"South America","subregion":null,"label":null,"elevation":2615,"wikidataid":null,"min_zoom":7.2}},{"type":"Feature","geometry":{"type":"Point","coordinates":[-72.3,6.49]},"properties":{"name":"Ritacuba Blanco","name_en":"Ritacuba Blanco","name_zh":"白里塔库巴峰","featurecla":"mountain","scalerank":9,"region":"South America","subregion":null,"label":null,"elevation":5410,"wikidataid":"Q2648857","min_zoom":7.2}},{"type":"Feature","geometry":{"type":"Point","coordinates":[-66.78,10.54]},"properties":{"name":"Pico Naiguatá","name_en":"Pico Naiguatá","name_zh":"奈瓜塔峰","featurecla":"mountain","scalerank":9,"region":"South America","subregion":null,"label":null,"elevation":2765,"wikidataid":"Q7191016","min_zoom":7.2}},{"type":"Feature","geometry":{"type":"Point","coordinates":[-44.84,-22.43]},"properties":{"name":"Pico da Pedra da Mina","name_en":"Pedra da Mina","name_zh":"佩德拉米纳山","featurecla":"mountain","scalerank":9,"region":"South America","subregion":null,"label":"Pico da Pedra da Mina","elevation":2798,"wikidataid":"Q2328821","min_zoom":7.2}},{"type":"Feature","geometry":{"type":"Point","coordinates":[-47.49,-13.99]},"properties":{"name":"Chapada dos Veadeiros","name_en":"Chapada dos Veadeiros","name_zh":"韦阿代鲁斯高地","featurecla":"mountain","scalerank":9,"region":"South America","subregion":null,"label":null,"elevation":1691,"wikidataid":null,"min_zoom":7.2}},{"type":"Feature","geometry":{"type":"Point","coordinates":[-56.16,-25.88]},"properties":{"name":"Cerro Tres Kandú","name_en":"Cerro Tres Kandú","name_zh":"佩龙丘","featurecla":"mountain","scalerank":9,"region":"South America","subregion":null,"label":null,"elevation":842,"wikidataid":"Q1055965","min_zoom":7.2}},{"type":"Feature","geometry":{"type":"Point","coordinates":[-60.64,-19.3]},"properties":{"name":"Cerro San Miguel","name_en":"Cerro San Miguel","name_zh":"圣米格尔山","featurecla":"mountain","scalerank":9,"region":"South America","subregion":null,"label":null,"elevation":830,"wikidataid":"Q5403409","min_zoom":7.2}},{"type":"Feature","geometry":{"type":"Point","coordinates":[-65.41,3.66]},"properties":{"name":"Cerro Marahuaca","name_en":"Cerro Marahuaca","name_zh":"馬拉瓦卡峰","featurecla":"mountain","scalerank":9,"region":"South America","subregion":null,"label":null,"elevation":2832,"wikidataid":"Q286476","min_zoom":7.2}},{"type":"Feature","geometry":{"type":"Point","coordinates":[-73.09,-0.73]},"properties":{"name":"Cerro Maine Hanari","name_en":"Cerro Maine Hanarí","name_zh":"缅因哈纳利山","featurecla":"mountain","scalerank":9,"region":"South America","subregion":null,"label":null,"elevation":860,"wikidataid":"Q23685928","min_zoom":7.2}},{"type":"Feature","geometry":{"type":"Point","coordinates":[-69.6,-54.66]},"properties":{"name":"Cerro Darwin","name_en":"Mount Darwin","name_zh":"達爾文山","featurecla":"mountain","scalerank":9,"region":"South America","subregion":null,"label":null,"elevation":2580,"wikidataid":"Q1815821","min_zoom":7.2}},{"type":"Feature","geometry":{"type":"Point","coordinates":[-54.66,-34.34]},"properties":{"name":"Cerro Catedral","name_en":"Cerro Catedral","name_zh":"卡特德拉爾山","featurecla":"mountain","scalerank":9,"region":"South America","subregion":null,"label":null,"elevation":514,"wikidataid":"Q1055837","min_zoom":7.2}},{"type":"Feature","geometry":{"type":"Point","coordinates":[-70.97,-33.97]},"properties":{"name":"Cerro Cantillana","name_en":"Cerro Cantillana","name_zh":"坎蒂拉纳山","featurecla":"mountain","scalerank":9,"region":"South America","subregion":null,"label":null,"elevation":2281,"wikidataid":"Q23651555","min_zoom":7.2}},{"type":"Feature","geometry":{"type":"Point","coordinates":[-53.52,3.58]},"properties":{"name":"Bellevue de L'Inini","name_en":"Bellevue de l'Inini","name_zh":"贝尔德尼尼山","featurecla":"mountain","scalerank":9,"region":"South America","subregion":null,"label":null,"elevation":851,"wikidataid":"Q2550799","min_zoom":7.2}},{"type":"Feature","geometry":{"type":"Point","coordinates":[-77.24,6.08]},"properties":{"name":"Alto de Buey","name_en":"Alto del Buey","name_zh":"比埃山","featurecla":"mountain","scalerank":9,"region":"South America","subregion":null,"label":null,"elevation":1810,"wikidataid":"Q23696492","min_zoom":7.2}},{"type":"Feature","geometry":{"type":"Point","coordinates":[-158.258,-77.111]},"properties":{"name":"Cape Colbeck","name_en":"Cape Colbeck","name_zh":"科貝克角","featurecla":"cape","scalerank":6,"region":"Antarctica","subregion":null,"label":null,"elevation":4069,"wikidataid":"Q1990087","min_zoom":6.7}},{"type":"Feature","geometry":{"type":"Point","coordinates":[-64.76,32.31]},"properties":{"name":"Town Hill","name_en":"Town Hill","name_zh":"托恩山","featurecla":"mountain","scalerank":9,"region":"Seven seas (open ocean)","subregion":"North Atlantic Ocean","label":null,"elevation":79,"wikidataid":"Q6421145","min_zoom":7.2}},{"type":"Feature","geometry":{"type":"Point","coordinates":[-12.267,-37.094]},"properties":{"name":"Queen Mary's Peak","name_en":"Queen Mary's Peak","name_zh":"瑪麗皇后峰","featurecla":"mountain","scalerank":9,"region":"Seven seas (open ocean)","subregion":"Southern Atlantic Ocean","label":null,"elevation":2060,"wikidataid":"Q2062890","min_zoom":8}},{"type":"Feature","geometry":{"type":"Point","coordinates":[3.4,-54.42]},"properties":{"name":"Olavtoppen","name_en":"Olavtoppen","name_zh":"奧拉夫峰","featurecla":"mountain","scalerank":9,"region":"Seven seas (open ocean)","subregion":"Southern Atlantic Ocean","label":null,"elevation":780,"wikidataid":"Q618361","min_zoom":7.2}},{"type":"Feature","geometry":{"type":"Point","coordinates":[105.617,-10.486]},"properties":{"name":"Murray Hill","name_en":"Murray Hill","name_zh":"默里山","featurecla":"mountain","scalerank":9,"region":"Seven seas (open ocean)","subregion":"Indian Ocean","label":null,"elevation":356,"wikidataid":"Q524471","min_zoom":7.2}},{"type":"Feature","geometry":{"type":"Point","coordinates":[96.9,-12.18]},"properties":{"name":null,"name_en":null,"name_zh":null,"featurecla":"spot elevation","scalerank":9,"region":"Seven seas (open ocean)","subregion":"Indian Ocean","label":null,"elevation":5,"wikidataid":null,"min_zoom":7.2}}]}